analysis_id,analysis_name,database_id,total_fails,min_sample_size,max_sample_size,prop_with_calendar_time,prop_in_age_range,prop_with_age_at_first_obs,prop_with_ethnicity_criteria,prop_with_gender_criteria,prop_with_longitudinal_criteria,prop_with_race_criteria,prop_with_required_comparator_concepts,prop_with_required_domain,prop_with_required_outcome_concepts,prop_with_required_target_concepts,prop_meas_records_with_values,prop_with_procedure_criteria,prop_with_observation_criteria,prop_with_death_criteria
1,DPP4I main_GLP1RA main_3-point MACE,US_OPEN_CLAIMS_20230313,0,2984398,14070770,0,0,0,0,0,0,0,0,0,0,0,NA,NA,NA,NA
1,DPP4I main_GLP1RA main_3-point MACE,truven_ccae_2324_20230201,0,626883,1477240,0,0,0,0,0,0,0,0,0,0,0,NA,NA,NA,NA
1,DPP4I main_GLP1RA main_3-point MACE,optum_extended_dod_2323_20230201,0,599920,1319840,0,0,0,0,0,0,0,0,0,0,0,NA,NA,NA,NA
1,DPP4I main_GLP1RA main_3-point MACE,optum_extended_ses_2327_20230204,0,599919,1319840,0,0,0,0,0,0,0,0,0,0,0,NA,NA,NA,NA
1,DPP4I main_GLP1RA main_3-point MACE,US_PharMetrics_Plus_20230330,0,546343,1455410,0,0,0,0,0,0,0,0,0,0,0,NA,NA,NA,NA
1,DPP4I main_GLP1RA main_3-point MACE,optum_ehr_2247_20221205,0,381202,1326580,0,0,0,0,0,0,0,0,0,0,0,NA,NA,NA,NA
1,DPP4I main_GLP1RA main_3-point MACE,truven_mdcr_2322_20230127,0,193421,240010,0,0,0,0,0,0,0,0,0,0,0,NA,NA,NA,NA
1,DPP4I main_GLP1RA main_3-point MACE,pmtx_202203_20220831,0,113907,307900,0,0,0,0,0,0,0,0,0,0,0,NA,NA,NA,NA
1,DPP4I main_GLP1RA main_3-point MACE,VA-OMOP_20230411,0,74531,502090,0,0,0,0,0,0,0,0,0,0,0,NA,NA,NA,NA
1,DPP4I main_GLP1RA main_3-point MACE,truven_mdcd_2359_20230215,0,53891,249690,0,0,0,0,0,0,0,0,0,0,0,NA,NA,NA,NA
1,DPP4I main_GLP1RA main_3-point MACE,UK_IMRD_THIN_20221230,0,32984,61890,0,0,0,0,0,0,0,0,0,0,0,NA,NA,NA,NA
1,DPP4I main_GLP1RA main_3-point MACE,IQVIA_Germany_DA_20230124,0,25687,126110,0,0,0,0,0,0,0,0,0,0,0,NA,NA,NA,NA
1,DPP4I main_GLP1RA main_3-point MACE,France_LPD_20230118,0,19374,75340,0,0,0,0,0,0,0,0,0,0,0,NA,NA,NA,NA
1,DPP4I main_GLP1RA main_3-point MACE,jmdc_2325_20230126,0,15225,30460,0,0,0,0,0,0,0,0,0,0,0,NA,NA,NA,NA
1,DPP4I main_GLP1RA main_3-point MACE,UK_IMRD_EMIS_20230215,0,13027,29840,0,0,0,0,0,0,0,0,0,0,0,NA,NA,NA,NA
1,DPP4I main_GLP1RA main_3-point MACE,Japan_Claims_20230215,0,10987,31930,0,0,0,0,0,0,0,0,0,0,0,NA,NA,NA,NA
1,DPP4I main_GLP1RA main_3-point MACE,LPD_Italy_20221226,0,8350,18410,0,0,0,0,0,0,0,0,0,0,0,NA,NA,NA,NA
1,DPP4I main_GLP1RA main_3-point MACE,JHM_OMOP_20230406,0,7300,19650,0,0,0,0,0,0,0,0,0,0,0,NA,NA,NA,NA
1,DPP4I main_GLP1RA main_3-point MACE,CUIMC_20221214,0,6690,57670,0,0,0,0,0,0,0,0,0,0,0,NA,NA,NA,NA
1,DPP4I main_GLP1RA main_3-point MACE,IQVIA_France_DA_20230201,0,5799,24940,0,0,0,0,0,0,0,0,0,0,0,NA,NA,NA,NA
1,DPP4I main_GLP1RA main_3-point MACE,LPD_Spain_20220704,0,3795,12030,0,0,0,0,0,0,0,0,0,0,0,NA,NA,NA,NA
1,DPP4I main_GLP1RA main_3-point MACE,IQVIA_Belgium_LPD_20221006,0,2933,8620,0,0,0,0,0,0,0,0,0,0,0,NA,NA,NA,NA
1,DPP4I main_GLP1RA main_3-point MACE,US_Hospital_20230130,0,2639,14000,0,0,0,0,0,0,0,0,0,0,0,NA,NA,NA,NA
1,DPP4I main_GLP1RA main_3-point MACE,Australia_EMR_20230317,0,835,6300,0,0,0,0,0,0,0,0,0,0,0,NA,NA,NA,NA
1,DPP4I main_GLP1RA main_3-point MACE,AUSOM_20220228,0,699,3190,0,0,0,0,0,0,0,0,0,0,0,NA,NA,NA,NA
1,DPP4I main_GLP1RA main_3-point MACE,TMUCRD_20210406,0,433,3150,0,0,0,0,0,0,0,0,0,0,0,NA,NA,NA,NA
1,DPP4I main_GLP1RA main_3-point MACE,RED_CDM_Tufts_20221005,0,113,1860,0,0,0,0,0,0,0,0,0,0,0,NA,NA,NA,NA
1,DPP4I main_GLP1RA main_3-point MACE,Japan_HIS_20220120,0,108,2830,0,0,0,0,0,0,0,0,0,0,0,NA,NA,NA,NA
1,DPP4I main_GLP1RA main_3-point MACE,Keck_Upgraded_OMOP_v5_NA,1,15,80,0,0,0,0,0,0,0,0,0,0,0,NA,NA,NA,NA
1,DPP4I main_GLP1RA main_3-point MACE,ktph_sg_NA,1,13,20,0,0,NA,0,0,0,0,0,0,0,0,NA,NA,NA,NA
1,DPP4I main_GLP1RA main_3-point MACE,Klinicki_centar_Crne_Gore_20230101,2,0,0,0,0,0,0,0,0,0,1,0,0,0,NA,NA,NA,NA
1,DPP4I main_GLP1RA main_3-point MACE,cdm_cds,2,0,0,0,0,0,0,0,0,0,0,1,0,0,NA,NA,NA,NA
1,DPP4I main_GLP1RA main_3-point MACE,premier_2326_20230125,3,0,0,0,0,0,0,0,1,0,1,0,0,0,NA,NA,NA,NA
1,DPP4I main_GLP1RA main_3-point MACE,ccpp_v54_20210101,4,0,0,0,0,0,0,0,0,0,1,1,0,1,NA,NA,NA,NA
1,DPP4I main_GLP1RA main_3-point MACE,HKU-THIN,5,0,-12724481,1,0,NA,0,0,0,0,1,0,1,1,NA,NA,NA,NA
1,DPP4I main_GLP1RA main_3-point MACE,omop_20190828,NA,NA,48480,NA,0,NA,0,0,NA,0,0,0,NA,NA,NA,NA,NA,NA
2,DPP4I main_SGLT2I main_3-point MACE,US_OPEN_CLAIMS_20230313,0,2797753,13190780,0,0,0,0,0,0,0,0,0,0,0,NA,NA,NA,NA
2,DPP4I main_SGLT2I main_3-point MACE,US_PharMetrics_Plus_20230330,0,546343,1455410,0,0,0,0,0,0,0,0,0,0,0,NA,NA,NA,NA
2,DPP4I main_SGLT2I main_3-point MACE,optum_extended_ses_2327_20230204,0,433598,953930,0,0,0,0,0,0,0,0,0,0,0,NA,NA,NA,NA
2,DPP4I main_SGLT2I main_3-point MACE,optum_extended_dod_2323_20230201,0,433595,953920,0,0,0,0,0,0,0,0,0,0,0,NA,NA,NA,NA
2,DPP4I main_SGLT2I main_3-point MACE,truven_ccae_2324_20230201,0,397219,936040,0,0,0,0,0,0,0,0,0,0,0,NA,NA,NA,NA
2,DPP4I main_SGLT2I main_3-point MACE,optum_ehr_2247_20221205,0,262584,913790,0,0,0,0,0,0,0,0,0,0,0,NA,NA,NA,NA
2,DPP4I main_SGLT2I main_3-point MACE,truven_mdcr_2322_20230127,0,120964,150100,0,0,0,0,0,0,0,0,0,0,0,NA,NA,NA,NA
2,DPP4I main_SGLT2I main_3-point MACE,pmtx_202203_20220831,0,108591,293530,0,0,0,0,0,0,0,0,0,0,0,NA,NA,NA,NA
2,DPP4I main_SGLT2I main_3-point MACE,jmdc_2325_20230126,0,97761,195580,0,0,0,0,0,0,0,0,0,0,0,NA,NA,NA,NA
2,DPP4I main_SGLT2I main_3-point MACE,VA-OMOP_20230411,0,77503,522110,0,0,0,0,0,0,0,0,0,0,0,NA,NA,NA,NA
2,DPP4I main_SGLT2I main_3-point MACE,Japan_Claims_20230215,0,44250,128600,0,0,0,0,0,0,0,0,0,0,0,NA,NA,NA,NA
2,DPP4I main_SGLT2I main_3-point MACE,UK_IMRD_THIN_20221230,0,40675,76320,0,0,0,0,0,0,0,0,0,0,0,NA,NA,NA,NA
2,DPP4I main_SGLT2I main_3-point MACE,truven_mdcd_2359_20230215,0,36976,171320,0,0,0,0,0,0,0,0,0,0,0,NA,NA,NA,NA
2,DPP4I main_SGLT2I main_3-point MACE,IQVIA_Germany_DA_20230124,0,36211,177780,0,0,0,0,0,0,0,0,0,0,0,NA,NA,NA,NA
2,DPP4I main_SGLT2I main_3-point MACE,UK_IMRD_EMIS_20230215,0,16790,38460,0,0,0,0,0,0,0,0,0,0,0,NA,NA,NA,NA
2,DPP4I main_SGLT2I main_3-point MACE,LPD_Spain_20220704,0,10616,33650,0,0,0,0,0,0,0,0,0,0,0,NA,NA,NA,NA
2,DPP4I main_SGLT2I main_3-point MACE,JHM_OMOP_20230406,0,7300,19650,0,0,0,0,0,0,0,0,0,0,0,NA,NA,NA,NA
2,DPP4I main_SGLT2I main_3-point MACE,LPD_Italy_20221226,0,7179,15830,0,0,0,0,0,0,0,0,0,0,0,NA,NA,NA,NA
2,DPP4I main_SGLT2I main_3-point MACE,US_Hospital_20230130,0,5983,31740,0,0,0,0,0,0,0,0,0,0,0,NA,NA,NA,NA
2,DPP4I main_SGLT2I main_3-point MACE,France_LPD_20230118,0,5475,21290,0,0,0,0,0,0,0,0,0,0,0,NA,NA,NA,NA
2,DPP4I main_SGLT2I main_3-point MACE,CUIMC_20221214,0,4366,37640,0,0,0,0,0,0,0,0,0,0,0,NA,NA,NA,NA
2,DPP4I main_SGLT2I main_3-point MACE,Australia_EMR_20230317,0,2683,20240,0,0,0,0,0,0,0,0,0,0,0,NA,NA,NA,NA
2,DPP4I main_SGLT2I main_3-point MACE,IQVIA_Belgium_LPD_20221006,0,2208,6490,0,0,0,0,0,0,0,0,0,0,0,NA,NA,NA,NA
2,DPP4I main_SGLT2I main_3-point MACE,AUSOM_20220228,0,1500,6850,0,0,0,0,0,0,0,0,0,0,0,NA,NA,NA,NA
2,DPP4I main_SGLT2I main_3-point MACE,TMUCRD_20210406,0,1475,10740,0,0,0,0,0,0,0,0,0,0,0,NA,NA,NA,NA
2,DPP4I main_SGLT2I main_3-point MACE,IQVIA_France_DA_20230201,0,728,3130,0,0,0,0,0,0,0,0,0,0,0,NA,NA,NA,NA
2,DPP4I main_SGLT2I main_3-point MACE,Japan_HIS_20220120,0,281,7370,0,0,0,0,0,0,0,0,0,0,0,NA,NA,NA,NA
2,DPP4I main_SGLT2I main_3-point MACE,RED_CDM_Tufts_20221005,0,83,1360,0,0,0,0,0,0,0,0,0,0,0,NA,NA,NA,NA
2,DPP4I main_SGLT2I main_3-point MACE,ktph_sg_NA,1,93,140,0,0,NA,0,0,0,0,0,0,0,0,NA,NA,NA,NA
2,DPP4I main_SGLT2I main_3-point MACE,Keck_Upgraded_OMOP_v5_NA,1,69,370,0,0,0,0,0,0,0,0,0,0,0,NA,NA,NA,NA
2,DPP4I main_SGLT2I main_3-point MACE,Klinicki_centar_Crne_Gore_20230101,1,10,50,0,0,0,0,0,0,0,0,0,0,0,NA,NA,NA,NA
2,DPP4I main_SGLT2I main_3-point MACE,cdm_cds,2,0,0,0,0,0,0,0,0,0,0,1,0,0,NA,NA,NA,NA
2,DPP4I main_SGLT2I main_3-point MACE,premier_2326_20230125,3,0,0,0,0,0,0,0,1,0,1,0,0,0,NA,NA,NA,NA
2,DPP4I main_SGLT2I main_3-point MACE,ccpp_v54_20210101,4,0,0,0,0,0,0,0,0,0,1,1,0,1,NA,NA,NA,NA
2,DPP4I main_SGLT2I main_3-point MACE,HKU-THIN,5,0,-12724481,1,0,NA,0,0,0,0,1,0,1,1,NA,NA,NA,NA
2,DPP4I main_SGLT2I main_3-point MACE,omop_20190828,NA,NA,900220,NA,0,NA,0,0,NA,0,NA,0,NA,NA,NA,NA,NA,NA
3,DPP4I main_SU main_3-point MACE,US_OPEN_CLAIMS_20230313,0,2984398,14070770,0,0,0,0,0,0,0,0,0,0,0,NA,NA,NA,NA
3,DPP4I main_SU main_3-point MACE,truven_ccae_2324_20230201,0,626883,1477240,0,0,0,0,0,0,0,0,0,0,0,NA,NA,NA,NA
3,DPP4I main_SU main_3-point MACE,optum_extended_dod_2323_20230201,0,599920,1319840,0,0,0,0,0,0,0,0,0,0,0,NA,NA,NA,NA
3,DPP4I main_SU main_3-point MACE,optum_extended_ses_2327_20230204,0,599919,1319840,0,0,0,0,0,0,0,0,0,0,0,NA,NA,NA,NA
3,DPP4I main_SU main_3-point MACE,US_PharMetrics_Plus_20230330,0,546343,1455410,0,0,0,0,0,0,0,0,0,0,0,NA,NA,NA,NA
3,DPP4I main_SU main_3-point MACE,optum_ehr_2247_20221205,0,449949,1565820,0,0,0,0,0,0,0,0,0,0,0,NA,NA,NA,NA
3,DPP4I main_SU main_3-point MACE,truven_mdcr_2322_20230127,0,388236,481750,0,0,0,0,0,0,0,0,0,0,0,NA,NA,NA,NA
3,DPP4I main_SU main_3-point MACE,pmtx_202203_20220831,0,113907,307900,0,0,0,0,0,0,0,0,0,0,0,NA,NA,NA,NA
3,DPP4I main_SU main_3-point MACE,jmdc_2325_20230126,0,93462,186980,0,0,0,0,0,0,0,0,0,0,0,NA,NA,NA,NA
3,DPP4I main_SU main_3-point MACE,VA-OMOP_20230411,0,78282,527360,0,0,0,0,0,0,0,0,0,0,0,NA,NA,NA,NA
3,DPP4I main_SU main_3-point MACE,Japan_Claims_20230215,0,63264,183860,0,0,0,0,0,0,0,0,0,0,0,NA,NA,NA,NA
3,DPP4I main_SU main_3-point MACE,US_Hospital_20230130,0,62779,333060,0,0,0,0,0,0,0,0,0,0,0,NA,NA,NA,NA
3,DPP4I main_SU main_3-point MACE,truven_mdcd_2359_20230215,0,53891,249690,0,0,0,0,0,0,0,0,0,0,0,NA,NA,NA,NA
3,DPP4I main_SU main_3-point MACE,UK_IMRD_THIN_20221230,0,46223,86730,0,0,0,0,0,0,0,0,0,0,0,NA,NA,NA,NA
3,DPP4I main_SU main_3-point MACE,IQVIA_Germany_DA_20230124,0,34376,168770,0,0,0,0,0,0,0,0,0,0,0,NA,NA,NA,NA
3,DPP4I main_SU main_3-point MACE,France_LPD_20230118,0,17967,69870,0,0,0,0,0,0,0,0,0,0,0,NA,NA,NA,NA
3,DPP4I main_SU main_3-point MACE,LPD_Italy_20221226,0,15674,34560,0,0,0,0,0,0,0,0,0,0,0,NA,NA,NA,NA
3,DPP4I main_SU main_3-point MACE,UK_IMRD_EMIS_20230215,0,12232,28020,0,0,0,0,0,0,0,0,0,0,0,NA,NA,NA,NA
3,DPP4I main_SU main_3-point MACE,IQVIA_France_DA_20230201,0,8245,35460,0,0,0,0,0,0,0,0,0,0,0,NA,NA,NA,NA
3,DPP4I main_SU main_3-point MACE,AUSOM_20220228,0,7616,34770,0,0,0,0,0,0,0,0,0,0,0,NA,NA,NA,NA
3,DPP4I main_SU main_3-point MACE,JHM_OMOP_20230406,0,7300,19650,0,0,0,0,0,0,0,0,0,0,0,NA,NA,NA,NA
3,DPP4I main_SU main_3-point MACE,TMUCRD_20210406,0,7245,52740,0,0,0,0,0,0,0,0,0,0,0,NA,NA,NA,NA
3,DPP4I main_SU main_3-point MACE,CUIMC_20221214,0,7067,60920,0,0,0,0,0,0,0,0,0,0,0,NA,NA,NA,NA
3,DPP4I main_SU main_3-point MACE,LPD_Spain_20220704,0,6161,19530,0,0,0,0,0,0,0,0,0,0,0,NA,NA,NA,NA
3,DPP4I main_SU main_3-point MACE,IQVIA_Belgium_LPD_20221006,0,1773,5210,0,0,0,0,0,0,0,0,0,0,0,NA,NA,NA,NA
3,DPP4I main_SU main_3-point MACE,Keck_Upgraded_OMOP_v5_NA,0,1700,9120,0,0,0,0,0,0,0,0,0,0,0,NA,NA,NA,NA
3,DPP4I main_SU main_3-point MACE,Australia_EMR_20230317,0,586,4420,0,0,0,0,0,0,0,0,0,0,0,NA,NA,NA,NA
3,DPP4I main_SU main_3-point MACE,Japan_HIS_20220120,0,449,11790,0,0,0,0,0,0,0,0,0,0,0,NA,NA,NA,NA
3,DPP4I main_SU main_3-point MACE,RED_CDM_Tufts_20221005,0,113,1860,0,0,0,0,0,0,0,0,0,0,0,NA,NA,NA,NA
3,DPP4I main_SU main_3-point MACE,premier_2326_20230125,1,6525,914680,0,0,0,0,0,1,0,0,0,0,0,NA,NA,NA,NA
3,DPP4I main_SU main_3-point MACE,ktph_sg_NA,1,578,870,0,0,NA,0,0,0,0,0,0,0,0,NA,NA,NA,NA
3,DPP4I main_SU main_3-point MACE,Klinicki_centar_Crne_Gore_20230101,2,0,0,0,0,0,0,0,0,0,1,0,0,0,NA,NA,NA,NA
3,DPP4I main_SU main_3-point MACE,cdm_cds,2,0,0,0,0,0,0,0,0,0,0,1,0,0,NA,NA,NA,NA
3,DPP4I main_SU main_3-point MACE,ccpp_v54_20210101,4,0,0,0,0,0,0,0,0,0,1,1,0,1,NA,NA,NA,NA
3,DPP4I main_SU main_3-point MACE,HKU-THIN,5,0,-12724481,1,0,NA,0,0,0,0,1,0,1,1,NA,NA,NA,NA
3,DPP4I main_SU main_3-point MACE,omop_20190828,NA,NA,900220,NA,0,NA,0,0,NA,0,NA,0,NA,NA,NA,NA,NA,NA
4,GLP1RA main_SGLT2I main_3-point MACE,US_OPEN_CLAIMS_20230313,0,2797753,13190780,0,0,0,0,0,0,0,0,0,0,0,NA,NA,NA,NA
4,GLP1RA main_SGLT2I main_3-point MACE,US_PharMetrics_Plus_20230330,0,603199,1606870,0,0,0,0,0,0,0,0,0,0,0,NA,NA,NA,NA
4,GLP1RA main_SGLT2I main_3-point MACE,optum_extended_ses_2327_20230204,0,433598,953930,0,0,0,0,0,0,0,0,0,0,0,NA,NA,NA,NA
4,GLP1RA main_SGLT2I main_3-point MACE,optum_extended_dod_2323_20230201,0,433595,953920,0,0,0,0,0,0,0,0,0,0,0,NA,NA,NA,NA
4,GLP1RA main_SGLT2I main_3-point MACE,truven_ccae_2324_20230201,0,397219,936040,0,0,0,0,0,0,0,0,0,0,0,NA,NA,NA,NA
4,GLP1RA main_SGLT2I main_3-point MACE,optum_ehr_2247_20221205,0,262584,913790,0,0,0,0,0,0,0,0,0,0,0,NA,NA,NA,NA
4,GLP1RA main_SGLT2I main_3-point MACE,truven_mdcr_2322_20230127,0,120964,150100,0,0,0,0,0,0,0,0,0,0,0,NA,NA,NA,NA
4,GLP1RA main_SGLT2I main_3-point MACE,pmtx_202203_20220831,0,108591,293530,0,0,0,0,0,0,0,0,0,0,0,NA,NA,NA,NA
4,GLP1RA main_SGLT2I main_3-point MACE,VA-OMOP_20230411,0,74531,502090,0,0,0,0,0,0,0,0,0,0,0,NA,NA,NA,NA
4,GLP1RA main_SGLT2I main_3-point MACE,truven_mdcd_2359_20230215,0,36976,171320,0,0,0,0,0,0,0,0,0,0,0,NA,NA,NA,NA
4,GLP1RA main_SGLT2I main_3-point MACE,UK_IMRD_THIN_20221230,0,32984,61890,0,0,0,0,0,0,0,0,0,0,0,NA,NA,NA,NA
4,GLP1RA main_SGLT2I main_3-point MACE,IQVIA_Germany_DA_20230124,0,25687,126110,0,0,0,0,0,0,0,0,0,0,0,NA,NA,NA,NA
4,GLP1RA main_SGLT2I main_3-point MACE,jmdc_2325_20230126,0,15225,30460,0,0,0,0,0,0,0,0,0,0,0,NA,NA,NA,NA
4,GLP1RA main_SGLT2I main_3-point MACE,UK_IMRD_EMIS_20230215,0,13027,29840,0,0,0,0,0,0,0,0,0,0,0,NA,NA,NA,NA
4,GLP1RA main_SGLT2I main_3-point MACE,Japan_Claims_20230215,0,10987,31930,0,0,0,0,0,0,0,0,0,0,0,NA,NA,NA,NA
4,GLP1RA main_SGLT2I main_3-point MACE,JHM_OMOP_20230406,0,7898,21260,0,0,0,0,0,0,0,0,0,0,0,NA,NA,NA,NA
4,GLP1RA main_SGLT2I main_3-point MACE,LPD_Italy_20221226,0,7179,15830,0,0,0,0,0,0,0,0,0,0,0,NA,NA,NA,NA
4,GLP1RA main_SGLT2I main_3-point MACE,France_LPD_20230118,0,5475,21290,0,0,0,0,0,0,0,0,0,0,0,NA,NA,NA,NA
4,GLP1RA main_SGLT2I main_3-point MACE,CUIMC_20221214,0,4366,37640,0,0,0,0,0,0,0,0,0,0,0,NA,NA,NA,NA
4,GLP1RA main_SGLT2I main_3-point MACE,LPD_Spain_20220704,0,3795,12030,0,0,0,0,0,0,0,0,0,0,0,NA,NA,NA,NA
4,GLP1RA main_SGLT2I main_3-point MACE,US_Hospital_20230130,0,2639,14000,0,0,0,0,0,0,0,0,0,0,0,NA,NA,NA,NA
4,GLP1RA main_SGLT2I main_3-point MACE,IQVIA_Belgium_LPD_20221006,0,2208,6490,0,0,0,0,0,0,0,0,0,0,0,NA,NA,NA,NA
4,GLP1RA main_SGLT2I main_3-point MACE,Australia_EMR_20230317,0,835,6300,0,0,0,0,0,0,0,0,0,0,0,NA,NA,NA,NA
4,GLP1RA main_SGLT2I main_3-point MACE,IQVIA_France_DA_20230201,0,728,3130,0,0,0,0,0,0,0,0,0,0,0,NA,NA,NA,NA
4,GLP1RA main_SGLT2I main_3-point MACE,AUSOM_20220228,0,699,3190,0,0,0,0,0,0,0,0,0,0,0,NA,NA,NA,NA
4,GLP1RA main_SGLT2I main_3-point MACE,TMUCRD_20210406,0,433,3150,0,0,0,0,0,0,0,0,0,0,0,NA,NA,NA,NA
4,GLP1RA main_SGLT2I main_3-point MACE,Japan_HIS_20220120,0,108,2830,0,0,0,0,0,0,0,0,0,0,0,NA,NA,NA,NA
4,GLP1RA main_SGLT2I main_3-point MACE,RED_CDM_Tufts_20221005,0,83,1360,0,0,0,0,0,0,0,0,0,0,0,NA,NA,NA,NA
4,GLP1RA main_SGLT2I main_3-point MACE,Keck_Upgraded_OMOP_v5_NA,1,15,80,0,0,0,0,0,0,0,0,0,0,0,NA,NA,NA,NA
4,GLP1RA main_SGLT2I main_3-point MACE,ktph_sg_NA,1,13,20,0,0,NA,0,0,0,0,0,0,0,0,NA,NA,NA,NA
4,GLP1RA main_SGLT2I main_3-point MACE,Klinicki_centar_Crne_Gore_20230101,2,0,0,0,0,0,0,0,0,0,0,0,0,1,NA,NA,NA,NA
4,GLP1RA main_SGLT2I main_3-point MACE,cdm_cds,2,0,0,0,0,0,0,0,0,0,0,1,0,0,NA,NA,NA,NA
4,GLP1RA main_SGLT2I main_3-point MACE,ccpp_v54_20210101,4,0,0,0,0,0,0,0,0,0,1,1,0,1,NA,NA,NA,NA
4,GLP1RA main_SGLT2I main_3-point MACE,premier_2326_20230125,4,0,0,0,0,0,0,0,1,0,1,0,0,1,NA,NA,NA,NA
4,GLP1RA main_SGLT2I main_3-point MACE,HKU-THIN,5,0,-12724481,1,0,NA,0,0,0,0,1,0,1,1,NA,NA,NA,NA
4,GLP1RA main_SGLT2I main_3-point MACE,omop_20190828,NA,NA,48480,NA,0,NA,0,0,NA,0,NA,0,NA,0,NA,NA,NA,NA
5,GLP1RA main_SU main_3-point MACE,US_OPEN_CLAIMS_20230313,0,4114327,19398130,0,0,0,0,0,0,0,0,0,0,0,NA,NA,NA,NA
5,GLP1RA main_SU main_3-point MACE,US_PharMetrics_Plus_20230330,0,845464,2252240,0,0,0,0,0,0,0,0,0,0,0,NA,NA,NA,NA
5,GLP1RA main_SU main_3-point MACE,truven_ccae_2324_20230201,0,772045,1819310,0,0,0,0,0,0,0,0,0,0,0,NA,NA,NA,NA
5,GLP1RA main_SU main_3-point MACE,optum_extended_dod_2323_20230201,0,652061,1434550,0,0,0,0,0,0,0,0,0,0,0,NA,NA,NA,NA
5,GLP1RA main_SU main_3-point MACE,optum_extended_ses_2327_20230204,0,652050,1434530,0,0,0,0,0,0,0,0,0,0,0,NA,NA,NA,NA
5,GLP1RA main_SU main_3-point MACE,optum_ehr_2247_20221205,0,381202,1326580,0,0,0,0,0,0,0,0,0,0,0,NA,NA,NA,NA
5,GLP1RA main_SU main_3-point MACE,truven_mdcr_2322_20230127,0,193421,240010,0,0,0,0,0,0,0,0,0,0,0,NA,NA,NA,NA
5,GLP1RA main_SU main_3-point MACE,pmtx_202203_20220831,0,145186,392450,0,0,0,0,0,0,0,0,0,0,0,NA,NA,NA,NA
5,GLP1RA main_SU main_3-point MACE,VA-OMOP_20230411,0,74531,502090,0,0,0,0,0,0,0,0,0,0,0,NA,NA,NA,NA
5,GLP1RA main_SU main_3-point MACE,truven_mdcd_2359_20230215,0,58097,269180,0,0,0,0,0,0,0,0,0,0,0,NA,NA,NA,NA
5,GLP1RA main_SU main_3-point MACE,UK_IMRD_THIN_20221230,0,32984,61890,0,0,0,0,0,0,0,0,0,0,0,NA,NA,NA,NA
5,GLP1RA main_SU main_3-point MACE,IQVIA_Germany_DA_20230124,0,25687,126110,0,0,0,0,0,0,0,0,0,0,0,NA,NA,NA,NA
5,GLP1RA main_SU main_3-point MACE,France_LPD_20230118,0,17967,69870,0,0,0,0,0,0,0,0,0,0,0,NA,NA,NA,NA
5,GLP1RA main_SU main_3-point MACE,jmdc_2325_20230126,0,15225,30460,0,0,0,0,0,0,0,0,0,0,0,NA,NA,NA,NA
5,GLP1RA main_SU main_3-point MACE,UK_IMRD_EMIS_20230215,0,12232,28020,0,0,0,0,0,0,0,0,0,0,0,NA,NA,NA,NA
5,GLP1RA main_SU main_3-point MACE,JHM_OMOP_20230406,0,11569,31140,0,0,0,0,0,0,0,0,0,0,0,NA,NA,NA,NA
5,GLP1RA main_SU main_3-point MACE,Japan_Claims_20230215,0,10987,31930,0,0,0,0,0,0,0,0,0,0,0,NA,NA,NA,NA
5,GLP1RA main_SU main_3-point MACE,LPD_Italy_20221226,0,8350,18410,0,0,0,0,0,0,0,0,0,0,0,NA,NA,NA,NA
5,GLP1RA main_SU main_3-point MACE,CUIMC_20221214,0,6690,57670,0,0,0,0,0,0,0,0,0,0,0,NA,NA,NA,NA
5,GLP1RA main_SU main_3-point MACE,IQVIA_France_DA_20230201,0,5799,24940,0,0,0,0,0,0,0,0,0,0,0,NA,NA,NA,NA
5,GLP1RA main_SU main_3-point MACE,LPD_Spain_20220704,0,3795,12030,0,0,0,0,0,0,0,0,0,0,0,NA,NA,NA,NA
5,GLP1RA main_SU main_3-point MACE,US_Hospital_20230130,0,2639,14000,0,0,0,0,0,0,0,0,0,0,0,NA,NA,NA,NA
5,GLP1RA main_SU main_3-point MACE,IQVIA_Belgium_LPD_20221006,0,1773,5210,0,0,0,0,0,0,0,0,0,0,0,NA,NA,NA,NA
5,GLP1RA main_SU main_3-point MACE,AUSOM_20220228,0,699,3190,0,0,0,0,0,0,0,0,0,0,0,NA,NA,NA,NA
5,GLP1RA main_SU main_3-point MACE,Australia_EMR_20230317,0,586,4420,0,0,0,0,0,0,0,0,0,0,0,NA,NA,NA,NA
5,GLP1RA main_SU main_3-point MACE,TMUCRD_20210406,0,433,3150,0,0,0,0,0,0,0,0,0,0,0,NA,NA,NA,NA
5,GLP1RA main_SU main_3-point MACE,RED_CDM_Tufts_20221005,0,132,2180,0,0,0,0,0,0,0,0,0,0,0,NA,NA,NA,NA
5,GLP1RA main_SU main_3-point MACE,Japan_HIS_20220120,0,108,2830,0,0,0,0,0,0,0,0,0,0,0,NA,NA,NA,NA
5,GLP1RA main_SU main_3-point MACE,Keck_Upgraded_OMOP_v5_NA,1,15,80,0,0,0,0,0,0,0,0,0,0,0,NA,NA,NA,NA
5,GLP1RA main_SU main_3-point MACE,ktph_sg_NA,1,13,20,0,0,NA,0,0,0,0,0,0,0,0,NA,NA,NA,NA
5,GLP1RA main_SU main_3-point MACE,cdm_cds,2,0,0,0,0,0,0,0,0,0,0,1,0,0,NA,NA,NA,NA
5,GLP1RA main_SU main_3-point MACE,Klinicki_centar_Crne_Gore_20230101,3,0,0,0,0,0,0,0,0,0,1,0,0,1,NA,NA,NA,NA
5,GLP1RA main_SU main_3-point MACE,premier_2326_20230125,3,0,0,0,0,0,0,0,1,0,0,0,0,1,NA,NA,NA,NA
5,GLP1RA main_SU main_3-point MACE,ccpp_v54_20210101,4,0,0,0,0,0,0,0,0,0,1,1,0,1,NA,NA,NA,NA
5,GLP1RA main_SU main_3-point MACE,HKU-THIN,5,0,-12724481,1,0,NA,0,0,0,0,1,0,1,1,NA,NA,NA,NA
5,GLP1RA main_SU main_3-point MACE,omop_20190828,NA,NA,48480,NA,0,NA,0,0,NA,0,NA,0,NA,0,NA,NA,NA,NA
6,SGLT2I main_SU main_3-point MACE,US_OPEN_CLAIMS_20230313,0,2797753,13190780,0,0,0,0,0,0,0,0,0,0,0,NA,NA,NA,NA
6,SGLT2I main_SU main_3-point MACE,US_PharMetrics_Plus_20230330,0,603199,1606870,0,0,0,0,0,0,0,0,0,0,0,NA,NA,NA,NA
6,SGLT2I main_SU main_3-point MACE,optum_extended_ses_2327_20230204,0,433598,953930,0,0,0,0,0,0,0,0,0,0,0,NA,NA,NA,NA
6,SGLT2I main_SU main_3-point MACE,optum_extended_dod_2323_20230201,0,433595,953920,0,0,0,0,0,0,0,0,0,0,0,NA,NA,NA,NA
6,SGLT2I main_SU main_3-point MACE,truven_ccae_2324_20230201,0,397219,936040,0,0,0,0,0,0,0,0,0,0,0,NA,NA,NA,NA
6,SGLT2I main_SU main_3-point MACE,optum_ehr_2247_20221205,0,262584,913790,0,0,0,0,0,0,0,0,0,0,0,NA,NA,NA,NA
6,SGLT2I main_SU main_3-point MACE,truven_mdcr_2322_20230127,0,120964,150100,0,0,0,0,0,0,0,0,0,0,0,NA,NA,NA,NA
6,SGLT2I main_SU main_3-point MACE,pmtx_202203_20220831,0,108591,293530,0,0,0,0,0,0,0,0,0,0,0,NA,NA,NA,NA
6,SGLT2I main_SU main_3-point MACE,jmdc_2325_20230126,0,93462,186980,0,0,0,0,0,0,0,0,0,0,0,NA,NA,NA,NA
6,SGLT2I main_SU main_3-point MACE,VA-OMOP_20230411,0,77503,522110,0,0,0,0,0,0,0,0,0,0,0,NA,NA,NA,NA
6,SGLT2I main_SU main_3-point MACE,Japan_Claims_20230215,0,44250,128600,0,0,0,0,0,0,0,0,0,0,0,NA,NA,NA,NA
6,SGLT2I main_SU main_3-point MACE,UK_IMRD_THIN_20221230,0,40675,76320,0,0,0,0,0,0,0,0,0,0,0,NA,NA,NA,NA
6,SGLT2I main_SU main_3-point MACE,truven_mdcd_2359_20230215,0,36976,171320,0,0,0,0,0,0,0,0,0,0,0,NA,NA,NA,NA
6,SGLT2I main_SU main_3-point MACE,IQVIA_Germany_DA_20230124,0,34376,168770,0,0,0,0,0,0,0,0,0,0,0,NA,NA,NA,NA
6,SGLT2I main_SU main_3-point MACE,UK_IMRD_EMIS_20230215,0,12232,28020,0,0,0,0,0,0,0,0,0,0,0,NA,NA,NA,NA
6,SGLT2I main_SU main_3-point MACE,JHM_OMOP_20230406,0,7898,21260,0,0,0,0,0,0,0,0,0,0,0,NA,NA,NA,NA
6,SGLT2I main_SU main_3-point MACE,LPD_Italy_20221226,0,7179,15830,0,0,0,0,0,0,0,0,0,0,0,NA,NA,NA,NA
6,SGLT2I main_SU main_3-point MACE,LPD_Spain_20220704,0,6161,19530,0,0,0,0,0,0,0,0,0,0,0,NA,NA,NA,NA
6,SGLT2I main_SU main_3-point MACE,US_Hospital_20230130,0,5983,31740,0,0,0,0,0,0,0,0,0,0,0,NA,NA,NA,NA
6,SGLT2I main_SU main_3-point MACE,France_LPD_20230118,0,5475,21290,0,0,0,0,0,0,0,0,0,0,0,NA,NA,NA,NA
6,SGLT2I main_SU main_3-point MACE,CUIMC_20221214,0,4366,37640,0,0,0,0,0,0,0,0,0,0,0,NA,NA,NA,NA
6,SGLT2I main_SU main_3-point MACE,IQVIA_Belgium_LPD_20221006,0,1773,5210,0,0,0,0,0,0,0,0,0,0,0,NA,NA,NA,NA
6,SGLT2I main_SU main_3-point MACE,AUSOM_20220228,0,1500,6850,0,0,0,0,0,0,0,0,0,0,0,NA,NA,NA,NA
6,SGLT2I main_SU main_3-point MACE,TMUCRD_20210406,0,1475,10740,0,0,0,0,0,0,0,0,0,0,0,NA,NA,NA,NA
6,SGLT2I main_SU main_3-point MACE,IQVIA_France_DA_20230201,0,728,3130,0,0,0,0,0,0,0,0,0,0,0,NA,NA,NA,NA
6,SGLT2I main_SU main_3-point MACE,Australia_EMR_20230317,0,586,4420,0,0,0,0,0,0,0,0,0,0,0,NA,NA,NA,NA
6,SGLT2I main_SU main_3-point MACE,Japan_HIS_20220120,0,281,7370,0,0,0,0,0,0,0,0,0,0,0,NA,NA,NA,NA
6,SGLT2I main_SU main_3-point MACE,RED_CDM_Tufts_20221005,0,83,1360,0,0,0,0,0,0,0,0,0,0,0,NA,NA,NA,NA
6,SGLT2I main_SU main_3-point MACE,ktph_sg_NA,1,93,140,0,0,NA,0,0,0,0,0,0,0,0,NA,NA,NA,NA
6,SGLT2I main_SU main_3-point MACE,Keck_Upgraded_OMOP_v5_NA,1,69,370,0,0,0,0,0,0,0,0,0,0,0,NA,NA,NA,NA
6,SGLT2I main_SU main_3-point MACE,Klinicki_centar_Crne_Gore_20230101,2,0,0,0,0,0,0,0,0,0,1,0,0,0,NA,NA,NA,NA
6,SGLT2I main_SU main_3-point MACE,cdm_cds,2,0,0,0,0,0,0,0,0,0,0,1,0,0,NA,NA,NA,NA
6,SGLT2I main_SU main_3-point MACE,premier_2326_20230125,3,0,0,0,0,0,0,0,1,0,0,0,0,1,NA,NA,NA,NA
6,SGLT2I main_SU main_3-point MACE,ccpp_v54_20210101,4,0,0,0,0,0,0,0,0,0,1,1,0,1,NA,NA,NA,NA
6,SGLT2I main_SU main_3-point MACE,HKU-THIN,5,0,-12724481,1,0,NA,0,0,0,0,1,0,1,1,NA,NA,NA,NA
6,SGLT2I main_SU main_3-point MACE,omop_20190828,NA,NA,900220,NA,0,NA,0,0,NA,0,NA,0,NA,NA,NA,NA,NA,NA
7,DPP4I main_GLP1RA main_4-point MACE,US_OPEN_CLAIMS_20230313,0,2984398,14070770,0,0,0,0,0,0,0,0,0,0,0,NA,NA,NA,NA
7,DPP4I main_GLP1RA main_4-point MACE,truven_ccae_2324_20230201,0,626883,1477240,0,0,0,0,0,0,0,0,0,0,0,NA,NA,NA,NA
7,DPP4I main_GLP1RA main_4-point MACE,optum_extended_dod_2323_20230201,0,599920,1319840,0,0,0,0,0,0,0,0,0,0,0,NA,NA,NA,NA
7,DPP4I main_GLP1RA main_4-point MACE,optum_extended_ses_2327_20230204,0,599919,1319840,0,0,0,0,0,0,0,0,0,0,0,NA,NA,NA,NA
7,DPP4I main_GLP1RA main_4-point MACE,US_PharMetrics_Plus_20230330,0,546343,1455410,0,0,0,0,0,0,0,0,0,0,0,NA,NA,NA,NA
7,DPP4I main_GLP1RA main_4-point MACE,optum_ehr_2247_20221205,0,381202,1326580,0,0,0,0,0,0,0,0,0,0,0,NA,NA,NA,NA
7,DPP4I main_GLP1RA main_4-point MACE,truven_mdcr_2322_20230127,0,193421,240010,0,0,0,0,0,0,0,0,0,0,0,NA,NA,NA,NA
7,DPP4I main_GLP1RA main_4-point MACE,pmtx_202203_20220831,0,113907,307900,0,0,0,0,0,0,0,0,0,0,0,NA,NA,NA,NA
7,DPP4I main_GLP1RA main_4-point MACE,VA-OMOP_20230411,0,74531,502090,0,0,0,0,0,0,0,0,0,0,0,NA,NA,NA,NA
7,DPP4I main_GLP1RA main_4-point MACE,truven_mdcd_2359_20230215,0,53891,249690,0,0,0,0,0,0,0,0,0,0,0,NA,NA,NA,NA
7,DPP4I main_GLP1RA main_4-point MACE,UK_IMRD_THIN_20221230,0,32984,61890,0,0,0,0,0,0,0,0,0,0,0,NA,NA,NA,NA
7,DPP4I main_GLP1RA main_4-point MACE,IQVIA_Germany_DA_20230124,0,25687,126110,0,0,0,0,0,0,0,0,0,0,0,NA,NA,NA,NA
7,DPP4I main_GLP1RA main_4-point MACE,France_LPD_20230118,0,19374,75340,0,0,0,0,0,0,0,0,0,0,0,NA,NA,NA,NA
7,DPP4I main_GLP1RA main_4-point MACE,jmdc_2325_20230126,0,15225,30460,0,0,0,0,0,0,0,0,0,0,0,NA,NA,NA,NA
7,DPP4I main_GLP1RA main_4-point MACE,UK_IMRD_EMIS_20230215,0,13027,29840,0,0,0,0,0,0,0,0,0,0,0,NA,NA,NA,NA
7,DPP4I main_GLP1RA main_4-point MACE,Japan_Claims_20230215,0,10987,31930,0,0,0,0,0,0,0,0,0,0,0,NA,NA,NA,NA
7,DPP4I main_GLP1RA main_4-point MACE,LPD_Italy_20221226,0,8350,18410,0,0,0,0,0,0,0,0,0,0,0,NA,NA,NA,NA
7,DPP4I main_GLP1RA main_4-point MACE,JHM_OMOP_20230406,0,7300,19650,0,0,0,0,0,0,0,0,0,0,0,NA,NA,NA,NA
7,DPP4I main_GLP1RA main_4-point MACE,CUIMC_20221214,0,6690,57670,0,0,0,0,0,0,0,0,0,0,0,NA,NA,NA,NA
7,DPP4I main_GLP1RA main_4-point MACE,IQVIA_France_DA_20230201,0,5799,24940,0,0,0,0,0,0,0,0,0,0,0,NA,NA,NA,NA
7,DPP4I main_GLP1RA main_4-point MACE,LPD_Spain_20220704,0,3795,12030,0,0,0,0,0,0,0,0,0,0,0,NA,NA,NA,NA
7,DPP4I main_GLP1RA main_4-point MACE,IQVIA_Belgium_LPD_20221006,0,2933,8620,0,0,0,0,0,0,0,0,0,0,0,NA,NA,NA,NA
7,DPP4I main_GLP1RA main_4-point MACE,US_Hospital_20230130,0,2639,14000,0,0,0,0,0,0,0,0,0,0,0,NA,NA,NA,NA
7,DPP4I main_GLP1RA main_4-point MACE,Australia_EMR_20230317,0,835,6300,0,0,0,0,0,0,0,0,0,0,0,NA,NA,NA,NA
7,DPP4I main_GLP1RA main_4-point MACE,AUSOM_20220228,0,699,3190,0,0,0,0,0,0,0,0,0,0,0,NA,NA,NA,NA
7,DPP4I main_GLP1RA main_4-point MACE,TMUCRD_20210406,0,433,3150,0,0,0,0,0,0,0,0,0,0,0,NA,NA,NA,NA
7,DPP4I main_GLP1RA main_4-point MACE,RED_CDM_Tufts_20221005,0,113,1860,0,0,0,0,0,0,0,0,0,0,0,NA,NA,NA,NA
7,DPP4I main_GLP1RA main_4-point MACE,Japan_HIS_20220120,0,108,2830,0,0,0,0,0,0,0,0,0,0,0,NA,NA,NA,NA
7,DPP4I main_GLP1RA main_4-point MACE,Keck_Upgraded_OMOP_v5_NA,1,15,80,0,0,0,0,0,0,0,0,0,0,0,NA,NA,NA,NA
7,DPP4I main_GLP1RA main_4-point MACE,ktph_sg_NA,1,13,20,0,0,NA,0,0,0,0,0,0,0,0,NA,NA,NA,NA
7,DPP4I main_GLP1RA main_4-point MACE,Klinicki_centar_Crne_Gore_20230101,2,0,0,0,0,0,0,0,0,0,1,0,0,0,NA,NA,NA,NA
7,DPP4I main_GLP1RA main_4-point MACE,cdm_cds,2,0,0,0,0,0,0,0,0,0,0,1,0,0,NA,NA,NA,NA
7,DPP4I main_GLP1RA main_4-point MACE,premier_2326_20230125,3,0,0,0,0,0,0,0,1,0,1,0,0,0,NA,NA,NA,NA
7,DPP4I main_GLP1RA main_4-point MACE,ccpp_v54_20210101,4,0,0,0,0,0,0,0,0,0,1,1,0,1,NA,NA,NA,NA
7,DPP4I main_GLP1RA main_4-point MACE,HKU-THIN,5,0,-12724481,1,0,NA,0,0,0,0,1,0,1,1,NA,NA,NA,NA
7,DPP4I main_GLP1RA main_4-point MACE,omop_20190828,NA,NA,48480,NA,0,NA,0,0,NA,0,0,0,NA,NA,NA,NA,NA,NA
8,DPP4I main_SGLT2I main_4-point MACE,US_OPEN_CLAIMS_20230313,0,2797753,13190780,0,0,0,0,0,0,0,0,0,0,0,NA,NA,NA,NA
8,DPP4I main_SGLT2I main_4-point MACE,US_PharMetrics_Plus_20230330,0,546343,1455410,0,0,0,0,0,0,0,0,0,0,0,NA,NA,NA,NA
8,DPP4I main_SGLT2I main_4-point MACE,optum_extended_ses_2327_20230204,0,433598,953930,0,0,0,0,0,0,0,0,0,0,0,NA,NA,NA,NA
8,DPP4I main_SGLT2I main_4-point MACE,optum_extended_dod_2323_20230201,0,433595,953920,0,0,0,0,0,0,0,0,0,0,0,NA,NA,NA,NA
8,DPP4I main_SGLT2I main_4-point MACE,truven_ccae_2324_20230201,0,397219,936040,0,0,0,0,0,0,0,0,0,0,0,NA,NA,NA,NA
8,DPP4I main_SGLT2I main_4-point MACE,optum_ehr_2247_20221205,0,262584,913790,0,0,0,0,0,0,0,0,0,0,0,NA,NA,NA,NA
8,DPP4I main_SGLT2I main_4-point MACE,truven_mdcr_2322_20230127,0,120964,150100,0,0,0,0,0,0,0,0,0,0,0,NA,NA,NA,NA
8,DPP4I main_SGLT2I main_4-point MACE,pmtx_202203_20220831,0,108591,293530,0,0,0,0,0,0,0,0,0,0,0,NA,NA,NA,NA
8,DPP4I main_SGLT2I main_4-point MACE,jmdc_2325_20230126,0,97761,195580,0,0,0,0,0,0,0,0,0,0,0,NA,NA,NA,NA
8,DPP4I main_SGLT2I main_4-point MACE,VA-OMOP_20230411,0,77503,522110,0,0,0,0,0,0,0,0,0,0,0,NA,NA,NA,NA
8,DPP4I main_SGLT2I main_4-point MACE,Japan_Claims_20230215,0,44250,128600,0,0,0,0,0,0,0,0,0,0,0,NA,NA,NA,NA
8,DPP4I main_SGLT2I main_4-point MACE,UK_IMRD_THIN_20221230,0,40675,76320,0,0,0,0,0,0,0,0,0,0,0,NA,NA,NA,NA
8,DPP4I main_SGLT2I main_4-point MACE,truven_mdcd_2359_20230215,0,36976,171320,0,0,0,0,0,0,0,0,0,0,0,NA,NA,NA,NA
8,DPP4I main_SGLT2I main_4-point MACE,IQVIA_Germany_DA_20230124,0,36211,177780,0,0,0,0,0,0,0,0,0,0,0,NA,NA,NA,NA
8,DPP4I main_SGLT2I main_4-point MACE,UK_IMRD_EMIS_20230215,0,16790,38460,0,0,0,0,0,0,0,0,0,0,0,NA,NA,NA,NA
8,DPP4I main_SGLT2I main_4-point MACE,LPD_Spain_20220704,0,10616,33650,0,0,0,0,0,0,0,0,0,0,0,NA,NA,NA,NA
8,DPP4I main_SGLT2I main_4-point MACE,JHM_OMOP_20230406,0,7300,19650,0,0,0,0,0,0,0,0,0,0,0,NA,NA,NA,NA
8,DPP4I main_SGLT2I main_4-point MACE,LPD_Italy_20221226,0,7179,15830,0,0,0,0,0,0,0,0,0,0,0,NA,NA,NA,NA
8,DPP4I main_SGLT2I main_4-point MACE,US_Hospital_20230130,0,5983,31740,0,0,0,0,0,0,0,0,0,0,0,NA,NA,NA,NA
8,DPP4I main_SGLT2I main_4-point MACE,France_LPD_20230118,0,5475,21290,0,0,0,0,0,0,0,0,0,0,0,NA,NA,NA,NA
8,DPP4I main_SGLT2I main_4-point MACE,CUIMC_20221214,0,4366,37640,0,0,0,0,0,0,0,0,0,0,0,NA,NA,NA,NA
8,DPP4I main_SGLT2I main_4-point MACE,Australia_EMR_20230317,0,2683,20240,0,0,0,0,0,0,0,0,0,0,0,NA,NA,NA,NA
8,DPP4I main_SGLT2I main_4-point MACE,IQVIA_Belgium_LPD_20221006,0,2208,6490,0,0,0,0,0,0,0,0,0,0,0,NA,NA,NA,NA
8,DPP4I main_SGLT2I main_4-point MACE,AUSOM_20220228,0,1500,6850,0,0,0,0,0,0,0,0,0,0,0,NA,NA,NA,NA
8,DPP4I main_SGLT2I main_4-point MACE,TMUCRD_20210406,0,1475,10740,0,0,0,0,0,0,0,0,0,0,0,NA,NA,NA,NA
8,DPP4I main_SGLT2I main_4-point MACE,IQVIA_France_DA_20230201,0,728,3130,0,0,0,0,0,0,0,0,0,0,0,NA,NA,NA,NA
8,DPP4I main_SGLT2I main_4-point MACE,Japan_HIS_20220120,0,281,7370,0,0,0,0,0,0,0,0,0,0,0,NA,NA,NA,NA
8,DPP4I main_SGLT2I main_4-point MACE,RED_CDM_Tufts_20221005,0,83,1360,0,0,0,0,0,0,0,0,0,0,0,NA,NA,NA,NA
8,DPP4I main_SGLT2I main_4-point MACE,ktph_sg_NA,1,93,140,0,0,NA,0,0,0,0,0,0,0,0,NA,NA,NA,NA
8,DPP4I main_SGLT2I main_4-point MACE,Keck_Upgraded_OMOP_v5_NA,1,69,370,0,0,0,0,0,0,0,0,0,0,0,NA,NA,NA,NA
8,DPP4I main_SGLT2I main_4-point MACE,Klinicki_centar_Crne_Gore_20230101,1,10,50,0,0,0,0,0,0,0,0,0,0,0,NA,NA,NA,NA
8,DPP4I main_SGLT2I main_4-point MACE,cdm_cds,2,0,0,0,0,0,0,0,0,0,0,1,0,0,NA,NA,NA,NA
8,DPP4I main_SGLT2I main_4-point MACE,premier_2326_20230125,3,0,0,0,0,0,0,0,1,0,1,0,0,0,NA,NA,NA,NA
8,DPP4I main_SGLT2I main_4-point MACE,ccpp_v54_20210101,4,0,0,0,0,0,0,0,0,0,1,1,0,1,NA,NA,NA,NA
8,DPP4I main_SGLT2I main_4-point MACE,HKU-THIN,5,0,-12724481,1,0,NA,0,0,0,0,1,0,1,1,NA,NA,NA,NA
8,DPP4I main_SGLT2I main_4-point MACE,omop_20190828,NA,NA,900220,NA,0,NA,0,0,NA,0,NA,0,NA,NA,NA,NA,NA,NA
9,DPP4I main_SU main_4-point MACE,US_OPEN_CLAIMS_20230313,0,2984398,14070770,0,0,0,0,0,0,0,0,0,0,0,NA,NA,NA,NA
9,DPP4I main_SU main_4-point MACE,truven_ccae_2324_20230201,0,626883,1477240,0,0,0,0,0,0,0,0,0,0,0,NA,NA,NA,NA
9,DPP4I main_SU main_4-point MACE,optum_extended_dod_2323_20230201,0,599920,1319840,0,0,0,0,0,0,0,0,0,0,0,NA,NA,NA,NA
9,DPP4I main_SU main_4-point MACE,optum_extended_ses_2327_20230204,0,599919,1319840,0,0,0,0,0,0,0,0,0,0,0,NA,NA,NA,NA
9,DPP4I main_SU main_4-point MACE,US_PharMetrics_Plus_20230330,0,546343,1455410,0,0,0,0,0,0,0,0,0,0,0,NA,NA,NA,NA
9,DPP4I main_SU main_4-point MACE,optum_ehr_2247_20221205,0,449949,1565820,0,0,0,0,0,0,0,0,0,0,0,NA,NA,NA,NA
9,DPP4I main_SU main_4-point MACE,truven_mdcr_2322_20230127,0,388236,481750,0,0,0,0,0,0,0,0,0,0,0,NA,NA,NA,NA
9,DPP4I main_SU main_4-point MACE,pmtx_202203_20220831,0,113907,307900,0,0,0,0,0,0,0,0,0,0,0,NA,NA,NA,NA
9,DPP4I main_SU main_4-point MACE,jmdc_2325_20230126,0,93462,186980,0,0,0,0,0,0,0,0,0,0,0,NA,NA,NA,NA
9,DPP4I main_SU main_4-point MACE,VA-OMOP_20230411,0,78282,527360,0,0,0,0,0,0,0,0,0,0,0,NA,NA,NA,NA
9,DPP4I main_SU main_4-point MACE,Japan_Claims_20230215,0,63264,183860,0,0,0,0,0,0,0,0,0,0,0,NA,NA,NA,NA
9,DPP4I main_SU main_4-point MACE,US_Hospital_20230130,0,62779,333060,0,0,0,0,0,0,0,0,0,0,0,NA,NA,NA,NA
9,DPP4I main_SU main_4-point MACE,truven_mdcd_2359_20230215,0,53891,249690,0,0,0,0,0,0,0,0,0,0,0,NA,NA,NA,NA
9,DPP4I main_SU main_4-point MACE,UK_IMRD_THIN_20221230,0,46223,86730,0,0,0,0,0,0,0,0,0,0,0,NA,NA,NA,NA
9,DPP4I main_SU main_4-point MACE,IQVIA_Germany_DA_20230124,0,34376,168770,0,0,0,0,0,0,0,0,0,0,0,NA,NA,NA,NA
9,DPP4I main_SU main_4-point MACE,France_LPD_20230118,0,17967,69870,0,0,0,0,0,0,0,0,0,0,0,NA,NA,NA,NA
9,DPP4I main_SU main_4-point MACE,LPD_Italy_20221226,0,15674,34560,0,0,0,0,0,0,0,0,0,0,0,NA,NA,NA,NA
9,DPP4I main_SU main_4-point MACE,UK_IMRD_EMIS_20230215,0,12232,28020,0,0,0,0,0,0,0,0,0,0,0,NA,NA,NA,NA
9,DPP4I main_SU main_4-point MACE,IQVIA_France_DA_20230201,0,8245,35460,0,0,0,0,0,0,0,0,0,0,0,NA,NA,NA,NA
9,DPP4I main_SU main_4-point MACE,AUSOM_20220228,0,7616,34770,0,0,0,0,0,0,0,0,0,0,0,NA,NA,NA,NA
9,DPP4I main_SU main_4-point MACE,JHM_OMOP_20230406,0,7300,19650,0,0,0,0,0,0,0,0,0,0,0,NA,NA,NA,NA
9,DPP4I main_SU main_4-point MACE,TMUCRD_20210406,0,7245,52740,0,0,0,0,0,0,0,0,0,0,0,NA,NA,NA,NA
9,DPP4I main_SU main_4-point MACE,CUIMC_20221214,0,7067,60920,0,0,0,0,0,0,0,0,0,0,0,NA,NA,NA,NA
9,DPP4I main_SU main_4-point MACE,LPD_Spain_20220704,0,6161,19530,0,0,0,0,0,0,0,0,0,0,0,NA,NA,NA,NA
9,DPP4I main_SU main_4-point MACE,IQVIA_Belgium_LPD_20221006,0,1773,5210,0,0,0,0,0,0,0,0,0,0,0,NA,NA,NA,NA
9,DPP4I main_SU main_4-point MACE,Keck_Upgraded_OMOP_v5_NA,0,1700,9120,0,0,0,0,0,0,0,0,0,0,0,NA,NA,NA,NA
9,DPP4I main_SU main_4-point MACE,Australia_EMR_20230317,0,586,4420,0,0,0,0,0,0,0,0,0,0,0,NA,NA,NA,NA
9,DPP4I main_SU main_4-point MACE,Japan_HIS_20220120,0,449,11790,0,0,0,0,0,0,0,0,0,0,0,NA,NA,NA,NA
9,DPP4I main_SU main_4-point MACE,RED_CDM_Tufts_20221005,0,113,1860,0,0,0,0,0,0,0,0,0,0,0,NA,NA,NA,NA
9,DPP4I main_SU main_4-point MACE,premier_2326_20230125,1,6525,914680,0,0,0,0,0,1,0,0,0,0,0,NA,NA,NA,NA
9,DPP4I main_SU main_4-point MACE,ktph_sg_NA,1,578,870,0,0,NA,0,0,0,0,0,0,0,0,NA,NA,NA,NA
9,DPP4I main_SU main_4-point MACE,Klinicki_centar_Crne_Gore_20230101,2,0,0,0,0,0,0,0,0,0,1,0,0,0,NA,NA,NA,NA
9,DPP4I main_SU main_4-point MACE,cdm_cds,2,0,0,0,0,0,0,0,0,0,0,1,0,0,NA,NA,NA,NA
9,DPP4I main_SU main_4-point MACE,ccpp_v54_20210101,4,0,0,0,0,0,0,0,0,0,1,1,0,1,NA,NA,NA,NA
9,DPP4I main_SU main_4-point MACE,HKU-THIN,5,0,-12724481,1,0,NA,0,0,0,0,1,0,1,1,NA,NA,NA,NA
9,DPP4I main_SU main_4-point MACE,omop_20190828,NA,NA,900220,NA,0,NA,0,0,NA,0,NA,0,NA,NA,NA,NA,NA,NA
10,GLP1RA main_SGLT2I main_4-point MACE,US_OPEN_CLAIMS_20230313,0,2797753,13190780,0,0,0,0,0,0,0,0,0,0,0,NA,NA,NA,NA
10,GLP1RA main_SGLT2I main_4-point MACE,US_PharMetrics_Plus_20230330,0,603199,1606870,0,0,0,0,0,0,0,0,0,0,0,NA,NA,NA,NA
10,GLP1RA main_SGLT2I main_4-point MACE,optum_extended_ses_2327_20230204,0,433598,953930,0,0,0,0,0,0,0,0,0,0,0,NA,NA,NA,NA
10,GLP1RA main_SGLT2I main_4-point MACE,optum_extended_dod_2323_20230201,0,433595,953920,0,0,0,0,0,0,0,0,0,0,0,NA,NA,NA,NA
10,GLP1RA main_SGLT2I main_4-point MACE,truven_ccae_2324_20230201,0,397219,936040,0,0,0,0,0,0,0,0,0,0,0,NA,NA,NA,NA
10,GLP1RA main_SGLT2I main_4-point MACE,optum_ehr_2247_20221205,0,262584,913790,0,0,0,0,0,0,0,0,0,0,0,NA,NA,NA,NA
10,GLP1RA main_SGLT2I main_4-point MACE,truven_mdcr_2322_20230127,0,120964,150100,0,0,0,0,0,0,0,0,0,0,0,NA,NA,NA,NA
10,GLP1RA main_SGLT2I main_4-point MACE,pmtx_202203_20220831,0,108591,293530,0,0,0,0,0,0,0,0,0,0,0,NA,NA,NA,NA
10,GLP1RA main_SGLT2I main_4-point MACE,VA-OMOP_20230411,0,74531,502090,0,0,0,0,0,0,0,0,0,0,0,NA,NA,NA,NA
10,GLP1RA main_SGLT2I main_4-point MACE,truven_mdcd_2359_20230215,0,36976,171320,0,0,0,0,0,0,0,0,0,0,0,NA,NA,NA,NA
10,GLP1RA main_SGLT2I main_4-point MACE,UK_IMRD_THIN_20221230,0,32984,61890,0,0,0,0,0,0,0,0,0,0,0,NA,NA,NA,NA
10,GLP1RA main_SGLT2I main_4-point MACE,IQVIA_Germany_DA_20230124,0,25687,126110,0,0,0,0,0,0,0,0,0,0,0,NA,NA,NA,NA
10,GLP1RA main_SGLT2I main_4-point MACE,jmdc_2325_20230126,0,15225,30460,0,0,0,0,0,0,0,0,0,0,0,NA,NA,NA,NA
10,GLP1RA main_SGLT2I main_4-point MACE,UK_IMRD_EMIS_20230215,0,13027,29840,0,0,0,0,0,0,0,0,0,0,0,NA,NA,NA,NA
10,GLP1RA main_SGLT2I main_4-point MACE,Japan_Claims_20230215,0,10987,31930,0,0,0,0,0,0,0,0,0,0,0,NA,NA,NA,NA
10,GLP1RA main_SGLT2I main_4-point MACE,JHM_OMOP_20230406,0,7898,21260,0,0,0,0,0,0,0,0,0,0,0,NA,NA,NA,NA
10,GLP1RA main_SGLT2I main_4-point MACE,LPD_Italy_20221226,0,7179,15830,0,0,0,0,0,0,0,0,0,0,0,NA,NA,NA,NA
10,GLP1RA main_SGLT2I main_4-point MACE,France_LPD_20230118,0,5475,21290,0,0,0,0,0,0,0,0,0,0,0,NA,NA,NA,NA
10,GLP1RA main_SGLT2I main_4-point MACE,CUIMC_20221214,0,4366,37640,0,0,0,0,0,0,0,0,0,0,0,NA,NA,NA,NA
10,GLP1RA main_SGLT2I main_4-point MACE,LPD_Spain_20220704,0,3795,12030,0,0,0,0,0,0,0,0,0,0,0,NA,NA,NA,NA
10,GLP1RA main_SGLT2I main_4-point MACE,US_Hospital_20230130,0,2639,14000,0,0,0,0,0,0,0,0,0,0,0,NA,NA,NA,NA
10,GLP1RA main_SGLT2I main_4-point MACE,IQVIA_Belgium_LPD_20221006,0,2208,6490,0,0,0,0,0,0,0,0,0,0,0,NA,NA,NA,NA
10,GLP1RA main_SGLT2I main_4-point MACE,Australia_EMR_20230317,0,835,6300,0,0,0,0,0,0,0,0,0,0,0,NA,NA,NA,NA
10,GLP1RA main_SGLT2I main_4-point MACE,IQVIA_France_DA_20230201,0,728,3130,0,0,0,0,0,0,0,0,0,0,0,NA,NA,NA,NA
10,GLP1RA main_SGLT2I main_4-point MACE,AUSOM_20220228,0,699,3190,0,0,0,0,0,0,0,0,0,0,0,NA,NA,NA,NA
10,GLP1RA main_SGLT2I main_4-point MACE,TMUCRD_20210406,0,433,3150,0,0,0,0,0,0,0,0,0,0,0,NA,NA,NA,NA
10,GLP1RA main_SGLT2I main_4-point MACE,Japan_HIS_20220120,0,108,2830,0,0,0,0,0,0,0,0,0,0,0,NA,NA,NA,NA
10,GLP1RA main_SGLT2I main_4-point MACE,RED_CDM_Tufts_20221005,0,83,1360,0,0,0,0,0,0,0,0,0,0,0,NA,NA,NA,NA
10,GLP1RA main_SGLT2I main_4-point MACE,Keck_Upgraded_OMOP_v5_NA,1,15,80,0,0,0,0,0,0,0,0,0,0,0,NA,NA,NA,NA
10,GLP1RA main_SGLT2I main_4-point MACE,ktph_sg_NA,1,13,20,0,0,NA,0,0,0,0,0,0,0,0,NA,NA,NA,NA
10,GLP1RA main_SGLT2I main_4-point MACE,Klinicki_centar_Crne_Gore_20230101,2,0,0,0,0,0,0,0,0,0,0,0,0,1,NA,NA,NA,NA
10,GLP1RA main_SGLT2I main_4-point MACE,cdm_cds,2,0,0,0,0,0,0,0,0,0,0,1,0,0,NA,NA,NA,NA
10,GLP1RA main_SGLT2I main_4-point MACE,ccpp_v54_20210101,4,0,0,0,0,0,0,0,0,0,1,1,0,1,NA,NA,NA,NA
10,GLP1RA main_SGLT2I main_4-point MACE,premier_2326_20230125,4,0,0,0,0,0,0,0,1,0,1,0,0,1,NA,NA,NA,NA
10,GLP1RA main_SGLT2I main_4-point MACE,HKU-THIN,5,0,-12724481,1,0,NA,0,0,0,0,1,0,1,1,NA,NA,NA,NA
10,GLP1RA main_SGLT2I main_4-point MACE,omop_20190828,NA,NA,48480,NA,0,NA,0,0,NA,0,NA,0,NA,0,NA,NA,NA,NA
11,GLP1RA main_SU main_4-point MACE,US_OPEN_CLAIMS_20230313,0,4114327,19398130,0,0,0,0,0,0,0,0,0,0,0,NA,NA,NA,NA
11,GLP1RA main_SU main_4-point MACE,US_PharMetrics_Plus_20230330,0,845464,2252240,0,0,0,0,0,0,0,0,0,0,0,NA,NA,NA,NA
11,GLP1RA main_SU main_4-point MACE,truven_ccae_2324_20230201,0,772045,1819310,0,0,0,0,0,0,0,0,0,0,0,NA,NA,NA,NA
11,GLP1RA main_SU main_4-point MACE,optum_extended_dod_2323_20230201,0,652061,1434550,0,0,0,0,0,0,0,0,0,0,0,NA,NA,NA,NA
11,GLP1RA main_SU main_4-point MACE,optum_extended_ses_2327_20230204,0,652050,1434530,0,0,0,0,0,0,0,0,0,0,0,NA,NA,NA,NA
11,GLP1RA main_SU main_4-point MACE,optum_ehr_2247_20221205,0,381202,1326580,0,0,0,0,0,0,0,0,0,0,0,NA,NA,NA,NA
11,GLP1RA main_SU main_4-point MACE,truven_mdcr_2322_20230127,0,193421,240010,0,0,0,0,0,0,0,0,0,0,0,NA,NA,NA,NA
11,GLP1RA main_SU main_4-point MACE,pmtx_202203_20220831,0,145186,392450,0,0,0,0,0,0,0,0,0,0,0,NA,NA,NA,NA
11,GLP1RA main_SU main_4-point MACE,VA-OMOP_20230411,0,74531,502090,0,0,0,0,0,0,0,0,0,0,0,NA,NA,NA,NA
11,GLP1RA main_SU main_4-point MACE,truven_mdcd_2359_20230215,0,58097,269180,0,0,0,0,0,0,0,0,0,0,0,NA,NA,NA,NA
11,GLP1RA main_SU main_4-point MACE,UK_IMRD_THIN_20221230,0,32984,61890,0,0,0,0,0,0,0,0,0,0,0,NA,NA,NA,NA
11,GLP1RA main_SU main_4-point MACE,IQVIA_Germany_DA_20230124,0,25687,126110,0,0,0,0,0,0,0,0,0,0,0,NA,NA,NA,NA
11,GLP1RA main_SU main_4-point MACE,France_LPD_20230118,0,17967,69870,0,0,0,0,0,0,0,0,0,0,0,NA,NA,NA,NA
11,GLP1RA main_SU main_4-point MACE,jmdc_2325_20230126,0,15225,30460,0,0,0,0,0,0,0,0,0,0,0,NA,NA,NA,NA
11,GLP1RA main_SU main_4-point MACE,UK_IMRD_EMIS_20230215,0,12232,28020,0,0,0,0,0,0,0,0,0,0,0,NA,NA,NA,NA
11,GLP1RA main_SU main_4-point MACE,JHM_OMOP_20230406,0,11569,31140,0,0,0,0,0,0,0,0,0,0,0,NA,NA,NA,NA
11,GLP1RA main_SU main_4-point MACE,Japan_Claims_20230215,0,10987,31930,0,0,0,0,0,0,0,0,0,0,0,NA,NA,NA,NA
11,GLP1RA main_SU main_4-point MACE,LPD_Italy_20221226,0,8350,18410,0,0,0,0,0,0,0,0,0,0,0,NA,NA,NA,NA
11,GLP1RA main_SU main_4-point MACE,CUIMC_20221214,0,6690,57670,0,0,0,0,0,0,0,0,0,0,0,NA,NA,NA,NA
11,GLP1RA main_SU main_4-point MACE,IQVIA_France_DA_20230201,0,5799,24940,0,0,0,0,0,0,0,0,0,0,0,NA,NA,NA,NA
11,GLP1RA main_SU main_4-point MACE,LPD_Spain_20220704,0,3795,12030,0,0,0,0,0,0,0,0,0,0,0,NA,NA,NA,NA
11,GLP1RA main_SU main_4-point MACE,US_Hospital_20230130,0,2639,14000,0,0,0,0,0,0,0,0,0,0,0,NA,NA,NA,NA
11,GLP1RA main_SU main_4-point MACE,IQVIA_Belgium_LPD_20221006,0,1773,5210,0,0,0,0,0,0,0,0,0,0,0,NA,NA,NA,NA
11,GLP1RA main_SU main_4-point MACE,AUSOM_20220228,0,699,3190,0,0,0,0,0,0,0,0,0,0,0,NA,NA,NA,NA
11,GLP1RA main_SU main_4-point MACE,Australia_EMR_20230317,0,586,4420,0,0,0,0,0,0,0,0,0,0,0,NA,NA,NA,NA
11,GLP1RA main_SU main_4-point MACE,TMUCRD_20210406,0,433,3150,0,0,0,0,0,0,0,0,0,0,0,NA,NA,NA,NA
11,GLP1RA main_SU main_4-point MACE,RED_CDM_Tufts_20221005,0,132,2180,0,0,0,0,0,0,0,0,0,0,0,NA,NA,NA,NA
11,GLP1RA main_SU main_4-point MACE,Japan_HIS_20220120,0,108,2830,0,0,0,0,0,0,0,0,0,0,0,NA,NA,NA,NA
11,GLP1RA main_SU main_4-point MACE,Keck_Upgraded_OMOP_v5_NA,1,15,80,0,0,0,0,0,0,0,0,0,0,0,NA,NA,NA,NA
11,GLP1RA main_SU main_4-point MACE,ktph_sg_NA,1,13,20,0,0,NA,0,0,0,0,0,0,0,0,NA,NA,NA,NA
11,GLP1RA main_SU main_4-point MACE,cdm_cds,2,0,0,0,0,0,0,0,0,0,0,1,0,0,NA,NA,NA,NA
11,GLP1RA main_SU main_4-point MACE,Klinicki_centar_Crne_Gore_20230101,3,0,0,0,0,0,0,0,0,0,1,0,0,1,NA,NA,NA,NA
11,GLP1RA main_SU main_4-point MACE,premier_2326_20230125,3,0,0,0,0,0,0,0,1,0,0,0,0,1,NA,NA,NA,NA
11,GLP1RA main_SU main_4-point MACE,ccpp_v54_20210101,4,0,0,0,0,0,0,0,0,0,1,1,0,1,NA,NA,NA,NA
11,GLP1RA main_SU main_4-point MACE,HKU-THIN,5,0,-12724481,1,0,NA,0,0,0,0,1,0,1,1,NA,NA,NA,NA
11,GLP1RA main_SU main_4-point MACE,omop_20190828,NA,NA,48480,NA,0,NA,0,0,NA,0,NA,0,NA,0,NA,NA,NA,NA
12,SGLT2I main_SU main_4-point MACE,US_OPEN_CLAIMS_20230313,0,2797753,13190780,0,0,0,0,0,0,0,0,0,0,0,NA,NA,NA,NA
12,SGLT2I main_SU main_4-point MACE,US_PharMetrics_Plus_20230330,0,603199,1606870,0,0,0,0,0,0,0,0,0,0,0,NA,NA,NA,NA
12,SGLT2I main_SU main_4-point MACE,optum_extended_ses_2327_20230204,0,433598,953930,0,0,0,0,0,0,0,0,0,0,0,NA,NA,NA,NA
12,SGLT2I main_SU main_4-point MACE,optum_extended_dod_2323_20230201,0,433595,953920,0,0,0,0,0,0,0,0,0,0,0,NA,NA,NA,NA
12,SGLT2I main_SU main_4-point MACE,truven_ccae_2324_20230201,0,397219,936040,0,0,0,0,0,0,0,0,0,0,0,NA,NA,NA,NA
12,SGLT2I main_SU main_4-point MACE,optum_ehr_2247_20221205,0,262584,913790,0,0,0,0,0,0,0,0,0,0,0,NA,NA,NA,NA
12,SGLT2I main_SU main_4-point MACE,truven_mdcr_2322_20230127,0,120964,150100,0,0,0,0,0,0,0,0,0,0,0,NA,NA,NA,NA
12,SGLT2I main_SU main_4-point MACE,pmtx_202203_20220831,0,108591,293530,0,0,0,0,0,0,0,0,0,0,0,NA,NA,NA,NA
12,SGLT2I main_SU main_4-point MACE,jmdc_2325_20230126,0,93462,186980,0,0,0,0,0,0,0,0,0,0,0,NA,NA,NA,NA
12,SGLT2I main_SU main_4-point MACE,VA-OMOP_20230411,0,77503,522110,0,0,0,0,0,0,0,0,0,0,0,NA,NA,NA,NA
12,SGLT2I main_SU main_4-point MACE,Japan_Claims_20230215,0,44250,128600,0,0,0,0,0,0,0,0,0,0,0,NA,NA,NA,NA
12,SGLT2I main_SU main_4-point MACE,UK_IMRD_THIN_20221230,0,40675,76320,0,0,0,0,0,0,0,0,0,0,0,NA,NA,NA,NA
12,SGLT2I main_SU main_4-point MACE,truven_mdcd_2359_20230215,0,36976,171320,0,0,0,0,0,0,0,0,0,0,0,NA,NA,NA,NA
12,SGLT2I main_SU main_4-point MACE,IQVIA_Germany_DA_20230124,0,34376,168770,0,0,0,0,0,0,0,0,0,0,0,NA,NA,NA,NA
12,SGLT2I main_SU main_4-point MACE,UK_IMRD_EMIS_20230215,0,12232,28020,0,0,0,0,0,0,0,0,0,0,0,NA,NA,NA,NA
12,SGLT2I main_SU main_4-point MACE,JHM_OMOP_20230406,0,7898,21260,0,0,0,0,0,0,0,0,0,0,0,NA,NA,NA,NA
12,SGLT2I main_SU main_4-point MACE,LPD_Italy_20221226,0,7179,15830,0,0,0,0,0,0,0,0,0,0,0,NA,NA,NA,NA
12,SGLT2I main_SU main_4-point MACE,LPD_Spain_20220704,0,6161,19530,0,0,0,0,0,0,0,0,0,0,0,NA,NA,NA,NA
12,SGLT2I main_SU main_4-point MACE,US_Hospital_20230130,0,5983,31740,0,0,0,0,0,0,0,0,0,0,0,NA,NA,NA,NA
12,SGLT2I main_SU main_4-point MACE,France_LPD_20230118,0,5475,21290,0,0,0,0,0,0,0,0,0,0,0,NA,NA,NA,NA
12,SGLT2I main_SU main_4-point MACE,CUIMC_20221214,0,4366,37640,0,0,0,0,0,0,0,0,0,0,0,NA,NA,NA,NA
12,SGLT2I main_SU main_4-point MACE,IQVIA_Belgium_LPD_20221006,0,1773,5210,0,0,0,0,0,0,0,0,0,0,0,NA,NA,NA,NA
12,SGLT2I main_SU main_4-point MACE,AUSOM_20220228,0,1500,6850,0,0,0,0,0,0,0,0,0,0,0,NA,NA,NA,NA
12,SGLT2I main_SU main_4-point MACE,TMUCRD_20210406,0,1475,10740,0,0,0,0,0,0,0,0,0,0,0,NA,NA,NA,NA
12,SGLT2I main_SU main_4-point MACE,IQVIA_France_DA_20230201,0,728,3130,0,0,0,0,0,0,0,0,0,0,0,NA,NA,NA,NA
12,SGLT2I main_SU main_4-point MACE,Australia_EMR_20230317,0,586,4420,0,0,0,0,0,0,0,0,0,0,0,NA,NA,NA,NA
12,SGLT2I main_SU main_4-point MACE,Japan_HIS_20220120,0,281,7370,0,0,0,0,0,0,0,0,0,0,0,NA,NA,NA,NA
12,SGLT2I main_SU main_4-point MACE,RED_CDM_Tufts_20221005,0,83,1360,0,0,0,0,0,0,0,0,0,0,0,NA,NA,NA,NA
12,SGLT2I main_SU main_4-point MACE,ktph_sg_NA,1,93,140,0,0,NA,0,0,0,0,0,0,0,0,NA,NA,NA,NA
12,SGLT2I main_SU main_4-point MACE,Keck_Upgraded_OMOP_v5_NA,1,69,370,0,0,0,0,0,0,0,0,0,0,0,NA,NA,NA,NA
12,SGLT2I main_SU main_4-point MACE,Klinicki_centar_Crne_Gore_20230101,2,0,0,0,0,0,0,0,0,0,1,0,0,0,NA,NA,NA,NA
12,SGLT2I main_SU main_4-point MACE,cdm_cds,2,0,0,0,0,0,0,0,0,0,0,1,0,0,NA,NA,NA,NA
12,SGLT2I main_SU main_4-point MACE,premier_2326_20230125,3,0,0,0,0,0,0,0,1,0,0,0,0,1,NA,NA,NA,NA
12,SGLT2I main_SU main_4-point MACE,ccpp_v54_20210101,4,0,0,0,0,0,0,0,0,0,1,1,0,1,NA,NA,NA,NA
12,SGLT2I main_SU main_4-point MACE,HKU-THIN,5,0,-12724481,1,0,NA,0,0,0,0,1,0,1,1,NA,NA,NA,NA
12,SGLT2I main_SU main_4-point MACE,omop_20190828,NA,NA,900220,NA,0,NA,0,0,NA,0,NA,0,NA,NA,NA,NA,NA,NA
13,DPP4I main_GLP1RA main_Acute myocardial infarction,US_OPEN_CLAIMS_20230313,0,2984398,14070770,0,0,0,0,0,0,0,0,0,0,0,NA,NA,NA,NA
13,DPP4I main_GLP1RA main_Acute myocardial infarction,truven_ccae_2324_20230201,0,626883,1477240,0,0,0,0,0,0,0,0,0,0,0,NA,NA,NA,NA
13,DPP4I main_GLP1RA main_Acute myocardial infarction,optum_extended_dod_2323_20230201,0,599920,1319840,0,0,0,0,0,0,0,0,0,0,0,NA,NA,NA,NA
13,DPP4I main_GLP1RA main_Acute myocardial infarction,optum_extended_ses_2327_20230204,0,599919,1319840,0,0,0,0,0,0,0,0,0,0,0,NA,NA,NA,NA
13,DPP4I main_GLP1RA main_Acute myocardial infarction,US_PharMetrics_Plus_20230330,0,546343,1455410,0,0,0,0,0,0,0,0,0,0,0,NA,NA,NA,NA
13,DPP4I main_GLP1RA main_Acute myocardial infarction,optum_ehr_2247_20221205,0,381202,1326580,0,0,0,0,0,0,0,0,0,0,0,NA,NA,NA,NA
13,DPP4I main_GLP1RA main_Acute myocardial infarction,truven_mdcr_2322_20230127,0,193421,240010,0,0,0,0,0,0,0,0,0,0,0,NA,NA,NA,NA
13,DPP4I main_GLP1RA main_Acute myocardial infarction,pmtx_202203_20220831,0,113907,307900,0,0,0,0,0,0,0,0,0,0,0,NA,NA,NA,NA
13,DPP4I main_GLP1RA main_Acute myocardial infarction,VA-OMOP_20230411,0,74531,502090,0,0,0,0,0,0,0,0,0,0,0,NA,NA,NA,NA
13,DPP4I main_GLP1RA main_Acute myocardial infarction,truven_mdcd_2359_20230215,0,53891,249690,0,0,0,0,0,0,0,0,0,0,0,NA,NA,NA,NA
13,DPP4I main_GLP1RA main_Acute myocardial infarction,UK_IMRD_THIN_20221230,0,32984,61890,0,0,0,0,0,0,0,0,0,0,0,NA,NA,NA,NA
13,DPP4I main_GLP1RA main_Acute myocardial infarction,IQVIA_Germany_DA_20230124,0,25687,126110,0,0,0,0,0,0,0,0,0,0,0,NA,NA,NA,NA
13,DPP4I main_GLP1RA main_Acute myocardial infarction,France_LPD_20230118,0,19374,75340,0,0,0,0,0,0,0,0,0,0,0,NA,NA,NA,NA
13,DPP4I main_GLP1RA main_Acute myocardial infarction,jmdc_2325_20230126,0,15225,30460,0,0,0,0,0,0,0,0,0,0,0,NA,NA,NA,NA
13,DPP4I main_GLP1RA main_Acute myocardial infarction,UK_IMRD_EMIS_20230215,0,13027,29840,0,0,0,0,0,0,0,0,0,0,0,NA,NA,NA,NA
13,DPP4I main_GLP1RA main_Acute myocardial infarction,Japan_Claims_20230215,0,10987,31930,0,0,0,0,0,0,0,0,0,0,0,NA,NA,NA,NA
13,DPP4I main_GLP1RA main_Acute myocardial infarction,LPD_Italy_20221226,0,8350,18410,0,0,0,0,0,0,0,0,0,0,0,NA,NA,NA,NA
13,DPP4I main_GLP1RA main_Acute myocardial infarction,JHM_OMOP_20230406,0,7300,19650,0,0,0,0,0,0,0,0,0,0,0,NA,NA,NA,NA
13,DPP4I main_GLP1RA main_Acute myocardial infarction,CUIMC_20221214,0,6690,57670,0,0,0,0,0,0,0,0,0,0,0,NA,NA,NA,NA
13,DPP4I main_GLP1RA main_Acute myocardial infarction,IQVIA_France_DA_20230201,0,5799,24940,0,0,0,0,0,0,0,0,0,0,0,NA,NA,NA,NA
13,DPP4I main_GLP1RA main_Acute myocardial infarction,LPD_Spain_20220704,0,3795,12030,0,0,0,0,0,0,0,0,0,0,0,NA,NA,NA,NA
13,DPP4I main_GLP1RA main_Acute myocardial infarction,IQVIA_Belgium_LPD_20221006,0,2933,8620,0,0,0,0,0,0,0,0,0,0,0,NA,NA,NA,NA
13,DPP4I main_GLP1RA main_Acute myocardial infarction,US_Hospital_20230130,0,2639,14000,0,0,0,0,0,0,0,0,0,0,0,NA,NA,NA,NA
13,DPP4I main_GLP1RA main_Acute myocardial infarction,Australia_EMR_20230317,0,835,6300,0,0,0,0,0,0,0,0,0,0,0,NA,NA,NA,NA
13,DPP4I main_GLP1RA main_Acute myocardial infarction,AUSOM_20220228,0,699,3190,0,0,0,0,0,0,0,0,0,0,0,NA,NA,NA,NA
13,DPP4I main_GLP1RA main_Acute myocardial infarction,TMUCRD_20210406,0,433,3150,0,0,0,0,0,0,0,0,0,0,0,NA,NA,NA,NA
13,DPP4I main_GLP1RA main_Acute myocardial infarction,RED_CDM_Tufts_20221005,0,113,1860,0,0,0,0,0,0,0,0,0,0,0,NA,NA,NA,NA
13,DPP4I main_GLP1RA main_Acute myocardial infarction,Japan_HIS_20220120,0,108,2830,0,0,0,0,0,0,0,0,0,0,0,NA,NA,NA,NA
13,DPP4I main_GLP1RA main_Acute myocardial infarction,Keck_Upgraded_OMOP_v5_NA,1,15,80,0,0,0,0,0,0,0,0,0,0,0,NA,NA,NA,NA
13,DPP4I main_GLP1RA main_Acute myocardial infarction,ktph_sg_NA,1,13,20,0,0,NA,0,0,0,0,0,0,0,0,NA,NA,NA,NA
13,DPP4I main_GLP1RA main_Acute myocardial infarction,Klinicki_centar_Crne_Gore_20230101,2,0,0,0,0,0,0,0,0,0,1,0,0,0,NA,NA,NA,NA
13,DPP4I main_GLP1RA main_Acute myocardial infarction,cdm_cds,2,0,0,0,0,0,0,0,0,0,0,1,0,0,NA,NA,NA,NA
13,DPP4I main_GLP1RA main_Acute myocardial infarction,premier_2326_20230125,3,0,0,0,0,0,0,0,1,0,1,0,0,0,NA,NA,NA,NA
13,DPP4I main_GLP1RA main_Acute myocardial infarction,ccpp_v54_20210101,4,0,0,0,0,0,0,0,0,0,1,1,0,1,NA,NA,NA,NA
13,DPP4I main_GLP1RA main_Acute myocardial infarction,HKU-THIN,5,0,-12724481,1,0,NA,0,0,0,0,1,0,1,1,NA,NA,NA,NA
13,DPP4I main_GLP1RA main_Acute myocardial infarction,omop_20190828,NA,NA,48480,NA,0,NA,0,0,NA,0,0,0,NA,NA,NA,NA,NA,NA
14,DPP4I main_SGLT2I main_Acute myocardial infarction,US_OPEN_CLAIMS_20230313,0,2797753,13190780,0,0,0,0,0,0,0,0,0,0,0,NA,NA,NA,NA
14,DPP4I main_SGLT2I main_Acute myocardial infarction,US_PharMetrics_Plus_20230330,0,546343,1455410,0,0,0,0,0,0,0,0,0,0,0,NA,NA,NA,NA
14,DPP4I main_SGLT2I main_Acute myocardial infarction,optum_extended_ses_2327_20230204,0,433598,953930,0,0,0,0,0,0,0,0,0,0,0,NA,NA,NA,NA
14,DPP4I main_SGLT2I main_Acute myocardial infarction,optum_extended_dod_2323_20230201,0,433595,953920,0,0,0,0,0,0,0,0,0,0,0,NA,NA,NA,NA
14,DPP4I main_SGLT2I main_Acute myocardial infarction,truven_ccae_2324_20230201,0,397219,936040,0,0,0,0,0,0,0,0,0,0,0,NA,NA,NA,NA
14,DPP4I main_SGLT2I main_Acute myocardial infarction,optum_ehr_2247_20221205,0,262584,913790,0,0,0,0,0,0,0,0,0,0,0,NA,NA,NA,NA
14,DPP4I main_SGLT2I main_Acute myocardial infarction,truven_mdcr_2322_20230127,0,120964,150100,0,0,0,0,0,0,0,0,0,0,0,NA,NA,NA,NA
14,DPP4I main_SGLT2I main_Acute myocardial infarction,pmtx_202203_20220831,0,108591,293530,0,0,0,0,0,0,0,0,0,0,0,NA,NA,NA,NA
14,DPP4I main_SGLT2I main_Acute myocardial infarction,jmdc_2325_20230126,0,97761,195580,0,0,0,0,0,0,0,0,0,0,0,NA,NA,NA,NA
14,DPP4I main_SGLT2I main_Acute myocardial infarction,VA-OMOP_20230411,0,77503,522110,0,0,0,0,0,0,0,0,0,0,0,NA,NA,NA,NA
14,DPP4I main_SGLT2I main_Acute myocardial infarction,Japan_Claims_20230215,0,44250,128600,0,0,0,0,0,0,0,0,0,0,0,NA,NA,NA,NA
14,DPP4I main_SGLT2I main_Acute myocardial infarction,UK_IMRD_THIN_20221230,0,40675,76320,0,0,0,0,0,0,0,0,0,0,0,NA,NA,NA,NA
14,DPP4I main_SGLT2I main_Acute myocardial infarction,truven_mdcd_2359_20230215,0,36976,171320,0,0,0,0,0,0,0,0,0,0,0,NA,NA,NA,NA
14,DPP4I main_SGLT2I main_Acute myocardial infarction,IQVIA_Germany_DA_20230124,0,36211,177780,0,0,0,0,0,0,0,0,0,0,0,NA,NA,NA,NA
14,DPP4I main_SGLT2I main_Acute myocardial infarction,UK_IMRD_EMIS_20230215,0,16790,38460,0,0,0,0,0,0,0,0,0,0,0,NA,NA,NA,NA
14,DPP4I main_SGLT2I main_Acute myocardial infarction,LPD_Spain_20220704,0,10616,33650,0,0,0,0,0,0,0,0,0,0,0,NA,NA,NA,NA
14,DPP4I main_SGLT2I main_Acute myocardial infarction,JHM_OMOP_20230406,0,7300,19650,0,0,0,0,0,0,0,0,0,0,0,NA,NA,NA,NA
14,DPP4I main_SGLT2I main_Acute myocardial infarction,LPD_Italy_20221226,0,7179,15830,0,0,0,0,0,0,0,0,0,0,0,NA,NA,NA,NA
14,DPP4I main_SGLT2I main_Acute myocardial infarction,US_Hospital_20230130,0,5983,31740,0,0,0,0,0,0,0,0,0,0,0,NA,NA,NA,NA
14,DPP4I main_SGLT2I main_Acute myocardial infarction,France_LPD_20230118,0,5475,21290,0,0,0,0,0,0,0,0,0,0,0,NA,NA,NA,NA
14,DPP4I main_SGLT2I main_Acute myocardial infarction,CUIMC_20221214,0,4366,37640,0,0,0,0,0,0,0,0,0,0,0,NA,NA,NA,NA
14,DPP4I main_SGLT2I main_Acute myocardial infarction,Australia_EMR_20230317,0,2683,20240,0,0,0,0,0,0,0,0,0,0,0,NA,NA,NA,NA
14,DPP4I main_SGLT2I main_Acute myocardial infarction,IQVIA_Belgium_LPD_20221006,0,2208,6490,0,0,0,0,0,0,0,0,0,0,0,NA,NA,NA,NA
14,DPP4I main_SGLT2I main_Acute myocardial infarction,AUSOM_20220228,0,1500,6850,0,0,0,0,0,0,0,0,0,0,0,NA,NA,NA,NA
14,DPP4I main_SGLT2I main_Acute myocardial infarction,TMUCRD_20210406,0,1475,10740,0,0,0,0,0,0,0,0,0,0,0,NA,NA,NA,NA
14,DPP4I main_SGLT2I main_Acute myocardial infarction,IQVIA_France_DA_20230201,0,728,3130,0,0,0,0,0,0,0,0,0,0,0,NA,NA,NA,NA
14,DPP4I main_SGLT2I main_Acute myocardial infarction,Japan_HIS_20220120,0,281,7370,0,0,0,0,0,0,0,0,0,0,0,NA,NA,NA,NA
14,DPP4I main_SGLT2I main_Acute myocardial infarction,RED_CDM_Tufts_20221005,0,83,1360,0,0,0,0,0,0,0,0,0,0,0,NA,NA,NA,NA
14,DPP4I main_SGLT2I main_Acute myocardial infarction,ktph_sg_NA,1,93,140,0,0,NA,0,0,0,0,0,0,0,0,NA,NA,NA,NA
14,DPP4I main_SGLT2I main_Acute myocardial infarction,Keck_Upgraded_OMOP_v5_NA,1,69,370,0,0,0,0,0,0,0,0,0,0,0,NA,NA,NA,NA
14,DPP4I main_SGLT2I main_Acute myocardial infarction,Klinicki_centar_Crne_Gore_20230101,1,10,50,0,0,0,0,0,0,0,0,0,0,0,NA,NA,NA,NA
14,DPP4I main_SGLT2I main_Acute myocardial infarction,cdm_cds,2,0,0,0,0,0,0,0,0,0,0,1,0,0,NA,NA,NA,NA
14,DPP4I main_SGLT2I main_Acute myocardial infarction,premier_2326_20230125,3,0,0,0,0,0,0,0,1,0,1,0,0,0,NA,NA,NA,NA
14,DPP4I main_SGLT2I main_Acute myocardial infarction,ccpp_v54_20210101,4,0,0,0,0,0,0,0,0,0,1,1,0,1,NA,NA,NA,NA
14,DPP4I main_SGLT2I main_Acute myocardial infarction,HKU-THIN,5,0,-12724481,1,0,NA,0,0,0,0,1,0,1,1,NA,NA,NA,NA
14,DPP4I main_SGLT2I main_Acute myocardial infarction,omop_20190828,NA,NA,900220,NA,0,NA,0,0,NA,0,NA,0,NA,NA,NA,NA,NA,NA
15,DPP4I main_SU main_Acute myocardial infarction,US_OPEN_CLAIMS_20230313,0,2984398,14070770,0,0,0,0,0,0,0,0,0,0,0,NA,NA,NA,NA
15,DPP4I main_SU main_Acute myocardial infarction,truven_ccae_2324_20230201,0,626883,1477240,0,0,0,0,0,0,0,0,0,0,0,NA,NA,NA,NA
15,DPP4I main_SU main_Acute myocardial infarction,optum_extended_dod_2323_20230201,0,599920,1319840,0,0,0,0,0,0,0,0,0,0,0,NA,NA,NA,NA
15,DPP4I main_SU main_Acute myocardial infarction,optum_extended_ses_2327_20230204,0,599919,1319840,0,0,0,0,0,0,0,0,0,0,0,NA,NA,NA,NA
15,DPP4I main_SU main_Acute myocardial infarction,US_PharMetrics_Plus_20230330,0,546343,1455410,0,0,0,0,0,0,0,0,0,0,0,NA,NA,NA,NA
15,DPP4I main_SU main_Acute myocardial infarction,optum_ehr_2247_20221205,0,449949,1565820,0,0,0,0,0,0,0,0,0,0,0,NA,NA,NA,NA
15,DPP4I main_SU main_Acute myocardial infarction,truven_mdcr_2322_20230127,0,388236,481750,0,0,0,0,0,0,0,0,0,0,0,NA,NA,NA,NA
15,DPP4I main_SU main_Acute myocardial infarction,pmtx_202203_20220831,0,113907,307900,0,0,0,0,0,0,0,0,0,0,0,NA,NA,NA,NA
15,DPP4I main_SU main_Acute myocardial infarction,jmdc_2325_20230126,0,93462,186980,0,0,0,0,0,0,0,0,0,0,0,NA,NA,NA,NA
15,DPP4I main_SU main_Acute myocardial infarction,VA-OMOP_20230411,0,78282,527360,0,0,0,0,0,0,0,0,0,0,0,NA,NA,NA,NA
15,DPP4I main_SU main_Acute myocardial infarction,Japan_Claims_20230215,0,63264,183860,0,0,0,0,0,0,0,0,0,0,0,NA,NA,NA,NA
15,DPP4I main_SU main_Acute myocardial infarction,US_Hospital_20230130,0,62779,333060,0,0,0,0,0,0,0,0,0,0,0,NA,NA,NA,NA
15,DPP4I main_SU main_Acute myocardial infarction,truven_mdcd_2359_20230215,0,53891,249690,0,0,0,0,0,0,0,0,0,0,0,NA,NA,NA,NA
15,DPP4I main_SU main_Acute myocardial infarction,UK_IMRD_THIN_20221230,0,46223,86730,0,0,0,0,0,0,0,0,0,0,0,NA,NA,NA,NA
15,DPP4I main_SU main_Acute myocardial infarction,IQVIA_Germany_DA_20230124,0,34376,168770,0,0,0,0,0,0,0,0,0,0,0,NA,NA,NA,NA
15,DPP4I main_SU main_Acute myocardial infarction,France_LPD_20230118,0,17967,69870,0,0,0,0,0,0,0,0,0,0,0,NA,NA,NA,NA
15,DPP4I main_SU main_Acute myocardial infarction,LPD_Italy_20221226,0,15674,34560,0,0,0,0,0,0,0,0,0,0,0,NA,NA,NA,NA
15,DPP4I main_SU main_Acute myocardial infarction,UK_IMRD_EMIS_20230215,0,12232,28020,0,0,0,0,0,0,0,0,0,0,0,NA,NA,NA,NA
15,DPP4I main_SU main_Acute myocardial infarction,IQVIA_France_DA_20230201,0,8245,35460,0,0,0,0,0,0,0,0,0,0,0,NA,NA,NA,NA
15,DPP4I main_SU main_Acute myocardial infarction,AUSOM_20220228,0,7616,34770,0,0,0,0,0,0,0,0,0,0,0,NA,NA,NA,NA
15,DPP4I main_SU main_Acute myocardial infarction,JHM_OMOP_20230406,0,7300,19650,0,0,0,0,0,0,0,0,0,0,0,NA,NA,NA,NA
15,DPP4I main_SU main_Acute myocardial infarction,TMUCRD_20210406,0,7245,52740,0,0,0,0,0,0,0,0,0,0,0,NA,NA,NA,NA
15,DPP4I main_SU main_Acute myocardial infarction,CUIMC_20221214,0,7067,60920,0,0,0,0,0,0,0,0,0,0,0,NA,NA,NA,NA
15,DPP4I main_SU main_Acute myocardial infarction,LPD_Spain_20220704,0,6161,19530,0,0,0,0,0,0,0,0,0,0,0,NA,NA,NA,NA
15,DPP4I main_SU main_Acute myocardial infarction,IQVIA_Belgium_LPD_20221006,0,1773,5210,0,0,0,0,0,0,0,0,0,0,0,NA,NA,NA,NA
15,DPP4I main_SU main_Acute myocardial infarction,Keck_Upgraded_OMOP_v5_NA,0,1700,9120,0,0,0,0,0,0,0,0,0,0,0,NA,NA,NA,NA
15,DPP4I main_SU main_Acute myocardial infarction,Australia_EMR_20230317,0,586,4420,0,0,0,0,0,0,0,0,0,0,0,NA,NA,NA,NA
15,DPP4I main_SU main_Acute myocardial infarction,Japan_HIS_20220120,0,449,11790,0,0,0,0,0,0,0,0,0,0,0,NA,NA,NA,NA
15,DPP4I main_SU main_Acute myocardial infarction,RED_CDM_Tufts_20221005,0,113,1860,0,0,0,0,0,0,0,0,0,0,0,NA,NA,NA,NA
15,DPP4I main_SU main_Acute myocardial infarction,premier_2326_20230125,1,6525,914680,0,0,0,0,0,1,0,0,0,0,0,NA,NA,NA,NA
15,DPP4I main_SU main_Acute myocardial infarction,ktph_sg_NA,1,578,870,0,0,NA,0,0,0,0,0,0,0,0,NA,NA,NA,NA
15,DPP4I main_SU main_Acute myocardial infarction,Klinicki_centar_Crne_Gore_20230101,2,0,0,0,0,0,0,0,0,0,1,0,0,0,NA,NA,NA,NA
15,DPP4I main_SU main_Acute myocardial infarction,cdm_cds,2,0,0,0,0,0,0,0,0,0,0,1,0,0,NA,NA,NA,NA
15,DPP4I main_SU main_Acute myocardial infarction,ccpp_v54_20210101,4,0,0,0,0,0,0,0,0,0,1,1,0,1,NA,NA,NA,NA
15,DPP4I main_SU main_Acute myocardial infarction,HKU-THIN,5,0,-12724481,1,0,NA,0,0,0,0,1,0,1,1,NA,NA,NA,NA
15,DPP4I main_SU main_Acute myocardial infarction,omop_20190828,NA,NA,900220,NA,0,NA,0,0,NA,0,NA,0,NA,NA,NA,NA,NA,NA
16,GLP1RA main_SGLT2I main_Acute myocardial infarction,US_OPEN_CLAIMS_20230313,0,2797753,13190780,0,0,0,0,0,0,0,0,0,0,0,NA,NA,NA,NA
16,GLP1RA main_SGLT2I main_Acute myocardial infarction,US_PharMetrics_Plus_20230330,0,603199,1606870,0,0,0,0,0,0,0,0,0,0,0,NA,NA,NA,NA
16,GLP1RA main_SGLT2I main_Acute myocardial infarction,optum_extended_ses_2327_20230204,0,433598,953930,0,0,0,0,0,0,0,0,0,0,0,NA,NA,NA,NA
16,GLP1RA main_SGLT2I main_Acute myocardial infarction,optum_extended_dod_2323_20230201,0,433595,953920,0,0,0,0,0,0,0,0,0,0,0,NA,NA,NA,NA
16,GLP1RA main_SGLT2I main_Acute myocardial infarction,truven_ccae_2324_20230201,0,397219,936040,0,0,0,0,0,0,0,0,0,0,0,NA,NA,NA,NA
16,GLP1RA main_SGLT2I main_Acute myocardial infarction,optum_ehr_2247_20221205,0,262584,913790,0,0,0,0,0,0,0,0,0,0,0,NA,NA,NA,NA
16,GLP1RA main_SGLT2I main_Acute myocardial infarction,truven_mdcr_2322_20230127,0,120964,150100,0,0,0,0,0,0,0,0,0,0,0,NA,NA,NA,NA
16,GLP1RA main_SGLT2I main_Acute myocardial infarction,pmtx_202203_20220831,0,108591,293530,0,0,0,0,0,0,0,0,0,0,0,NA,NA,NA,NA
16,GLP1RA main_SGLT2I main_Acute myocardial infarction,VA-OMOP_20230411,0,74531,502090,0,0,0,0,0,0,0,0,0,0,0,NA,NA,NA,NA
16,GLP1RA main_SGLT2I main_Acute myocardial infarction,truven_mdcd_2359_20230215,0,36976,171320,0,0,0,0,0,0,0,0,0,0,0,NA,NA,NA,NA
16,GLP1RA main_SGLT2I main_Acute myocardial infarction,UK_IMRD_THIN_20221230,0,32984,61890,0,0,0,0,0,0,0,0,0,0,0,NA,NA,NA,NA
16,GLP1RA main_SGLT2I main_Acute myocardial infarction,IQVIA_Germany_DA_20230124,0,25687,126110,0,0,0,0,0,0,0,0,0,0,0,NA,NA,NA,NA
16,GLP1RA main_SGLT2I main_Acute myocardial infarction,jmdc_2325_20230126,0,15225,30460,0,0,0,0,0,0,0,0,0,0,0,NA,NA,NA,NA
16,GLP1RA main_SGLT2I main_Acute myocardial infarction,UK_IMRD_EMIS_20230215,0,13027,29840,0,0,0,0,0,0,0,0,0,0,0,NA,NA,NA,NA
16,GLP1RA main_SGLT2I main_Acute myocardial infarction,Japan_Claims_20230215,0,10987,31930,0,0,0,0,0,0,0,0,0,0,0,NA,NA,NA,NA
16,GLP1RA main_SGLT2I main_Acute myocardial infarction,JHM_OMOP_20230406,0,7898,21260,0,0,0,0,0,0,0,0,0,0,0,NA,NA,NA,NA
16,GLP1RA main_SGLT2I main_Acute myocardial infarction,LPD_Italy_20221226,0,7179,15830,0,0,0,0,0,0,0,0,0,0,0,NA,NA,NA,NA
16,GLP1RA main_SGLT2I main_Acute myocardial infarction,France_LPD_20230118,0,5475,21290,0,0,0,0,0,0,0,0,0,0,0,NA,NA,NA,NA
16,GLP1RA main_SGLT2I main_Acute myocardial infarction,CUIMC_20221214,0,4366,37640,0,0,0,0,0,0,0,0,0,0,0,NA,NA,NA,NA
16,GLP1RA main_SGLT2I main_Acute myocardial infarction,LPD_Spain_20220704,0,3795,12030,0,0,0,0,0,0,0,0,0,0,0,NA,NA,NA,NA
16,GLP1RA main_SGLT2I main_Acute myocardial infarction,US_Hospital_20230130,0,2639,14000,0,0,0,0,0,0,0,0,0,0,0,NA,NA,NA,NA
16,GLP1RA main_SGLT2I main_Acute myocardial infarction,IQVIA_Belgium_LPD_20221006,0,2208,6490,0,0,0,0,0,0,0,0,0,0,0,NA,NA,NA,NA
16,GLP1RA main_SGLT2I main_Acute myocardial infarction,Australia_EMR_20230317,0,835,6300,0,0,0,0,0,0,0,0,0,0,0,NA,NA,NA,NA
16,GLP1RA main_SGLT2I main_Acute myocardial infarction,IQVIA_France_DA_20230201,0,728,3130,0,0,0,0,0,0,0,0,0,0,0,NA,NA,NA,NA
16,GLP1RA main_SGLT2I main_Acute myocardial infarction,AUSOM_20220228,0,699,3190,0,0,0,0,0,0,0,0,0,0,0,NA,NA,NA,NA
16,GLP1RA main_SGLT2I main_Acute myocardial infarction,TMUCRD_20210406,0,433,3150,0,0,0,0,0,0,0,0,0,0,0,NA,NA,NA,NA
16,GLP1RA main_SGLT2I main_Acute myocardial infarction,Japan_HIS_20220120,0,108,2830,0,0,0,0,0,0,0,0,0,0,0,NA,NA,NA,NA
16,GLP1RA main_SGLT2I main_Acute myocardial infarction,RED_CDM_Tufts_20221005,0,83,1360,0,0,0,0,0,0,0,0,0,0,0,NA,NA,NA,NA
16,GLP1RA main_SGLT2I main_Acute myocardial infarction,Keck_Upgraded_OMOP_v5_NA,1,15,80,0,0,0,0,0,0,0,0,0,0,0,NA,NA,NA,NA
16,GLP1RA main_SGLT2I main_Acute myocardial infarction,ktph_sg_NA,1,13,20,0,0,NA,0,0,0,0,0,0,0,0,NA,NA,NA,NA
16,GLP1RA main_SGLT2I main_Acute myocardial infarction,Klinicki_centar_Crne_Gore_20230101,2,0,0,0,0,0,0,0,0,0,0,0,0,1,NA,NA,NA,NA
16,GLP1RA main_SGLT2I main_Acute myocardial infarction,cdm_cds,2,0,0,0,0,0,0,0,0,0,0,1,0,0,NA,NA,NA,NA
16,GLP1RA main_SGLT2I main_Acute myocardial infarction,ccpp_v54_20210101,4,0,0,0,0,0,0,0,0,0,1,1,0,1,NA,NA,NA,NA
16,GLP1RA main_SGLT2I main_Acute myocardial infarction,premier_2326_20230125,4,0,0,0,0,0,0,0,1,0,1,0,0,1,NA,NA,NA,NA
16,GLP1RA main_SGLT2I main_Acute myocardial infarction,HKU-THIN,5,0,-12724481,1,0,NA,0,0,0,0,1,0,1,1,NA,NA,NA,NA
16,GLP1RA main_SGLT2I main_Acute myocardial infarction,omop_20190828,NA,NA,48480,NA,0,NA,0,0,NA,0,NA,0,NA,0,NA,NA,NA,NA
17,GLP1RA main_SU main_Acute myocardial infarction,US_OPEN_CLAIMS_20230313,0,4114327,19398130,0,0,0,0,0,0,0,0,0,0,0,NA,NA,NA,NA
17,GLP1RA main_SU main_Acute myocardial infarction,US_PharMetrics_Plus_20230330,0,845464,2252240,0,0,0,0,0,0,0,0,0,0,0,NA,NA,NA,NA
17,GLP1RA main_SU main_Acute myocardial infarction,truven_ccae_2324_20230201,0,772045,1819310,0,0,0,0,0,0,0,0,0,0,0,NA,NA,NA,NA
17,GLP1RA main_SU main_Acute myocardial infarction,optum_extended_dod_2323_20230201,0,652061,1434550,0,0,0,0,0,0,0,0,0,0,0,NA,NA,NA,NA
17,GLP1RA main_SU main_Acute myocardial infarction,optum_extended_ses_2327_20230204,0,652050,1434530,0,0,0,0,0,0,0,0,0,0,0,NA,NA,NA,NA
17,GLP1RA main_SU main_Acute myocardial infarction,optum_ehr_2247_20221205,0,381202,1326580,0,0,0,0,0,0,0,0,0,0,0,NA,NA,NA,NA
17,GLP1RA main_SU main_Acute myocardial infarction,truven_mdcr_2322_20230127,0,193421,240010,0,0,0,0,0,0,0,0,0,0,0,NA,NA,NA,NA
17,GLP1RA main_SU main_Acute myocardial infarction,pmtx_202203_20220831,0,145186,392450,0,0,0,0,0,0,0,0,0,0,0,NA,NA,NA,NA
17,GLP1RA main_SU main_Acute myocardial infarction,VA-OMOP_20230411,0,74531,502090,0,0,0,0,0,0,0,0,0,0,0,NA,NA,NA,NA
17,GLP1RA main_SU main_Acute myocardial infarction,truven_mdcd_2359_20230215,0,58097,269180,0,0,0,0,0,0,0,0,0,0,0,NA,NA,NA,NA
17,GLP1RA main_SU main_Acute myocardial infarction,UK_IMRD_THIN_20221230,0,32984,61890,0,0,0,0,0,0,0,0,0,0,0,NA,NA,NA,NA
17,GLP1RA main_SU main_Acute myocardial infarction,IQVIA_Germany_DA_20230124,0,25687,126110,0,0,0,0,0,0,0,0,0,0,0,NA,NA,NA,NA
17,GLP1RA main_SU main_Acute myocardial infarction,France_LPD_20230118,0,17967,69870,0,0,0,0,0,0,0,0,0,0,0,NA,NA,NA,NA
17,GLP1RA main_SU main_Acute myocardial infarction,jmdc_2325_20230126,0,15225,30460,0,0,0,0,0,0,0,0,0,0,0,NA,NA,NA,NA
17,GLP1RA main_SU main_Acute myocardial infarction,UK_IMRD_EMIS_20230215,0,12232,28020,0,0,0,0,0,0,0,0,0,0,0,NA,NA,NA,NA
17,GLP1RA main_SU main_Acute myocardial infarction,JHM_OMOP_20230406,0,11569,31140,0,0,0,0,0,0,0,0,0,0,0,NA,NA,NA,NA
17,GLP1RA main_SU main_Acute myocardial infarction,Japan_Claims_20230215,0,10987,31930,0,0,0,0,0,0,0,0,0,0,0,NA,NA,NA,NA
17,GLP1RA main_SU main_Acute myocardial infarction,LPD_Italy_20221226,0,8350,18410,0,0,0,0,0,0,0,0,0,0,0,NA,NA,NA,NA
17,GLP1RA main_SU main_Acute myocardial infarction,CUIMC_20221214,0,6690,57670,0,0,0,0,0,0,0,0,0,0,0,NA,NA,NA,NA
17,GLP1RA main_SU main_Acute myocardial infarction,IQVIA_France_DA_20230201,0,5799,24940,0,0,0,0,0,0,0,0,0,0,0,NA,NA,NA,NA
17,GLP1RA main_SU main_Acute myocardial infarction,LPD_Spain_20220704,0,3795,12030,0,0,0,0,0,0,0,0,0,0,0,NA,NA,NA,NA
17,GLP1RA main_SU main_Acute myocardial infarction,US_Hospital_20230130,0,2639,14000,0,0,0,0,0,0,0,0,0,0,0,NA,NA,NA,NA
17,GLP1RA main_SU main_Acute myocardial infarction,IQVIA_Belgium_LPD_20221006,0,1773,5210,0,0,0,0,0,0,0,0,0,0,0,NA,NA,NA,NA
17,GLP1RA main_SU main_Acute myocardial infarction,AUSOM_20220228,0,699,3190,0,0,0,0,0,0,0,0,0,0,0,NA,NA,NA,NA
17,GLP1RA main_SU main_Acute myocardial infarction,Australia_EMR_20230317,0,586,4420,0,0,0,0,0,0,0,0,0,0,0,NA,NA,NA,NA
17,GLP1RA main_SU main_Acute myocardial infarction,TMUCRD_20210406,0,433,3150,0,0,0,0,0,0,0,0,0,0,0,NA,NA,NA,NA
17,GLP1RA main_SU main_Acute myocardial infarction,RED_CDM_Tufts_20221005,0,132,2180,0,0,0,0,0,0,0,0,0,0,0,NA,NA,NA,NA
17,GLP1RA main_SU main_Acute myocardial infarction,Japan_HIS_20220120,0,108,2830,0,0,0,0,0,0,0,0,0,0,0,NA,NA,NA,NA
17,GLP1RA main_SU main_Acute myocardial infarction,Keck_Upgraded_OMOP_v5_NA,1,15,80,0,0,0,0,0,0,0,0,0,0,0,NA,NA,NA,NA
17,GLP1RA main_SU main_Acute myocardial infarction,ktph_sg_NA,1,13,20,0,0,NA,0,0,0,0,0,0,0,0,NA,NA,NA,NA
17,GLP1RA main_SU main_Acute myocardial infarction,cdm_cds,2,0,0,0,0,0,0,0,0,0,0,1,0,0,NA,NA,NA,NA
17,GLP1RA main_SU main_Acute myocardial infarction,Klinicki_centar_Crne_Gore_20230101,3,0,0,0,0,0,0,0,0,0,1,0,0,1,NA,NA,NA,NA
17,GLP1RA main_SU main_Acute myocardial infarction,premier_2326_20230125,3,0,0,0,0,0,0,0,1,0,0,0,0,1,NA,NA,NA,NA
17,GLP1RA main_SU main_Acute myocardial infarction,ccpp_v54_20210101,4,0,0,0,0,0,0,0,0,0,1,1,0,1,NA,NA,NA,NA
17,GLP1RA main_SU main_Acute myocardial infarction,HKU-THIN,5,0,-12724481,1,0,NA,0,0,0,0,1,0,1,1,NA,NA,NA,NA
17,GLP1RA main_SU main_Acute myocardial infarction,omop_20190828,NA,NA,48480,NA,0,NA,0,0,NA,0,NA,0,NA,0,NA,NA,NA,NA
18,SGLT2I main_SU main_Acute myocardial infarction,US_OPEN_CLAIMS_20230313,0,2797753,13190780,0,0,0,0,0,0,0,0,0,0,0,NA,NA,NA,NA
18,SGLT2I main_SU main_Acute myocardial infarction,US_PharMetrics_Plus_20230330,0,603199,1606870,0,0,0,0,0,0,0,0,0,0,0,NA,NA,NA,NA
18,SGLT2I main_SU main_Acute myocardial infarction,optum_extended_ses_2327_20230204,0,433598,953930,0,0,0,0,0,0,0,0,0,0,0,NA,NA,NA,NA
18,SGLT2I main_SU main_Acute myocardial infarction,optum_extended_dod_2323_20230201,0,433595,953920,0,0,0,0,0,0,0,0,0,0,0,NA,NA,NA,NA
18,SGLT2I main_SU main_Acute myocardial infarction,truven_ccae_2324_20230201,0,397219,936040,0,0,0,0,0,0,0,0,0,0,0,NA,NA,NA,NA
18,SGLT2I main_SU main_Acute myocardial infarction,optum_ehr_2247_20221205,0,262584,913790,0,0,0,0,0,0,0,0,0,0,0,NA,NA,NA,NA
18,SGLT2I main_SU main_Acute myocardial infarction,truven_mdcr_2322_20230127,0,120964,150100,0,0,0,0,0,0,0,0,0,0,0,NA,NA,NA,NA
18,SGLT2I main_SU main_Acute myocardial infarction,pmtx_202203_20220831,0,108591,293530,0,0,0,0,0,0,0,0,0,0,0,NA,NA,NA,NA
18,SGLT2I main_SU main_Acute myocardial infarction,jmdc_2325_20230126,0,93462,186980,0,0,0,0,0,0,0,0,0,0,0,NA,NA,NA,NA
18,SGLT2I main_SU main_Acute myocardial infarction,VA-OMOP_20230411,0,77503,522110,0,0,0,0,0,0,0,0,0,0,0,NA,NA,NA,NA
18,SGLT2I main_SU main_Acute myocardial infarction,Japan_Claims_20230215,0,44250,128600,0,0,0,0,0,0,0,0,0,0,0,NA,NA,NA,NA
18,SGLT2I main_SU main_Acute myocardial infarction,UK_IMRD_THIN_20221230,0,40675,76320,0,0,0,0,0,0,0,0,0,0,0,NA,NA,NA,NA
18,SGLT2I main_SU main_Acute myocardial infarction,truven_mdcd_2359_20230215,0,36976,171320,0,0,0,0,0,0,0,0,0,0,0,NA,NA,NA,NA
18,SGLT2I main_SU main_Acute myocardial infarction,IQVIA_Germany_DA_20230124,0,34376,168770,0,0,0,0,0,0,0,0,0,0,0,NA,NA,NA,NA
18,SGLT2I main_SU main_Acute myocardial infarction,UK_IMRD_EMIS_20230215,0,12232,28020,0,0,0,0,0,0,0,0,0,0,0,NA,NA,NA,NA
18,SGLT2I main_SU main_Acute myocardial infarction,JHM_OMOP_20230406,0,7898,21260,0,0,0,0,0,0,0,0,0,0,0,NA,NA,NA,NA
18,SGLT2I main_SU main_Acute myocardial infarction,LPD_Italy_20221226,0,7179,15830,0,0,0,0,0,0,0,0,0,0,0,NA,NA,NA,NA
18,SGLT2I main_SU main_Acute myocardial infarction,LPD_Spain_20220704,0,6161,19530,0,0,0,0,0,0,0,0,0,0,0,NA,NA,NA,NA
18,SGLT2I main_SU main_Acute myocardial infarction,US_Hospital_20230130,0,5983,31740,0,0,0,0,0,0,0,0,0,0,0,NA,NA,NA,NA
18,SGLT2I main_SU main_Acute myocardial infarction,France_LPD_20230118,0,5475,21290,0,0,0,0,0,0,0,0,0,0,0,NA,NA,NA,NA
18,SGLT2I main_SU main_Acute myocardial infarction,CUIMC_20221214,0,4366,37640,0,0,0,0,0,0,0,0,0,0,0,NA,NA,NA,NA
18,SGLT2I main_SU main_Acute myocardial infarction,IQVIA_Belgium_LPD_20221006,0,1773,5210,0,0,0,0,0,0,0,0,0,0,0,NA,NA,NA,NA
18,SGLT2I main_SU main_Acute myocardial infarction,AUSOM_20220228,0,1500,6850,0,0,0,0,0,0,0,0,0,0,0,NA,NA,NA,NA
18,SGLT2I main_SU main_Acute myocardial infarction,TMUCRD_20210406,0,1475,10740,0,0,0,0,0,0,0,0,0,0,0,NA,NA,NA,NA
18,SGLT2I main_SU main_Acute myocardial infarction,IQVIA_France_DA_20230201,0,728,3130,0,0,0,0,0,0,0,0,0,0,0,NA,NA,NA,NA
18,SGLT2I main_SU main_Acute myocardial infarction,Australia_EMR_20230317,0,586,4420,0,0,0,0,0,0,0,0,0,0,0,NA,NA,NA,NA
18,SGLT2I main_SU main_Acute myocardial infarction,Japan_HIS_20220120,0,281,7370,0,0,0,0,0,0,0,0,0,0,0,NA,NA,NA,NA
18,SGLT2I main_SU main_Acute myocardial infarction,RED_CDM_Tufts_20221005,0,83,1360,0,0,0,0,0,0,0,0,0,0,0,NA,NA,NA,NA
18,SGLT2I main_SU main_Acute myocardial infarction,ktph_sg_NA,1,93,140,0,0,NA,0,0,0,0,0,0,0,0,NA,NA,NA,NA
18,SGLT2I main_SU main_Acute myocardial infarction,Keck_Upgraded_OMOP_v5_NA,1,69,370,0,0,0,0,0,0,0,0,0,0,0,NA,NA,NA,NA
18,SGLT2I main_SU main_Acute myocardial infarction,Klinicki_centar_Crne_Gore_20230101,2,0,0,0,0,0,0,0,0,0,1,0,0,0,NA,NA,NA,NA
18,SGLT2I main_SU main_Acute myocardial infarction,cdm_cds,2,0,0,0,0,0,0,0,0,0,0,1,0,0,NA,NA,NA,NA
18,SGLT2I main_SU main_Acute myocardial infarction,premier_2326_20230125,3,0,0,0,0,0,0,0,1,0,0,0,0,1,NA,NA,NA,NA
18,SGLT2I main_SU main_Acute myocardial infarction,ccpp_v54_20210101,4,0,0,0,0,0,0,0,0,0,1,1,0,1,NA,NA,NA,NA
18,SGLT2I main_SU main_Acute myocardial infarction,HKU-THIN,5,0,-12724481,1,0,NA,0,0,0,0,1,0,1,1,NA,NA,NA,NA
18,SGLT2I main_SU main_Acute myocardial infarction,omop_20190828,NA,NA,900220,NA,0,NA,0,0,NA,0,NA,0,NA,NA,NA,NA,NA,NA
19,DPP4I main_GLP1RA main_Acute renal failure,US_OPEN_CLAIMS_20230313,0,2984398,14070770,0,0,0,0,0,0,0,0,0,0,0,NA,NA,NA,NA
19,DPP4I main_GLP1RA main_Acute renal failure,truven_ccae_2324_20230201,0,626883,1477240,0,0,0,0,0,0,0,0,0,0,0,NA,NA,NA,NA
19,DPP4I main_GLP1RA main_Acute renal failure,optum_extended_dod_2323_20230201,0,599920,1319840,0,0,0,0,0,0,0,0,0,0,0,NA,NA,NA,NA
19,DPP4I main_GLP1RA main_Acute renal failure,optum_extended_ses_2327_20230204,0,599919,1319840,0,0,0,0,0,0,0,0,0,0,0,NA,NA,NA,NA
19,DPP4I main_GLP1RA main_Acute renal failure,US_PharMetrics_Plus_20230330,0,546343,1455410,0,0,0,0,0,0,0,0,0,0,0,NA,NA,NA,NA
19,DPP4I main_GLP1RA main_Acute renal failure,optum_ehr_2247_20221205,0,381202,1326580,0,0,0,0,0,0,0,0,0,0,0,NA,NA,NA,NA
19,DPP4I main_GLP1RA main_Acute renal failure,truven_mdcr_2322_20230127,0,193421,240010,0,0,0,0,0,0,0,0,0,0,0,NA,NA,NA,NA
19,DPP4I main_GLP1RA main_Acute renal failure,pmtx_202203_20220831,0,113907,307900,0,0,0,0,0,0,0,0,0,0,0,NA,NA,NA,NA
19,DPP4I main_GLP1RA main_Acute renal failure,VA-OMOP_20230411,0,74531,502090,0,0,0,0,0,0,0,0,0,0,0,NA,NA,NA,NA
19,DPP4I main_GLP1RA main_Acute renal failure,truven_mdcd_2359_20230215,0,53891,249690,0,0,0,0,0,0,0,0,0,0,0,NA,NA,NA,NA
19,DPP4I main_GLP1RA main_Acute renal failure,UK_IMRD_THIN_20221230,0,32984,61890,0,0,0,0,0,0,0,0,0,0,0,NA,NA,NA,NA
19,DPP4I main_GLP1RA main_Acute renal failure,IQVIA_Germany_DA_20230124,0,25687,126110,0,0,0,0,0,0,0,0,0,0,0,NA,NA,NA,NA
19,DPP4I main_GLP1RA main_Acute renal failure,France_LPD_20230118,0,19374,75340,0,0,0,0,0,0,0,0,0,0,0,NA,NA,NA,NA
19,DPP4I main_GLP1RA main_Acute renal failure,jmdc_2325_20230126,0,15225,30460,0,0,0,0,0,0,0,0,0,0,0,NA,NA,NA,NA
19,DPP4I main_GLP1RA main_Acute renal failure,UK_IMRD_EMIS_20230215,0,13027,29840,0,0,0,0,0,0,0,0,0,0,0,NA,NA,NA,NA
19,DPP4I main_GLP1RA main_Acute renal failure,Japan_Claims_20230215,0,10987,31930,0,0,0,0,0,0,0,0,0,0,0,NA,NA,NA,NA
19,DPP4I main_GLP1RA main_Acute renal failure,LPD_Italy_20221226,0,8350,18410,0,0,0,0,0,0,0,0,0,0,0,NA,NA,NA,NA
19,DPP4I main_GLP1RA main_Acute renal failure,JHM_OMOP_20230406,0,7300,19650,0,0,0,0,0,0,0,0,0,0,0,NA,NA,NA,NA
19,DPP4I main_GLP1RA main_Acute renal failure,CUIMC_20221214,0,6690,57670,0,0,0,0,0,0,0,0,0,0,0,NA,NA,NA,NA
19,DPP4I main_GLP1RA main_Acute renal failure,IQVIA_France_DA_20230201,0,5799,24940,0,0,0,0,0,0,0,0,0,0,0,NA,NA,NA,NA
19,DPP4I main_GLP1RA main_Acute renal failure,LPD_Spain_20220704,0,3795,12030,0,0,0,0,0,0,0,0,0,0,0,NA,NA,NA,NA
19,DPP4I main_GLP1RA main_Acute renal failure,IQVIA_Belgium_LPD_20221006,0,2933,8620,0,0,0,0,0,0,0,0,0,0,0,NA,NA,NA,NA
19,DPP4I main_GLP1RA main_Acute renal failure,US_Hospital_20230130,0,2639,14000,0,0,0,0,0,0,0,0,0,0,0,NA,NA,NA,NA
19,DPP4I main_GLP1RA main_Acute renal failure,Australia_EMR_20230317,0,835,6300,0,0,0,0,0,0,0,0,0,0,0,NA,NA,NA,NA
19,DPP4I main_GLP1RA main_Acute renal failure,AUSOM_20220228,0,699,3190,0,0,0,0,0,0,0,0,0,0,0,NA,NA,NA,NA
19,DPP4I main_GLP1RA main_Acute renal failure,TMUCRD_20210406,0,433,3150,0,0,0,0,0,0,0,0,0,0,0,NA,NA,NA,NA
19,DPP4I main_GLP1RA main_Acute renal failure,RED_CDM_Tufts_20221005,0,113,1860,0,0,0,0,0,0,0,0,0,0,0,NA,NA,NA,NA
19,DPP4I main_GLP1RA main_Acute renal failure,Japan_HIS_20220120,0,108,2830,0,0,0,0,0,0,0,0,0,0,0,NA,NA,NA,NA
19,DPP4I main_GLP1RA main_Acute renal failure,Keck_Upgraded_OMOP_v5_NA,1,15,80,0,0,0,0,0,0,0,0,0,0,0,NA,NA,NA,NA
19,DPP4I main_GLP1RA main_Acute renal failure,ktph_sg_NA,1,13,20,0,0,NA,0,0,0,0,0,0,0,0,NA,NA,NA,NA
19,DPP4I main_GLP1RA main_Acute renal failure,Klinicki_centar_Crne_Gore_20230101,2,0,0,0,0,0,0,0,0,0,1,0,0,0,NA,NA,NA,NA
19,DPP4I main_GLP1RA main_Acute renal failure,cdm_cds,2,0,0,0,0,0,0,0,0,0,0,1,0,0,NA,NA,NA,NA
19,DPP4I main_GLP1RA main_Acute renal failure,premier_2326_20230125,3,0,0,0,0,0,0,0,1,0,1,0,0,0,NA,NA,NA,NA
19,DPP4I main_GLP1RA main_Acute renal failure,ccpp_v54_20210101,4,0,0,0,0,0,0,0,0,0,1,1,0,1,NA,NA,NA,NA
19,DPP4I main_GLP1RA main_Acute renal failure,HKU-THIN,5,0,-12724481,1,0,NA,0,0,0,0,1,0,1,1,NA,NA,NA,NA
19,DPP4I main_GLP1RA main_Acute renal failure,omop_20190828,NA,NA,48480,NA,0,NA,0,0,NA,0,0,0,NA,NA,NA,NA,NA,NA
20,DPP4I main_SGLT2I main_Acute renal failure,US_OPEN_CLAIMS_20230313,0,2797753,13190780,0,0,0,0,0,0,0,0,0,0,0,NA,NA,NA,NA
20,DPP4I main_SGLT2I main_Acute renal failure,US_PharMetrics_Plus_20230330,0,546343,1455410,0,0,0,0,0,0,0,0,0,0,0,NA,NA,NA,NA
20,DPP4I main_SGLT2I main_Acute renal failure,optum_extended_ses_2327_20230204,0,433598,953930,0,0,0,0,0,0,0,0,0,0,0,NA,NA,NA,NA
20,DPP4I main_SGLT2I main_Acute renal failure,optum_extended_dod_2323_20230201,0,433595,953920,0,0,0,0,0,0,0,0,0,0,0,NA,NA,NA,NA
20,DPP4I main_SGLT2I main_Acute renal failure,truven_ccae_2324_20230201,0,397219,936040,0,0,0,0,0,0,0,0,0,0,0,NA,NA,NA,NA
20,DPP4I main_SGLT2I main_Acute renal failure,optum_ehr_2247_20221205,0,262584,913790,0,0,0,0,0,0,0,0,0,0,0,NA,NA,NA,NA
20,DPP4I main_SGLT2I main_Acute renal failure,truven_mdcr_2322_20230127,0,120964,150100,0,0,0,0,0,0,0,0,0,0,0,NA,NA,NA,NA
20,DPP4I main_SGLT2I main_Acute renal failure,pmtx_202203_20220831,0,108591,293530,0,0,0,0,0,0,0,0,0,0,0,NA,NA,NA,NA
20,DPP4I main_SGLT2I main_Acute renal failure,jmdc_2325_20230126,0,97761,195580,0,0,0,0,0,0,0,0,0,0,0,NA,NA,NA,NA
20,DPP4I main_SGLT2I main_Acute renal failure,VA-OMOP_20230411,0,77503,522110,0,0,0,0,0,0,0,0,0,0,0,NA,NA,NA,NA
20,DPP4I main_SGLT2I main_Acute renal failure,Japan_Claims_20230215,0,44250,128600,0,0,0,0,0,0,0,0,0,0,0,NA,NA,NA,NA
20,DPP4I main_SGLT2I main_Acute renal failure,UK_IMRD_THIN_20221230,0,40675,76320,0,0,0,0,0,0,0,0,0,0,0,NA,NA,NA,NA
20,DPP4I main_SGLT2I main_Acute renal failure,truven_mdcd_2359_20230215,0,36976,171320,0,0,0,0,0,0,0,0,0,0,0,NA,NA,NA,NA
20,DPP4I main_SGLT2I main_Acute renal failure,IQVIA_Germany_DA_20230124,0,36211,177780,0,0,0,0,0,0,0,0,0,0,0,NA,NA,NA,NA
20,DPP4I main_SGLT2I main_Acute renal failure,UK_IMRD_EMIS_20230215,0,16790,38460,0,0,0,0,0,0,0,0,0,0,0,NA,NA,NA,NA
20,DPP4I main_SGLT2I main_Acute renal failure,LPD_Spain_20220704,0,10616,33650,0,0,0,0,0,0,0,0,0,0,0,NA,NA,NA,NA
20,DPP4I main_SGLT2I main_Acute renal failure,JHM_OMOP_20230406,0,7300,19650,0,0,0,0,0,0,0,0,0,0,0,NA,NA,NA,NA
20,DPP4I main_SGLT2I main_Acute renal failure,LPD_Italy_20221226,0,7179,15830,0,0,0,0,0,0,0,0,0,0,0,NA,NA,NA,NA
20,DPP4I main_SGLT2I main_Acute renal failure,US_Hospital_20230130,0,5983,31740,0,0,0,0,0,0,0,0,0,0,0,NA,NA,NA,NA
20,DPP4I main_SGLT2I main_Acute renal failure,France_LPD_20230118,0,5475,21290,0,0,0,0,0,0,0,0,0,0,0,NA,NA,NA,NA
20,DPP4I main_SGLT2I main_Acute renal failure,CUIMC_20221214,0,4366,37640,0,0,0,0,0,0,0,0,0,0,0,NA,NA,NA,NA
20,DPP4I main_SGLT2I main_Acute renal failure,Australia_EMR_20230317,0,2683,20240,0,0,0,0,0,0,0,0,0,0,0,NA,NA,NA,NA
20,DPP4I main_SGLT2I main_Acute renal failure,IQVIA_Belgium_LPD_20221006,0,2208,6490,0,0,0,0,0,0,0,0,0,0,0,NA,NA,NA,NA
20,DPP4I main_SGLT2I main_Acute renal failure,AUSOM_20220228,0,1500,6850,0,0,0,0,0,0,0,0,0,0,0,NA,NA,NA,NA
20,DPP4I main_SGLT2I main_Acute renal failure,TMUCRD_20210406,0,1475,10740,0,0,0,0,0,0,0,0,0,0,0,NA,NA,NA,NA
20,DPP4I main_SGLT2I main_Acute renal failure,IQVIA_France_DA_20230201,0,728,3130,0,0,0,0,0,0,0,0,0,0,0,NA,NA,NA,NA
20,DPP4I main_SGLT2I main_Acute renal failure,Japan_HIS_20220120,0,281,7370,0,0,0,0,0,0,0,0,0,0,0,NA,NA,NA,NA
20,DPP4I main_SGLT2I main_Acute renal failure,RED_CDM_Tufts_20221005,0,83,1360,0,0,0,0,0,0,0,0,0,0,0,NA,NA,NA,NA
20,DPP4I main_SGLT2I main_Acute renal failure,ktph_sg_NA,1,93,140,0,0,NA,0,0,0,0,0,0,0,0,NA,NA,NA,NA
20,DPP4I main_SGLT2I main_Acute renal failure,Keck_Upgraded_OMOP_v5_NA,1,69,370,0,0,0,0,0,0,0,0,0,0,0,NA,NA,NA,NA
20,DPP4I main_SGLT2I main_Acute renal failure,Klinicki_centar_Crne_Gore_20230101,1,10,50,0,0,0,0,0,0,0,0,0,0,0,NA,NA,NA,NA
20,DPP4I main_SGLT2I main_Acute renal failure,cdm_cds,2,0,0,0,0,0,0,0,0,0,0,1,0,0,NA,NA,NA,NA
20,DPP4I main_SGLT2I main_Acute renal failure,premier_2326_20230125,3,0,0,0,0,0,0,0,1,0,1,0,0,0,NA,NA,NA,NA
20,DPP4I main_SGLT2I main_Acute renal failure,ccpp_v54_20210101,4,0,0,0,0,0,0,0,0,0,1,1,0,1,NA,NA,NA,NA
20,DPP4I main_SGLT2I main_Acute renal failure,HKU-THIN,5,0,-12724481,1,0,NA,0,0,0,0,1,0,1,1,NA,NA,NA,NA
20,DPP4I main_SGLT2I main_Acute renal failure,omop_20190828,NA,NA,900220,NA,0,NA,0,0,NA,0,NA,0,NA,NA,NA,NA,NA,NA
21,DPP4I main_SU main_Acute renal failure,US_OPEN_CLAIMS_20230313,0,2984398,14070770,0,0,0,0,0,0,0,0,0,0,0,NA,NA,NA,NA
21,DPP4I main_SU main_Acute renal failure,truven_ccae_2324_20230201,0,626883,1477240,0,0,0,0,0,0,0,0,0,0,0,NA,NA,NA,NA
21,DPP4I main_SU main_Acute renal failure,optum_extended_dod_2323_20230201,0,599920,1319840,0,0,0,0,0,0,0,0,0,0,0,NA,NA,NA,NA
21,DPP4I main_SU main_Acute renal failure,optum_extended_ses_2327_20230204,0,599919,1319840,0,0,0,0,0,0,0,0,0,0,0,NA,NA,NA,NA
21,DPP4I main_SU main_Acute renal failure,US_PharMetrics_Plus_20230330,0,546343,1455410,0,0,0,0,0,0,0,0,0,0,0,NA,NA,NA,NA
21,DPP4I main_SU main_Acute renal failure,optum_ehr_2247_20221205,0,449949,1565820,0,0,0,0,0,0,0,0,0,0,0,NA,NA,NA,NA
21,DPP4I main_SU main_Acute renal failure,truven_mdcr_2322_20230127,0,388236,481750,0,0,0,0,0,0,0,0,0,0,0,NA,NA,NA,NA
21,DPP4I main_SU main_Acute renal failure,pmtx_202203_20220831,0,113907,307900,0,0,0,0,0,0,0,0,0,0,0,NA,NA,NA,NA
21,DPP4I main_SU main_Acute renal failure,jmdc_2325_20230126,0,93462,186980,0,0,0,0,0,0,0,0,0,0,0,NA,NA,NA,NA
21,DPP4I main_SU main_Acute renal failure,VA-OMOP_20230411,0,78282,527360,0,0,0,0,0,0,0,0,0,0,0,NA,NA,NA,NA
21,DPP4I main_SU main_Acute renal failure,Japan_Claims_20230215,0,63264,183860,0,0,0,0,0,0,0,0,0,0,0,NA,NA,NA,NA
21,DPP4I main_SU main_Acute renal failure,US_Hospital_20230130,0,62779,333060,0,0,0,0,0,0,0,0,0,0,0,NA,NA,NA,NA
21,DPP4I main_SU main_Acute renal failure,truven_mdcd_2359_20230215,0,53891,249690,0,0,0,0,0,0,0,0,0,0,0,NA,NA,NA,NA
21,DPP4I main_SU main_Acute renal failure,UK_IMRD_THIN_20221230,0,46223,86730,0,0,0,0,0,0,0,0,0,0,0,NA,NA,NA,NA
21,DPP4I main_SU main_Acute renal failure,IQVIA_Germany_DA_20230124,0,34376,168770,0,0,0,0,0,0,0,0,0,0,0,NA,NA,NA,NA
21,DPP4I main_SU main_Acute renal failure,France_LPD_20230118,0,17967,69870,0,0,0,0,0,0,0,0,0,0,0,NA,NA,NA,NA
21,DPP4I main_SU main_Acute renal failure,LPD_Italy_20221226,0,15674,34560,0,0,0,0,0,0,0,0,0,0,0,NA,NA,NA,NA
21,DPP4I main_SU main_Acute renal failure,UK_IMRD_EMIS_20230215,0,12232,28020,0,0,0,0,0,0,0,0,0,0,0,NA,NA,NA,NA
21,DPP4I main_SU main_Acute renal failure,IQVIA_France_DA_20230201,0,8245,35460,0,0,0,0,0,0,0,0,0,0,0,NA,NA,NA,NA
21,DPP4I main_SU main_Acute renal failure,AUSOM_20220228,0,7616,34770,0,0,0,0,0,0,0,0,0,0,0,NA,NA,NA,NA
21,DPP4I main_SU main_Acute renal failure,JHM_OMOP_20230406,0,7300,19650,0,0,0,0,0,0,0,0,0,0,0,NA,NA,NA,NA
21,DPP4I main_SU main_Acute renal failure,TMUCRD_20210406,0,7245,52740,0,0,0,0,0,0,0,0,0,0,0,NA,NA,NA,NA
21,DPP4I main_SU main_Acute renal failure,CUIMC_20221214,0,7067,60920,0,0,0,0,0,0,0,0,0,0,0,NA,NA,NA,NA
21,DPP4I main_SU main_Acute renal failure,LPD_Spain_20220704,0,6161,19530,0,0,0,0,0,0,0,0,0,0,0,NA,NA,NA,NA
21,DPP4I main_SU main_Acute renal failure,IQVIA_Belgium_LPD_20221006,0,1773,5210,0,0,0,0,0,0,0,0,0,0,0,NA,NA,NA,NA
21,DPP4I main_SU main_Acute renal failure,Keck_Upgraded_OMOP_v5_NA,0,1700,9120,0,0,0,0,0,0,0,0,0,0,0,NA,NA,NA,NA
21,DPP4I main_SU main_Acute renal failure,Australia_EMR_20230317,0,586,4420,0,0,0,0,0,0,0,0,0,0,0,NA,NA,NA,NA
21,DPP4I main_SU main_Acute renal failure,Japan_HIS_20220120,0,449,11790,0,0,0,0,0,0,0,0,0,0,0,NA,NA,NA,NA
21,DPP4I main_SU main_Acute renal failure,RED_CDM_Tufts_20221005,0,113,1860,0,0,0,0,0,0,0,0,0,0,0,NA,NA,NA,NA
21,DPP4I main_SU main_Acute renal failure,premier_2326_20230125,1,6525,914680,0,0,0,0,0,1,0,0,0,0,0,NA,NA,NA,NA
21,DPP4I main_SU main_Acute renal failure,ktph_sg_NA,1,578,870,0,0,NA,0,0,0,0,0,0,0,0,NA,NA,NA,NA
21,DPP4I main_SU main_Acute renal failure,Klinicki_centar_Crne_Gore_20230101,2,0,0,0,0,0,0,0,0,0,1,0,0,0,NA,NA,NA,NA
21,DPP4I main_SU main_Acute renal failure,cdm_cds,2,0,0,0,0,0,0,0,0,0,0,1,0,0,NA,NA,NA,NA
21,DPP4I main_SU main_Acute renal failure,ccpp_v54_20210101,4,0,0,0,0,0,0,0,0,0,1,1,0,1,NA,NA,NA,NA
21,DPP4I main_SU main_Acute renal failure,HKU-THIN,5,0,-12724481,1,0,NA,0,0,0,0,1,0,1,1,NA,NA,NA,NA
21,DPP4I main_SU main_Acute renal failure,omop_20190828,NA,NA,900220,NA,0,NA,0,0,NA,0,NA,0,NA,NA,NA,NA,NA,NA
22,GLP1RA main_SGLT2I main_Acute renal failure,US_OPEN_CLAIMS_20230313,0,2797753,13190780,0,0,0,0,0,0,0,0,0,0,0,NA,NA,NA,NA
22,GLP1RA main_SGLT2I main_Acute renal failure,US_PharMetrics_Plus_20230330,0,603199,1606870,0,0,0,0,0,0,0,0,0,0,0,NA,NA,NA,NA
22,GLP1RA main_SGLT2I main_Acute renal failure,optum_extended_ses_2327_20230204,0,433598,953930,0,0,0,0,0,0,0,0,0,0,0,NA,NA,NA,NA
22,GLP1RA main_SGLT2I main_Acute renal failure,optum_extended_dod_2323_20230201,0,433595,953920,0,0,0,0,0,0,0,0,0,0,0,NA,NA,NA,NA
22,GLP1RA main_SGLT2I main_Acute renal failure,truven_ccae_2324_20230201,0,397219,936040,0,0,0,0,0,0,0,0,0,0,0,NA,NA,NA,NA
22,GLP1RA main_SGLT2I main_Acute renal failure,optum_ehr_2247_20221205,0,262584,913790,0,0,0,0,0,0,0,0,0,0,0,NA,NA,NA,NA
22,GLP1RA main_SGLT2I main_Acute renal failure,truven_mdcr_2322_20230127,0,120964,150100,0,0,0,0,0,0,0,0,0,0,0,NA,NA,NA,NA
22,GLP1RA main_SGLT2I main_Acute renal failure,pmtx_202203_20220831,0,108591,293530,0,0,0,0,0,0,0,0,0,0,0,NA,NA,NA,NA
22,GLP1RA main_SGLT2I main_Acute renal failure,VA-OMOP_20230411,0,74531,502090,0,0,0,0,0,0,0,0,0,0,0,NA,NA,NA,NA
22,GLP1RA main_SGLT2I main_Acute renal failure,truven_mdcd_2359_20230215,0,36976,171320,0,0,0,0,0,0,0,0,0,0,0,NA,NA,NA,NA
22,GLP1RA main_SGLT2I main_Acute renal failure,UK_IMRD_THIN_20221230,0,32984,61890,0,0,0,0,0,0,0,0,0,0,0,NA,NA,NA,NA
22,GLP1RA main_SGLT2I main_Acute renal failure,IQVIA_Germany_DA_20230124,0,25687,126110,0,0,0,0,0,0,0,0,0,0,0,NA,NA,NA,NA
22,GLP1RA main_SGLT2I main_Acute renal failure,jmdc_2325_20230126,0,15225,30460,0,0,0,0,0,0,0,0,0,0,0,NA,NA,NA,NA
22,GLP1RA main_SGLT2I main_Acute renal failure,UK_IMRD_EMIS_20230215,0,13027,29840,0,0,0,0,0,0,0,0,0,0,0,NA,NA,NA,NA
22,GLP1RA main_SGLT2I main_Acute renal failure,Japan_Claims_20230215,0,10987,31930,0,0,0,0,0,0,0,0,0,0,0,NA,NA,NA,NA
22,GLP1RA main_SGLT2I main_Acute renal failure,JHM_OMOP_20230406,0,7898,21260,0,0,0,0,0,0,0,0,0,0,0,NA,NA,NA,NA
22,GLP1RA main_SGLT2I main_Acute renal failure,LPD_Italy_20221226,0,7179,15830,0,0,0,0,0,0,0,0,0,0,0,NA,NA,NA,NA
22,GLP1RA main_SGLT2I main_Acute renal failure,France_LPD_20230118,0,5475,21290,0,0,0,0,0,0,0,0,0,0,0,NA,NA,NA,NA
22,GLP1RA main_SGLT2I main_Acute renal failure,CUIMC_20221214,0,4366,37640,0,0,0,0,0,0,0,0,0,0,0,NA,NA,NA,NA
22,GLP1RA main_SGLT2I main_Acute renal failure,LPD_Spain_20220704,0,3795,12030,0,0,0,0,0,0,0,0,0,0,0,NA,NA,NA,NA
22,GLP1RA main_SGLT2I main_Acute renal failure,US_Hospital_20230130,0,2639,14000,0,0,0,0,0,0,0,0,0,0,0,NA,NA,NA,NA
22,GLP1RA main_SGLT2I main_Acute renal failure,IQVIA_Belgium_LPD_20221006,0,2208,6490,0,0,0,0,0,0,0,0,0,0,0,NA,NA,NA,NA
22,GLP1RA main_SGLT2I main_Acute renal failure,Australia_EMR_20230317,0,835,6300,0,0,0,0,0,0,0,0,0,0,0,NA,NA,NA,NA
22,GLP1RA main_SGLT2I main_Acute renal failure,IQVIA_France_DA_20230201,0,728,3130,0,0,0,0,0,0,0,0,0,0,0,NA,NA,NA,NA
22,GLP1RA main_SGLT2I main_Acute renal failure,AUSOM_20220228,0,699,3190,0,0,0,0,0,0,0,0,0,0,0,NA,NA,NA,NA
22,GLP1RA main_SGLT2I main_Acute renal failure,TMUCRD_20210406,0,433,3150,0,0,0,0,0,0,0,0,0,0,0,NA,NA,NA,NA
22,GLP1RA main_SGLT2I main_Acute renal failure,Japan_HIS_20220120,0,108,2830,0,0,0,0,0,0,0,0,0,0,0,NA,NA,NA,NA
22,GLP1RA main_SGLT2I main_Acute renal failure,RED_CDM_Tufts_20221005,0,83,1360,0,0,0,0,0,0,0,0,0,0,0,NA,NA,NA,NA
22,GLP1RA main_SGLT2I main_Acute renal failure,Keck_Upgraded_OMOP_v5_NA,1,15,80,0,0,0,0,0,0,0,0,0,0,0,NA,NA,NA,NA
22,GLP1RA main_SGLT2I main_Acute renal failure,ktph_sg_NA,1,13,20,0,0,NA,0,0,0,0,0,0,0,0,NA,NA,NA,NA
22,GLP1RA main_SGLT2I main_Acute renal failure,Klinicki_centar_Crne_Gore_20230101,2,0,0,0,0,0,0,0,0,0,0,0,0,1,NA,NA,NA,NA
22,GLP1RA main_SGLT2I main_Acute renal failure,cdm_cds,2,0,0,0,0,0,0,0,0,0,0,1,0,0,NA,NA,NA,NA
22,GLP1RA main_SGLT2I main_Acute renal failure,ccpp_v54_20210101,4,0,0,0,0,0,0,0,0,0,1,1,0,1,NA,NA,NA,NA
22,GLP1RA main_SGLT2I main_Acute renal failure,premier_2326_20230125,4,0,0,0,0,0,0,0,1,0,1,0,0,1,NA,NA,NA,NA
22,GLP1RA main_SGLT2I main_Acute renal failure,HKU-THIN,5,0,-12724481,1,0,NA,0,0,0,0,1,0,1,1,NA,NA,NA,NA
22,GLP1RA main_SGLT2I main_Acute renal failure,omop_20190828,NA,NA,48480,NA,0,NA,0,0,NA,0,NA,0,NA,0,NA,NA,NA,NA
23,GLP1RA main_SU main_Acute renal failure,US_OPEN_CLAIMS_20230313,0,4114327,19398130,0,0,0,0,0,0,0,0,0,0,0,NA,NA,NA,NA
23,GLP1RA main_SU main_Acute renal failure,US_PharMetrics_Plus_20230330,0,845464,2252240,0,0,0,0,0,0,0,0,0,0,0,NA,NA,NA,NA
23,GLP1RA main_SU main_Acute renal failure,truven_ccae_2324_20230201,0,772045,1819310,0,0,0,0,0,0,0,0,0,0,0,NA,NA,NA,NA
23,GLP1RA main_SU main_Acute renal failure,optum_extended_dod_2323_20230201,0,652061,1434550,0,0,0,0,0,0,0,0,0,0,0,NA,NA,NA,NA
23,GLP1RA main_SU main_Acute renal failure,optum_extended_ses_2327_20230204,0,652050,1434530,0,0,0,0,0,0,0,0,0,0,0,NA,NA,NA,NA
23,GLP1RA main_SU main_Acute renal failure,optum_ehr_2247_20221205,0,381202,1326580,0,0,0,0,0,0,0,0,0,0,0,NA,NA,NA,NA
23,GLP1RA main_SU main_Acute renal failure,truven_mdcr_2322_20230127,0,193421,240010,0,0,0,0,0,0,0,0,0,0,0,NA,NA,NA,NA
23,GLP1RA main_SU main_Acute renal failure,pmtx_202203_20220831,0,145186,392450,0,0,0,0,0,0,0,0,0,0,0,NA,NA,NA,NA
23,GLP1RA main_SU main_Acute renal failure,VA-OMOP_20230411,0,74531,502090,0,0,0,0,0,0,0,0,0,0,0,NA,NA,NA,NA
23,GLP1RA main_SU main_Acute renal failure,truven_mdcd_2359_20230215,0,58097,269180,0,0,0,0,0,0,0,0,0,0,0,NA,NA,NA,NA
23,GLP1RA main_SU main_Acute renal failure,UK_IMRD_THIN_20221230,0,32984,61890,0,0,0,0,0,0,0,0,0,0,0,NA,NA,NA,NA
23,GLP1RA main_SU main_Acute renal failure,IQVIA_Germany_DA_20230124,0,25687,126110,0,0,0,0,0,0,0,0,0,0,0,NA,NA,NA,NA
23,GLP1RA main_SU main_Acute renal failure,France_LPD_20230118,0,17967,69870,0,0,0,0,0,0,0,0,0,0,0,NA,NA,NA,NA
23,GLP1RA main_SU main_Acute renal failure,jmdc_2325_20230126,0,15225,30460,0,0,0,0,0,0,0,0,0,0,0,NA,NA,NA,NA
23,GLP1RA main_SU main_Acute renal failure,UK_IMRD_EMIS_20230215,0,12232,28020,0,0,0,0,0,0,0,0,0,0,0,NA,NA,NA,NA
23,GLP1RA main_SU main_Acute renal failure,JHM_OMOP_20230406,0,11569,31140,0,0,0,0,0,0,0,0,0,0,0,NA,NA,NA,NA
23,GLP1RA main_SU main_Acute renal failure,Japan_Claims_20230215,0,10987,31930,0,0,0,0,0,0,0,0,0,0,0,NA,NA,NA,NA
23,GLP1RA main_SU main_Acute renal failure,LPD_Italy_20221226,0,8350,18410,0,0,0,0,0,0,0,0,0,0,0,NA,NA,NA,NA
23,GLP1RA main_SU main_Acute renal failure,CUIMC_20221214,0,6690,57670,0,0,0,0,0,0,0,0,0,0,0,NA,NA,NA,NA
23,GLP1RA main_SU main_Acute renal failure,IQVIA_France_DA_20230201,0,5799,24940,0,0,0,0,0,0,0,0,0,0,0,NA,NA,NA,NA
23,GLP1RA main_SU main_Acute renal failure,LPD_Spain_20220704,0,3795,12030,0,0,0,0,0,0,0,0,0,0,0,NA,NA,NA,NA
23,GLP1RA main_SU main_Acute renal failure,US_Hospital_20230130,0,2639,14000,0,0,0,0,0,0,0,0,0,0,0,NA,NA,NA,NA
23,GLP1RA main_SU main_Acute renal failure,IQVIA_Belgium_LPD_20221006,0,1773,5210,0,0,0,0,0,0,0,0,0,0,0,NA,NA,NA,NA
23,GLP1RA main_SU main_Acute renal failure,AUSOM_20220228,0,699,3190,0,0,0,0,0,0,0,0,0,0,0,NA,NA,NA,NA
23,GLP1RA main_SU main_Acute renal failure,Australia_EMR_20230317,0,586,4420,0,0,0,0,0,0,0,0,0,0,0,NA,NA,NA,NA
23,GLP1RA main_SU main_Acute renal failure,TMUCRD_20210406,0,433,3150,0,0,0,0,0,0,0,0,0,0,0,NA,NA,NA,NA
23,GLP1RA main_SU main_Acute renal failure,RED_CDM_Tufts_20221005,0,132,2180,0,0,0,0,0,0,0,0,0,0,0,NA,NA,NA,NA
23,GLP1RA main_SU main_Acute renal failure,Japan_HIS_20220120,0,108,2830,0,0,0,0,0,0,0,0,0,0,0,NA,NA,NA,NA
23,GLP1RA main_SU main_Acute renal failure,Keck_Upgraded_OMOP_v5_NA,1,15,80,0,0,0,0,0,0,0,0,0,0,0,NA,NA,NA,NA
23,GLP1RA main_SU main_Acute renal failure,ktph_sg_NA,1,13,20,0,0,NA,0,0,0,0,0,0,0,0,NA,NA,NA,NA
23,GLP1RA main_SU main_Acute renal failure,cdm_cds,2,0,0,0,0,0,0,0,0,0,0,1,0,0,NA,NA,NA,NA
23,GLP1RA main_SU main_Acute renal failure,Klinicki_centar_Crne_Gore_20230101,3,0,0,0,0,0,0,0,0,0,1,0,0,1,NA,NA,NA,NA
23,GLP1RA main_SU main_Acute renal failure,premier_2326_20230125,3,0,0,0,0,0,0,0,1,0,0,0,0,1,NA,NA,NA,NA
23,GLP1RA main_SU main_Acute renal failure,ccpp_v54_20210101,4,0,0,0,0,0,0,0,0,0,1,1,0,1,NA,NA,NA,NA
23,GLP1RA main_SU main_Acute renal failure,HKU-THIN,5,0,-12724481,1,0,NA,0,0,0,0,1,0,1,1,NA,NA,NA,NA
23,GLP1RA main_SU main_Acute renal failure,omop_20190828,NA,NA,48480,NA,0,NA,0,0,NA,0,NA,0,NA,0,NA,NA,NA,NA
24,SGLT2I main_SU main_Acute renal failure,US_OPEN_CLAIMS_20230313,0,2797753,13190780,0,0,0,0,0,0,0,0,0,0,0,NA,NA,NA,NA
24,SGLT2I main_SU main_Acute renal failure,US_PharMetrics_Plus_20230330,0,603199,1606870,0,0,0,0,0,0,0,0,0,0,0,NA,NA,NA,NA
24,SGLT2I main_SU main_Acute renal failure,optum_extended_ses_2327_20230204,0,433598,953930,0,0,0,0,0,0,0,0,0,0,0,NA,NA,NA,NA
24,SGLT2I main_SU main_Acute renal failure,optum_extended_dod_2323_20230201,0,433595,953920,0,0,0,0,0,0,0,0,0,0,0,NA,NA,NA,NA
24,SGLT2I main_SU main_Acute renal failure,truven_ccae_2324_20230201,0,397219,936040,0,0,0,0,0,0,0,0,0,0,0,NA,NA,NA,NA
24,SGLT2I main_SU main_Acute renal failure,optum_ehr_2247_20221205,0,262584,913790,0,0,0,0,0,0,0,0,0,0,0,NA,NA,NA,NA
24,SGLT2I main_SU main_Acute renal failure,truven_mdcr_2322_20230127,0,120964,150100,0,0,0,0,0,0,0,0,0,0,0,NA,NA,NA,NA
24,SGLT2I main_SU main_Acute renal failure,pmtx_202203_20220831,0,108591,293530,0,0,0,0,0,0,0,0,0,0,0,NA,NA,NA,NA
24,SGLT2I main_SU main_Acute renal failure,jmdc_2325_20230126,0,93462,186980,0,0,0,0,0,0,0,0,0,0,0,NA,NA,NA,NA
24,SGLT2I main_SU main_Acute renal failure,VA-OMOP_20230411,0,77503,522110,0,0,0,0,0,0,0,0,0,0,0,NA,NA,NA,NA
24,SGLT2I main_SU main_Acute renal failure,Japan_Claims_20230215,0,44250,128600,0,0,0,0,0,0,0,0,0,0,0,NA,NA,NA,NA
24,SGLT2I main_SU main_Acute renal failure,UK_IMRD_THIN_20221230,0,40675,76320,0,0,0,0,0,0,0,0,0,0,0,NA,NA,NA,NA
24,SGLT2I main_SU main_Acute renal failure,truven_mdcd_2359_20230215,0,36976,171320,0,0,0,0,0,0,0,0,0,0,0,NA,NA,NA,NA
24,SGLT2I main_SU main_Acute renal failure,IQVIA_Germany_DA_20230124,0,34376,168770,0,0,0,0,0,0,0,0,0,0,0,NA,NA,NA,NA
24,SGLT2I main_SU main_Acute renal failure,UK_IMRD_EMIS_20230215,0,12232,28020,0,0,0,0,0,0,0,0,0,0,0,NA,NA,NA,NA
24,SGLT2I main_SU main_Acute renal failure,JHM_OMOP_20230406,0,7898,21260,0,0,0,0,0,0,0,0,0,0,0,NA,NA,NA,NA
24,SGLT2I main_SU main_Acute renal failure,LPD_Italy_20221226,0,7179,15830,0,0,0,0,0,0,0,0,0,0,0,NA,NA,NA,NA
24,SGLT2I main_SU main_Acute renal failure,LPD_Spain_20220704,0,6161,19530,0,0,0,0,0,0,0,0,0,0,0,NA,NA,NA,NA
24,SGLT2I main_SU main_Acute renal failure,US_Hospital_20230130,0,5983,31740,0,0,0,0,0,0,0,0,0,0,0,NA,NA,NA,NA
24,SGLT2I main_SU main_Acute renal failure,France_LPD_20230118,0,5475,21290,0,0,0,0,0,0,0,0,0,0,0,NA,NA,NA,NA
24,SGLT2I main_SU main_Acute renal failure,CUIMC_20221214,0,4366,37640,0,0,0,0,0,0,0,0,0,0,0,NA,NA,NA,NA
24,SGLT2I main_SU main_Acute renal failure,IQVIA_Belgium_LPD_20221006,0,1773,5210,0,0,0,0,0,0,0,0,0,0,0,NA,NA,NA,NA
24,SGLT2I main_SU main_Acute renal failure,AUSOM_20220228,0,1500,6850,0,0,0,0,0,0,0,0,0,0,0,NA,NA,NA,NA
24,SGLT2I main_SU main_Acute renal failure,TMUCRD_20210406,0,1475,10740,0,0,0,0,0,0,0,0,0,0,0,NA,NA,NA,NA
24,SGLT2I main_SU main_Acute renal failure,IQVIA_France_DA_20230201,0,728,3130,0,0,0,0,0,0,0,0,0,0,0,NA,NA,NA,NA
24,SGLT2I main_SU main_Acute renal failure,Australia_EMR_20230317,0,586,4420,0,0,0,0,0,0,0,0,0,0,0,NA,NA,NA,NA
24,SGLT2I main_SU main_Acute renal failure,Japan_HIS_20220120,0,281,7370,0,0,0,0,0,0,0,0,0,0,0,NA,NA,NA,NA
24,SGLT2I main_SU main_Acute renal failure,RED_CDM_Tufts_20221005,0,83,1360,0,0,0,0,0,0,0,0,0,0,0,NA,NA,NA,NA
24,SGLT2I main_SU main_Acute renal failure,ktph_sg_NA,1,93,140,0,0,NA,0,0,0,0,0,0,0,0,NA,NA,NA,NA
24,SGLT2I main_SU main_Acute renal failure,Keck_Upgraded_OMOP_v5_NA,1,69,370,0,0,0,0,0,0,0,0,0,0,0,NA,NA,NA,NA
24,SGLT2I main_SU main_Acute renal failure,Klinicki_centar_Crne_Gore_20230101,2,0,0,0,0,0,0,0,0,0,1,0,0,0,NA,NA,NA,NA
24,SGLT2I main_SU main_Acute renal failure,cdm_cds,2,0,0,0,0,0,0,0,0,0,0,1,0,0,NA,NA,NA,NA
24,SGLT2I main_SU main_Acute renal failure,premier_2326_20230125,3,0,0,0,0,0,0,0,1,0,0,0,0,1,NA,NA,NA,NA
24,SGLT2I main_SU main_Acute renal failure,ccpp_v54_20210101,4,0,0,0,0,0,0,0,0,0,1,1,0,1,NA,NA,NA,NA
24,SGLT2I main_SU main_Acute renal failure,HKU-THIN,5,0,-12724481,1,0,NA,0,0,0,0,1,0,1,1,NA,NA,NA,NA
24,SGLT2I main_SU main_Acute renal failure,omop_20190828,NA,NA,900220,NA,0,NA,0,0,NA,0,NA,0,NA,NA,NA,NA,NA,NA
25,DPP4I main_GLP1RA main_Glycemic control,truven_ccae_2324_20230201,0,480180,1477240,0,0,0,0,0,0,0,0,0,0,0,0,NA,NA,NA
25,DPP4I main_GLP1RA main_Glycemic control,optum_extended_ses_2327_20230204,0,186508,1319840,0,0,0,0,0,0,0,0,0,0,0,0,NA,NA,NA
25,DPP4I main_GLP1RA main_Glycemic control,optum_extended_dod_2323_20230201,0,185988,1319840,0,0,0,0,0,0,0,0,0,0,0,0,NA,NA,NA
25,DPP4I main_GLP1RA main_Glycemic control,truven_mdcr_2322_20230127,0,133262,240010,0,0,0,0,0,0,0,0,0,0,0,0,NA,NA,NA
25,DPP4I main_GLP1RA main_Glycemic control,VA-OMOP_20230411,0,15364,502090,0,0,0,0,0,0,0,0,0,0,0,0,NA,NA,NA
25,DPP4I main_GLP1RA main_Glycemic control,jmdc_2325_20230126,0,10504,30460,0,0,0,0,0,0,0,0,0,0,0,0,NA,NA,NA
25,DPP4I main_GLP1RA main_Glycemic control,CUIMC_20221214,0,418,57670,0,0,0,0,0,0,0,0,0,0,0,0,NA,NA,NA
25,DPP4I main_GLP1RA main_Glycemic control,AUSOM_20220228,0,283,3190,0,0,0,0,0,0,0,0,0,0,0,0,NA,NA,NA
25,DPP4I main_GLP1RA main_Glycemic control,JHM_OMOP_20230406,0,252,19650,0,0,0,0,0,0,0,0,0,0,0,0,NA,NA,NA
25,DPP4I main_GLP1RA main_Glycemic control,RED_CDM_Tufts_20221005,0,6,1860,0,0,0,0,0,0,0,0,0,0,0,0,NA,NA,NA
25,DPP4I main_GLP1RA main_Glycemic control,pmtx_202203_20220831,1,112872,307900,0,0,0,0,0,0,0,0,0,1,0,0,NA,NA,NA
25,DPP4I main_GLP1RA main_Glycemic control,truven_mdcd_2359_20230215,1,53598,249690,0,0,0,0,0,0,0,0,0,1,0,0,NA,NA,NA
25,DPP4I main_GLP1RA main_Glycemic control,optum_ehr_2247_20221205,1,34059,1326580,0,0,0,0,0,0,0,0,0,1,0,0,NA,NA,NA
25,DPP4I main_GLP1RA main_Glycemic control,Keck_Upgraded_OMOP_v5_NA,1,0,80,0,0,0,0,0,0,0,0,0,0,0,0,NA,NA,NA
25,DPP4I main_GLP1RA main_Glycemic control,TMUCRD_20210406,1,NA,3150,0,0,0,0,0,0,0,0,0,1,0,0,NA,NA,NA
25,DPP4I main_GLP1RA main_Glycemic control,LPD_Italy_20221226,2,0,0,0,0,0,0,0,0,0,0,0,0,0,1,NA,NA,NA
25,DPP4I main_GLP1RA main_Glycemic control,Australia_EMR_20230317,2,0,0,0,0,0,0,0,0,0,0,0,0,0,1,NA,NA,NA
25,DPP4I main_GLP1RA main_Glycemic control,IQVIA_Germany_DA_20230124,2,0,0,0,0,0,0,0,0,0,0,0,0,0,1,NA,NA,NA
25,DPP4I main_GLP1RA main_Glycemic control,ktph_sg_NA,2,0,0,0,0,NA,0,0,0,0,0,0,0,0,1,NA,NA,NA
25,DPP4I main_GLP1RA main_Glycemic control,LPD_Spain_20220704,2,0,0,0,0,0,0,0,0,0,0,0,0,0,1,NA,NA,NA
25,DPP4I main_GLP1RA main_Glycemic control,France_LPD_20230118,2,0,0,0,0,0,0,0,0,0,0,0,0,0,1,NA,NA,NA
25,DPP4I main_GLP1RA main_Glycemic control,IQVIA_Belgium_LPD_20221006,2,0,0,0,0,0,0,0,0,0,0,0,0,0,1,NA,NA,NA
25,DPP4I main_GLP1RA main_Glycemic control,Japan_Claims_20230215,3,0,0,0,0,0,0,0,0,0,0,0,1,0,1,NA,NA,NA
25,DPP4I main_GLP1RA main_Glycemic control,US_OPEN_CLAIMS_20230313,3,0,0,0,0,0,0,0,0,0,0,0,1,0,1,NA,NA,NA
25,DPP4I main_GLP1RA main_Glycemic control,Klinicki_centar_Crne_Gore_20230101,3,0,0,0,0,0,0,0,0,0,1,0,1,0,0,NA,NA,NA
25,DPP4I main_GLP1RA main_Glycemic control,Japan_HIS_20220120,3,0,0,0,0,0,0,0,0,0,0,0,1,0,1,NA,NA,NA
25,DPP4I main_GLP1RA main_Glycemic control,US_PharMetrics_Plus_20230330,3,0,0,0,0,0,0,0,0,0,0,0,1,0,1,NA,NA,NA
25,DPP4I main_GLP1RA main_Glycemic control,IQVIA_France_DA_20230201,3,0,0,0,0,0,0,0,0,0,0,0,1,0,1,NA,NA,NA
25,DPP4I main_GLP1RA main_Glycemic control,premier_2326_20230125,3,0,0,0,0,0,0,0,1,0,1,0,0,0,0,NA,NA,NA
25,DPP4I main_GLP1RA main_Glycemic control,UK_IMRD_THIN_20221230,3,0,0,0,0,0,0,0,0,0,0,0,1,0,1,NA,NA,NA
25,DPP4I main_GLP1RA main_Glycemic control,UK_IMRD_EMIS_20230215,3,0,0,0,0,0,0,0,0,0,0,0,1,0,1,NA,NA,NA
25,DPP4I main_GLP1RA main_Glycemic control,US_Hospital_20230130,3,0,0,0,0,0,0,0,0,0,0,0,1,0,1,NA,NA,NA
25,DPP4I main_GLP1RA main_Glycemic control,cdm_cds,4,0,0,0,0,0,0,0,0,0,0,1,1,0,1,NA,NA,NA
25,DPP4I main_GLP1RA main_Glycemic control,ccpp_v54_20210101,5,0,0,0,0,0,0,0,0,0,1,1,1,1,0,NA,NA,NA
25,DPP4I main_GLP1RA main_Glycemic control,HKU-THIN,6,0,-12724481,1,0,NA,0,0,0,0,1,0,1,1,1,NA,NA,NA
25,DPP4I main_GLP1RA main_Glycemic control,omop_20190828,NA,NA,48480,NA,0,NA,0,0,NA,0,0,0,0,NA,NA,NA,NA,NA
26,DPP4I main_SGLT2I main_Glycemic control,truven_ccae_2324_20230201,0,304262,936040,0,0,0,0,0,0,0,0,0,0,0,0,NA,NA,NA
26,DPP4I main_SGLT2I main_Glycemic control,optum_extended_ses_2327_20230204,0,134801,953930,0,0,0,0,0,0,0,0,0,0,0,0,NA,NA,NA
26,DPP4I main_SGLT2I main_Glycemic control,optum_extended_dod_2323_20230201,0,134424,953920,0,0,0,0,0,0,0,0,0,0,0,0,NA,NA,NA
26,DPP4I main_SGLT2I main_Glycemic control,truven_mdcr_2322_20230127,0,83341,150100,0,0,0,0,0,0,0,0,0,0,0,0,NA,NA,NA
26,DPP4I main_SGLT2I main_Glycemic control,jmdc_2325_20230126,0,67444,195580,0,0,0,0,0,0,0,0,0,0,0,0,NA,NA,NA
26,DPP4I main_SGLT2I main_Glycemic control,VA-OMOP_20230411,0,15977,522110,0,0,0,0,0,0,0,0,0,0,0,0,NA,NA,NA
26,DPP4I main_SGLT2I main_Glycemic control,AUSOM_20220228,0,608,6850,0,0,0,0,0,0,0,0,0,0,0,0,NA,NA,NA
26,DPP4I main_SGLT2I main_Glycemic control,CUIMC_20221214,0,273,37640,0,0,0,0,0,0,0,0,0,0,0,0,NA,NA,NA
26,DPP4I main_SGLT2I main_Glycemic control,JHM_OMOP_20230406,0,252,19650,0,0,0,0,0,0,0,0,0,0,0,0,NA,NA,NA
26,DPP4I main_SGLT2I main_Glycemic control,RED_CDM_Tufts_20221005,0,5,1360,0,0,0,0,0,0,0,0,0,0,0,0,NA,NA,NA
26,DPP4I main_SGLT2I main_Glycemic control,pmtx_202203_20220831,1,107605,293530,0,0,0,0,0,0,0,0,0,1,0,0,NA,NA,NA
26,DPP4I main_SGLT2I main_Glycemic control,truven_mdcd_2359_20230215,1,36775,171320,0,0,0,0,0,0,0,0,0,1,0,0,NA,NA,NA
26,DPP4I main_SGLT2I main_Glycemic control,optum_ehr_2247_20221205,1,23461,913790,0,0,0,0,0,0,0,0,0,1,0,0,NA,NA,NA
26,DPP4I main_SGLT2I main_Glycemic control,Keck_Upgraded_OMOP_v5_NA,1,0,370,0,0,0,0,0,0,0,0,0,0,0,0,NA,NA,NA
26,DPP4I main_SGLT2I main_Glycemic control,TMUCRD_20210406,1,NA,10740,0,0,0,0,0,0,0,0,0,1,0,0,NA,NA,NA
26,DPP4I main_SGLT2I main_Glycemic control,Klinicki_centar_Crne_Gore_20230101,2,1,50,0,0,0,0,0,0,0,0,0,1,0,0,NA,NA,NA
26,DPP4I main_SGLT2I main_Glycemic control,LPD_Italy_20221226,2,0,0,0,0,0,0,0,0,0,0,0,0,0,1,NA,NA,NA
26,DPP4I main_SGLT2I main_Glycemic control,Australia_EMR_20230317,2,0,0,0,0,0,0,0,0,0,0,0,0,0,1,NA,NA,NA
26,DPP4I main_SGLT2I main_Glycemic control,IQVIA_Germany_DA_20230124,2,0,0,0,0,0,0,0,0,0,0,0,0,0,1,NA,NA,NA
26,DPP4I main_SGLT2I main_Glycemic control,ktph_sg_NA,2,0,0,0,0,NA,0,0,0,0,0,0,0,0,1,NA,NA,NA
26,DPP4I main_SGLT2I main_Glycemic control,LPD_Spain_20220704,2,0,0,0,0,0,0,0,0,0,0,0,0,0,1,NA,NA,NA
26,DPP4I main_SGLT2I main_Glycemic control,France_LPD_20230118,2,0,0,0,0,0,0,0,0,0,0,0,0,0,1,NA,NA,NA
26,DPP4I main_SGLT2I main_Glycemic control,IQVIA_Belgium_LPD_20221006,2,0,0,0,0,0,0,0,0,0,0,0,0,0,1,NA,NA,NA
26,DPP4I main_SGLT2I main_Glycemic control,Japan_Claims_20230215,3,0,0,0,0,0,0,0,0,0,0,0,1,0,1,NA,NA,NA
26,DPP4I main_SGLT2I main_Glycemic control,US_OPEN_CLAIMS_20230313,3,0,0,0,0,0,0,0,0,0,0,0,1,0,1,NA,NA,NA
26,DPP4I main_SGLT2I main_Glycemic control,Japan_HIS_20220120,3,0,0,0,0,0,0,0,0,0,0,0,1,0,1,NA,NA,NA
26,DPP4I main_SGLT2I main_Glycemic control,US_PharMetrics_Plus_20230330,3,0,0,0,0,0,0,0,0,0,0,0,1,0,1,NA,NA,NA
26,DPP4I main_SGLT2I main_Glycemic control,IQVIA_France_DA_20230201,3,0,0,0,0,0,0,0,0,0,0,0,1,0,1,NA,NA,NA
26,DPP4I main_SGLT2I main_Glycemic control,premier_2326_20230125,3,0,0,0,0,0,0,0,1,0,1,0,0,0,0,NA,NA,NA
26,DPP4I main_SGLT2I main_Glycemic control,UK_IMRD_THIN_20221230,3,0,0,0,0,0,0,0,0,0,0,0,1,0,1,NA,NA,NA
26,DPP4I main_SGLT2I main_Glycemic control,UK_IMRD_EMIS_20230215,3,0,0,0,0,0,0,0,0,0,0,0,1,0,1,NA,NA,NA
26,DPP4I main_SGLT2I main_Glycemic control,US_Hospital_20230130,3,0,0,0,0,0,0,0,0,0,0,0,1,0,1,NA,NA,NA
26,DPP4I main_SGLT2I main_Glycemic control,cdm_cds,4,0,0,0,0,0,0,0,0,0,0,1,1,0,1,NA,NA,NA
26,DPP4I main_SGLT2I main_Glycemic control,ccpp_v54_20210101,5,0,0,0,0,0,0,0,0,0,1,1,1,1,0,NA,NA,NA
26,DPP4I main_SGLT2I main_Glycemic control,HKU-THIN,6,0,-12724481,1,0,NA,0,0,0,0,1,0,1,1,1,NA,NA,NA
26,DPP4I main_SGLT2I main_Glycemic control,omop_20190828,NA,NA,900220,NA,0,NA,0,0,NA,0,NA,0,0,NA,NA,NA,NA,NA
27,DPP4I main_SU main_Glycemic control,truven_ccae_2324_20230201,0,480180,1477240,0,0,0,0,0,0,0,0,0,0,0,0,NA,NA,NA
27,DPP4I main_SU main_Glycemic control,truven_mdcr_2322_20230127,0,267485,481750,0,0,0,0,0,0,0,0,0,0,0,0,NA,NA,NA
27,DPP4I main_SU main_Glycemic control,optum_extended_ses_2327_20230204,0,186508,1319840,0,0,0,0,0,0,0,0,0,0,0,0,NA,NA,NA
27,DPP4I main_SU main_Glycemic control,optum_extended_dod_2323_20230201,0,185988,1319840,0,0,0,0,0,0,0,0,0,0,0,0,NA,NA,NA
27,DPP4I main_SU main_Glycemic control,jmdc_2325_20230126,0,64478,186980,0,0,0,0,0,0,0,0,0,0,0,0,NA,NA,NA
27,DPP4I main_SU main_Glycemic control,VA-OMOP_20230411,0,16137,527360,0,0,0,0,0,0,0,0,0,0,0,0,NA,NA,NA
27,DPP4I main_SU main_Glycemic control,AUSOM_20220228,0,3087,34770,0,0,0,0,0,0,0,0,0,0,0,0,NA,NA,NA
27,DPP4I main_SU main_Glycemic control,CUIMC_20221214,0,442,60920,0,0,0,0,0,0,0,0,0,0,0,0,NA,NA,NA
27,DPP4I main_SU main_Glycemic control,JHM_OMOP_20230406,0,252,19650,0,0,0,0,0,0,0,0,0,0,0,0,NA,NA,NA
27,DPP4I main_SU main_Glycemic control,RED_CDM_Tufts_20221005,0,6,1860,0,0,0,0,0,0,0,0,0,0,0,0,NA,NA,NA
27,DPP4I main_SU main_Glycemic control,pmtx_202203_20220831,1,112872,307900,0,0,0,0,0,0,0,0,0,1,0,0,NA,NA,NA
27,DPP4I main_SU main_Glycemic control,truven_mdcd_2359_20230215,1,53598,249690,0,0,0,0,0,0,0,0,0,1,0,0,NA,NA,NA
27,DPP4I main_SU main_Glycemic control,optum_ehr_2247_20221205,1,40202,1565820,0,0,0,0,0,0,0,0,0,1,0,0,NA,NA,NA
27,DPP4I main_SU main_Glycemic control,premier_2326_20230125,1,4438,914680,0,0,0,0,0,1,0,0,0,0,0,0,NA,NA,NA
27,DPP4I main_SU main_Glycemic control,Keck_Upgraded_OMOP_v5_NA,1,1,393.71,0,0,0,0,0,0,0,0,0,0,0,0,NA,NA,NA
27,DPP4I main_SU main_Glycemic control,TMUCRD_20210406,1,NA,52740,0,0,0,0,0,0,0,0,0,1,0,0,NA,NA,NA
27,DPP4I main_SU main_Glycemic control,LPD_Italy_20221226,2,0,0,0,0,0,0,0,0,0,0,0,0,0,1,NA,NA,NA
27,DPP4I main_SU main_Glycemic control,Australia_EMR_20230317,2,0,0,0,0,0,0,0,0,0,0,0,0,0,1,NA,NA,NA
27,DPP4I main_SU main_Glycemic control,IQVIA_Germany_DA_20230124,2,0,0,0,0,0,0,0,0,0,0,0,0,0,1,NA,NA,NA
27,DPP4I main_SU main_Glycemic control,ktph_sg_NA,2,0,0,0,0,NA,0,0,0,0,0,0,0,0,1,NA,NA,NA
27,DPP4I main_SU main_Glycemic control,LPD_Spain_20220704,2,0,0,0,0,0,0,0,0,0,0,0,0,0,1,NA,NA,NA
27,DPP4I main_SU main_Glycemic control,France_LPD_20230118,2,0,0,0,0,0,0,0,0,0,0,0,0,0,1,NA,NA,NA
27,DPP4I main_SU main_Glycemic control,IQVIA_Belgium_LPD_20221006,2,0,0,0,0,0,0,0,0,0,0,0,0,0,1,NA,NA,NA
27,DPP4I main_SU main_Glycemic control,Japan_Claims_20230215,3,0,0,0,0,0,0,0,0,0,0,0,1,0,1,NA,NA,NA
27,DPP4I main_SU main_Glycemic control,US_OPEN_CLAIMS_20230313,3,0,0,0,0,0,0,0,0,0,0,0,1,0,1,NA,NA,NA
27,DPP4I main_SU main_Glycemic control,Klinicki_centar_Crne_Gore_20230101,3,0,0,0,0,0,0,0,0,0,1,0,1,0,0,NA,NA,NA
27,DPP4I main_SU main_Glycemic control,Japan_HIS_20220120,3,0,0,0,0,0,0,0,0,0,0,0,1,0,1,NA,NA,NA
27,DPP4I main_SU main_Glycemic control,US_PharMetrics_Plus_20230330,3,0,0,0,0,0,0,0,0,0,0,0,1,0,1,NA,NA,NA
27,DPP4I main_SU main_Glycemic control,IQVIA_France_DA_20230201,3,0,0,0,0,0,0,0,0,0,0,0,1,0,1,NA,NA,NA
27,DPP4I main_SU main_Glycemic control,UK_IMRD_THIN_20221230,3,0,0,0,0,0,0,0,0,0,0,0,1,0,1,NA,NA,NA
27,DPP4I main_SU main_Glycemic control,UK_IMRD_EMIS_20230215,3,0,0,0,0,0,0,0,0,0,0,0,1,0,1,NA,NA,NA
27,DPP4I main_SU main_Glycemic control,US_Hospital_20230130,3,0,0,0,0,0,0,0,0,0,0,0,1,0,1,NA,NA,NA
27,DPP4I main_SU main_Glycemic control,cdm_cds,4,0,0,0,0,0,0,0,0,0,0,1,1,0,1,NA,NA,NA
27,DPP4I main_SU main_Glycemic control,ccpp_v54_20210101,5,0,0,0,0,0,0,0,0,0,1,1,1,1,0,NA,NA,NA
27,DPP4I main_SU main_Glycemic control,HKU-THIN,6,0,-12724481,1,0,NA,0,0,0,0,1,0,1,1,1,NA,NA,NA
27,DPP4I main_SU main_Glycemic control,omop_20190828,NA,NA,900220,NA,0,NA,0,0,NA,0,NA,0,0,NA,NA,NA,NA,NA
28,GLP1RA main_SGLT2I main_Glycemic control,truven_ccae_2324_20230201,0,304262,936040,0,0,0,0,0,0,0,0,0,0,0,0,NA,NA,NA
28,GLP1RA main_SGLT2I main_Glycemic control,optum_extended_ses_2327_20230204,0,134801,953930,0,0,0,0,0,0,0,0,0,0,0,0,NA,NA,NA
28,GLP1RA main_SGLT2I main_Glycemic control,optum_extended_dod_2323_20230201,0,134424,953920,0,0,0,0,0,0,0,0,0,0,0,0,NA,NA,NA
28,GLP1RA main_SGLT2I main_Glycemic control,truven_mdcr_2322_20230127,0,83341,150100,0,0,0,0,0,0,0,0,0,0,0,0,NA,NA,NA
28,GLP1RA main_SGLT2I main_Glycemic control,VA-OMOP_20230411,0,15364,502090,0,0,0,0,0,0,0,0,0,0,0,0,NA,NA,NA
28,GLP1RA main_SGLT2I main_Glycemic control,jmdc_2325_20230126,0,10504,30460,0,0,0,0,0,0,0,0,0,0,0,0,NA,NA,NA
28,GLP1RA main_SGLT2I main_Glycemic control,AUSOM_20220228,0,283,3190,0,0,0,0,0,0,0,0,0,0,0,0,NA,NA,NA
28,GLP1RA main_SGLT2I main_Glycemic control,CUIMC_20221214,0,273,37640,0,0,0,0,0,0,0,0,0,0,0,0,NA,NA,NA
28,GLP1RA main_SGLT2I main_Glycemic control,JHM_OMOP_20230406,0,273,21260,0,0,0,0,0,0,0,0,0,0,0,0,NA,NA,NA
28,GLP1RA main_SGLT2I main_Glycemic control,RED_CDM_Tufts_20221005,0,5,1360,0,0,0,0,0,0,0,0,0,0,0,0,NA,NA,NA
28,GLP1RA main_SGLT2I main_Glycemic control,pmtx_202203_20220831,1,107605,293530,0,0,0,0,0,0,0,0,0,1,0,0,NA,NA,NA
28,GLP1RA main_SGLT2I main_Glycemic control,truven_mdcd_2359_20230215,1,36775,171320,0,0,0,0,0,0,0,0,0,1,0,0,NA,NA,NA
28,GLP1RA main_SGLT2I main_Glycemic control,optum_ehr_2247_20221205,1,23461,913790,0,0,0,0,0,0,0,0,0,1,0,0,NA,NA,NA
28,GLP1RA main_SGLT2I main_Glycemic control,Keck_Upgraded_OMOP_v5_NA,1,0,80,0,0,0,0,0,0,0,0,0,0,0,0,NA,NA,NA
28,GLP1RA main_SGLT2I main_Glycemic control,TMUCRD_20210406,1,NA,3150,0,0,0,0,0,0,0,0,0,1,0,0,NA,NA,NA
28,GLP1RA main_SGLT2I main_Glycemic control,LPD_Italy_20221226,2,0,0,0,0,0,0,0,0,0,0,0,0,0,1,NA,NA,NA
28,GLP1RA main_SGLT2I main_Glycemic control,Australia_EMR_20230317,2,0,0,0,0,0,0,0,0,0,0,0,0,0,1,NA,NA,NA
28,GLP1RA main_SGLT2I main_Glycemic control,IQVIA_Germany_DA_20230124,2,0,0,0,0,0,0,0,0,0,0,0,0,0,1,NA,NA,NA
28,GLP1RA main_SGLT2I main_Glycemic control,ktph_sg_NA,2,0,0,0,0,NA,0,0,0,0,0,0,0,0,1,NA,NA,NA
28,GLP1RA main_SGLT2I main_Glycemic control,LPD_Spain_20220704,2,0,0,0,0,0,0,0,0,0,0,0,0,0,1,NA,NA,NA
28,GLP1RA main_SGLT2I main_Glycemic control,France_LPD_20230118,2,0,0,0,0,0,0,0,0,0,0,0,0,0,1,NA,NA,NA
28,GLP1RA main_SGLT2I main_Glycemic control,IQVIA_Belgium_LPD_20221006,2,0,0,0,0,0,0,0,0,0,0,0,0,0,1,NA,NA,NA
28,GLP1RA main_SGLT2I main_Glycemic control,Japan_Claims_20230215,3,0,0,0,0,0,0,0,0,0,0,0,1,0,1,NA,NA,NA
28,GLP1RA main_SGLT2I main_Glycemic control,US_OPEN_CLAIMS_20230313,3,0,0,0,0,0,0,0,0,0,0,0,1,0,1,NA,NA,NA
28,GLP1RA main_SGLT2I main_Glycemic control,Klinicki_centar_Crne_Gore_20230101,3,0,0,0,0,0,0,0,0,0,0,0,1,1,0,NA,NA,NA
28,GLP1RA main_SGLT2I main_Glycemic control,Japan_HIS_20220120,3,0,0,0,0,0,0,0,0,0,0,0,1,0,1,NA,NA,NA
28,GLP1RA main_SGLT2I main_Glycemic control,US_PharMetrics_Plus_20230330,3,0,0,0,0,0,0,0,0,0,0,0,1,0,1,NA,NA,NA
28,GLP1RA main_SGLT2I main_Glycemic control,IQVIA_France_DA_20230201,3,0,0,0,0,0,0,0,0,0,0,0,1,0,1,NA,NA,NA
28,GLP1RA main_SGLT2I main_Glycemic control,UK_IMRD_THIN_20221230,3,0,0,0,0,0,0,0,0,0,0,0,1,0,1,NA,NA,NA
28,GLP1RA main_SGLT2I main_Glycemic control,UK_IMRD_EMIS_20230215,3,0,0,0,0,0,0,0,0,0,0,0,1,0,1,NA,NA,NA
28,GLP1RA main_SGLT2I main_Glycemic control,US_Hospital_20230130,3,0,0,0,0,0,0,0,0,0,0,0,1,0,1,NA,NA,NA
28,GLP1RA main_SGLT2I main_Glycemic control,premier_2326_20230125,4,0,0,0,0,0,0,0,1,0,1,0,0,1,0,NA,NA,NA
28,GLP1RA main_SGLT2I main_Glycemic control,cdm_cds,4,0,0,0,0,0,0,0,0,0,0,1,1,0,1,NA,NA,NA
28,GLP1RA main_SGLT2I main_Glycemic control,ccpp_v54_20210101,5,0,0,0,0,0,0,0,0,0,1,1,1,1,0,NA,NA,NA
28,GLP1RA main_SGLT2I main_Glycemic control,HKU-THIN,6,0,-12724481,1,0,NA,0,0,0,0,1,0,1,1,1,NA,NA,NA
28,GLP1RA main_SGLT2I main_Glycemic control,omop_20190828,NA,NA,48480,NA,0,NA,0,0,NA,0,NA,0,0,0,NA,NA,NA,NA
29,GLP1RA main_SU main_Glycemic control,truven_ccae_2324_20230201,0,591371,1819310,0,0,0,0,0,0,0,0,0,0,0,0,NA,NA,NA
29,GLP1RA main_SU main_Glycemic control,optum_extended_ses_2327_20230204,0,202715,1434530,0,0,0,0,0,0,0,0,0,0,0,0,NA,NA,NA
29,GLP1RA main_SU main_Glycemic control,optum_extended_dod_2323_20230201,0,202153,1434550,0,0,0,0,0,0,0,0,0,0,0,0,NA,NA,NA
29,GLP1RA main_SU main_Glycemic control,truven_mdcr_2322_20230127,0,133262,240010,0,0,0,0,0,0,0,0,0,0,0,0,NA,NA,NA
29,GLP1RA main_SU main_Glycemic control,VA-OMOP_20230411,0,15364,502090,0,0,0,0,0,0,0,0,0,0,0,0,NA,NA,NA
29,GLP1RA main_SU main_Glycemic control,jmdc_2325_20230126,0,10504,30460,0,0,0,0,0,0,0,0,0,0,0,0,NA,NA,NA
29,GLP1RA main_SU main_Glycemic control,CUIMC_20221214,0,418,57670,0,0,0,0,0,0,0,0,0,0,0,0,NA,NA,NA
29,GLP1RA main_SU main_Glycemic control,JHM_OMOP_20230406,0,400,31140,0,0,0,0,0,0,0,0,0,0,0,0,NA,NA,NA
29,GLP1RA main_SU main_Glycemic control,AUSOM_20220228,0,283,3190,0,0,0,0,0,0,0,0,0,0,0,0,NA,NA,NA
29,GLP1RA main_SU main_Glycemic control,RED_CDM_Tufts_20221005,0,7,2180,0,0,0,0,0,0,0,0,0,0,0,0,NA,NA,NA
29,GLP1RA main_SU main_Glycemic control,pmtx_202203_20220831,1,143868,392450,0,0,0,0,0,0,0,0,0,1,0,0,NA,NA,NA
29,GLP1RA main_SU main_Glycemic control,truven_mdcd_2359_20230215,1,57782,269180,0,0,0,0,0,0,0,0,0,1,0,0,NA,NA,NA
29,GLP1RA main_SU main_Glycemic control,optum_ehr_2247_20221205,1,34059,1326580,0,0,0,0,0,0,0,0,0,1,0,0,NA,NA,NA
29,GLP1RA main_SU main_Glycemic control,Keck_Upgraded_OMOP_v5_NA,1,0,80,0,0,0,0,0,0,0,0,0,0,0,0,NA,NA,NA
29,GLP1RA main_SU main_Glycemic control,TMUCRD_20210406,1,NA,3150,0,0,0,0,0,0,0,0,0,1,0,0,NA,NA,NA
29,GLP1RA main_SU main_Glycemic control,LPD_Italy_20221226,2,0,0,0,0,0,0,0,0,0,0,0,0,0,1,NA,NA,NA
29,GLP1RA main_SU main_Glycemic control,Australia_EMR_20230317,2,0,0,0,0,0,0,0,0,0,0,0,0,0,1,NA,NA,NA
29,GLP1RA main_SU main_Glycemic control,IQVIA_Germany_DA_20230124,2,0,0,0,0,0,0,0,0,0,0,0,0,0,1,NA,NA,NA
29,GLP1RA main_SU main_Glycemic control,ktph_sg_NA,2,0,0,0,0,NA,0,0,0,0,0,0,0,0,1,NA,NA,NA
29,GLP1RA main_SU main_Glycemic control,LPD_Spain_20220704,2,0,0,0,0,0,0,0,0,0,0,0,0,0,1,NA,NA,NA
29,GLP1RA main_SU main_Glycemic control,France_LPD_20230118,2,0,0,0,0,0,0,0,0,0,0,0,0,0,1,NA,NA,NA
29,GLP1RA main_SU main_Glycemic control,IQVIA_Belgium_LPD_20221006,2,0,0,0,0,0,0,0,0,0,0,0,0,0,1,NA,NA,NA
29,GLP1RA main_SU main_Glycemic control,Japan_Claims_20230215,3,0,0,0,0,0,0,0,0,0,0,0,1,0,1,NA,NA,NA
29,GLP1RA main_SU main_Glycemic control,US_OPEN_CLAIMS_20230313,3,0,0,0,0,0,0,0,0,0,0,0,1,0,1,NA,NA,NA
29,GLP1RA main_SU main_Glycemic control,Japan_HIS_20220120,3,0,0,0,0,0,0,0,0,0,0,0,1,0,1,NA,NA,NA
29,GLP1RA main_SU main_Glycemic control,US_PharMetrics_Plus_20230330,3,0,0,0,0,0,0,0,0,0,0,0,1,0,1,NA,NA,NA
29,GLP1RA main_SU main_Glycemic control,IQVIA_France_DA_20230201,3,0,0,0,0,0,0,0,0,0,0,0,1,0,1,NA,NA,NA
29,GLP1RA main_SU main_Glycemic control,premier_2326_20230125,3,0,0,0,0,0,0,0,1,0,0,0,0,1,0,NA,NA,NA
29,GLP1RA main_SU main_Glycemic control,UK_IMRD_THIN_20221230,3,0,0,0,0,0,0,0,0,0,0,0,1,0,1,NA,NA,NA
29,GLP1RA main_SU main_Glycemic control,UK_IMRD_EMIS_20230215,3,0,0,0,0,0,0,0,0,0,0,0,1,0,1,NA,NA,NA
29,GLP1RA main_SU main_Glycemic control,US_Hospital_20230130,3,0,0,0,0,0,0,0,0,0,0,0,1,0,1,NA,NA,NA
29,GLP1RA main_SU main_Glycemic control,Klinicki_centar_Crne_Gore_20230101,4,0,0,0,0,0,0,0,0,0,1,0,1,1,0,NA,NA,NA
29,GLP1RA main_SU main_Glycemic control,cdm_cds,4,0,0,0,0,0,0,0,0,0,0,1,1,0,1,NA,NA,NA
29,GLP1RA main_SU main_Glycemic control,ccpp_v54_20210101,5,0,0,0,0,0,0,0,0,0,1,1,1,1,0,NA,NA,NA
29,GLP1RA main_SU main_Glycemic control,HKU-THIN,6,0,-12724481,1,0,NA,0,0,0,0,1,0,1,1,1,NA,NA,NA
29,GLP1RA main_SU main_Glycemic control,omop_20190828,NA,NA,48480,NA,0,NA,0,0,NA,0,NA,0,0,0,NA,NA,NA,NA
30,SGLT2I main_SU main_Glycemic control,truven_ccae_2324_20230201,0,304262,936040,0,0,0,0,0,0,0,0,0,0,0,0,NA,NA,NA
30,SGLT2I main_SU main_Glycemic control,optum_extended_ses_2327_20230204,0,134801,953930,0,0,0,0,0,0,0,0,0,0,0,0,NA,NA,NA
30,SGLT2I main_SU main_Glycemic control,optum_extended_dod_2323_20230201,0,134424,953920,0,0,0,0,0,0,0,0,0,0,0,0,NA,NA,NA
30,SGLT2I main_SU main_Glycemic control,truven_mdcr_2322_20230127,0,83341,150100,0,0,0,0,0,0,0,0,0,0,0,0,NA,NA,NA
30,SGLT2I main_SU main_Glycemic control,jmdc_2325_20230126,0,64478,186980,0,0,0,0,0,0,0,0,0,0,0,0,NA,NA,NA
30,SGLT2I main_SU main_Glycemic control,VA-OMOP_20230411,0,15977,522110,0,0,0,0,0,0,0,0,0,0,0,0,NA,NA,NA
30,SGLT2I main_SU main_Glycemic control,AUSOM_20220228,0,608,6850,0,0,0,0,0,0,0,0,0,0,0,0,NA,NA,NA
30,SGLT2I main_SU main_Glycemic control,CUIMC_20221214,0,273,37640,0,0,0,0,0,0,0,0,0,0,0,0,NA,NA,NA
30,SGLT2I main_SU main_Glycemic control,JHM_OMOP_20230406,0,273,21260,0,0,0,0,0,0,0,0,0,0,0,0,NA,NA,NA
30,SGLT2I main_SU main_Glycemic control,RED_CDM_Tufts_20221005,0,5,1360,0,0,0,0,0,0,0,0,0,0,0,0,NA,NA,NA
30,SGLT2I main_SU main_Glycemic control,pmtx_202203_20220831,1,107605,293530,0,0,0,0,0,0,0,0,0,1,0,0,NA,NA,NA
30,SGLT2I main_SU main_Glycemic control,truven_mdcd_2359_20230215,1,36775,171320,0,0,0,0,0,0,0,0,0,1,0,0,NA,NA,NA
30,SGLT2I main_SU main_Glycemic control,optum_ehr_2247_20221205,1,23461,913790,0,0,0,0,0,0,0,0,0,1,0,0,NA,NA,NA
30,SGLT2I main_SU main_Glycemic control,Keck_Upgraded_OMOP_v5_NA,1,0,370,0,0,0,0,0,0,0,0,0,0,0,0,NA,NA,NA
30,SGLT2I main_SU main_Glycemic control,TMUCRD_20210406,1,NA,10740,0,0,0,0,0,0,0,0,0,1,0,0,NA,NA,NA
30,SGLT2I main_SU main_Glycemic control,LPD_Italy_20221226,2,0,0,0,0,0,0,0,0,0,0,0,0,0,1,NA,NA,NA
30,SGLT2I main_SU main_Glycemic control,Australia_EMR_20230317,2,0,0,0,0,0,0,0,0,0,0,0,0,0,1,NA,NA,NA
30,SGLT2I main_SU main_Glycemic control,IQVIA_Germany_DA_20230124,2,0,0,0,0,0,0,0,0,0,0,0,0,0,1,NA,NA,NA
30,SGLT2I main_SU main_Glycemic control,ktph_sg_NA,2,0,0,0,0,NA,0,0,0,0,0,0,0,0,1,NA,NA,NA
30,SGLT2I main_SU main_Glycemic control,LPD_Spain_20220704,2,0,0,0,0,0,0,0,0,0,0,0,0,0,1,NA,NA,NA
30,SGLT2I main_SU main_Glycemic control,France_LPD_20230118,2,0,0,0,0,0,0,0,0,0,0,0,0,0,1,NA,NA,NA
30,SGLT2I main_SU main_Glycemic control,IQVIA_Belgium_LPD_20221006,2,0,0,0,0,0,0,0,0,0,0,0,0,0,1,NA,NA,NA
30,SGLT2I main_SU main_Glycemic control,Japan_Claims_20230215,3,0,0,0,0,0,0,0,0,0,0,0,1,0,1,NA,NA,NA
30,SGLT2I main_SU main_Glycemic control,US_OPEN_CLAIMS_20230313,3,0,0,0,0,0,0,0,0,0,0,0,1,0,1,NA,NA,NA
30,SGLT2I main_SU main_Glycemic control,Klinicki_centar_Crne_Gore_20230101,3,0,0,0,0,0,0,0,0,0,1,0,1,0,0,NA,NA,NA
30,SGLT2I main_SU main_Glycemic control,Japan_HIS_20220120,3,0,0,0,0,0,0,0,0,0,0,0,1,0,1,NA,NA,NA
30,SGLT2I main_SU main_Glycemic control,US_PharMetrics_Plus_20230330,3,0,0,0,0,0,0,0,0,0,0,0,1,0,1,NA,NA,NA
30,SGLT2I main_SU main_Glycemic control,IQVIA_France_DA_20230201,3,0,0,0,0,0,0,0,0,0,0,0,1,0,1,NA,NA,NA
30,SGLT2I main_SU main_Glycemic control,premier_2326_20230125,3,0,0,0,0,0,0,0,1,0,0,0,0,1,0,NA,NA,NA
30,SGLT2I main_SU main_Glycemic control,UK_IMRD_THIN_20221230,3,0,0,0,0,0,0,0,0,0,0,0,1,0,1,NA,NA,NA
30,SGLT2I main_SU main_Glycemic control,UK_IMRD_EMIS_20230215,3,0,0,0,0,0,0,0,0,0,0,0,1,0,1,NA,NA,NA
30,SGLT2I main_SU main_Glycemic control,US_Hospital_20230130,3,0,0,0,0,0,0,0,0,0,0,0,1,0,1,NA,NA,NA
30,SGLT2I main_SU main_Glycemic control,cdm_cds,4,0,0,0,0,0,0,0,0,0,0,1,1,0,1,NA,NA,NA
30,SGLT2I main_SU main_Glycemic control,ccpp_v54_20210101,5,0,0,0,0,0,0,0,0,0,1,1,1,1,0,NA,NA,NA
30,SGLT2I main_SU main_Glycemic control,HKU-THIN,6,0,-12724481,1,0,NA,0,0,0,0,1,0,1,1,1,NA,NA,NA
30,SGLT2I main_SU main_Glycemic control,omop_20190828,NA,NA,900220,NA,0,NA,0,0,NA,0,NA,0,0,NA,NA,NA,NA,NA
31,DPP4I main_GLP1RA main_Hospitalization with heart failure,US_OPEN_CLAIMS_20230313,0,2984398,14070770,0,0,0,0,0,0,0,0,0,0,0,NA,NA,NA,NA
31,DPP4I main_GLP1RA main_Hospitalization with heart failure,truven_ccae_2324_20230201,0,626883,1477240,0,0,0,0,0,0,0,0,0,0,0,NA,NA,NA,NA
31,DPP4I main_GLP1RA main_Hospitalization with heart failure,optum_extended_dod_2323_20230201,0,599920,1319840,0,0,0,0,0,0,0,0,0,0,0,NA,NA,NA,NA
31,DPP4I main_GLP1RA main_Hospitalization with heart failure,optum_extended_ses_2327_20230204,0,599919,1319840,0,0,0,0,0,0,0,0,0,0,0,NA,NA,NA,NA
31,DPP4I main_GLP1RA main_Hospitalization with heart failure,US_PharMetrics_Plus_20230330,0,546343,1455410,0,0,0,0,0,0,0,0,0,0,0,NA,NA,NA,NA
31,DPP4I main_GLP1RA main_Hospitalization with heart failure,optum_ehr_2247_20221205,0,381202,1326580,0,0,0,0,0,0,0,0,0,0,0,NA,NA,NA,NA
31,DPP4I main_GLP1RA main_Hospitalization with heart failure,truven_mdcr_2322_20230127,0,193421,240010,0,0,0,0,0,0,0,0,0,0,0,NA,NA,NA,NA
31,DPP4I main_GLP1RA main_Hospitalization with heart failure,pmtx_202203_20220831,0,113907,307900,0,0,0,0,0,0,0,0,0,0,0,NA,NA,NA,NA
31,DPP4I main_GLP1RA main_Hospitalization with heart failure,VA-OMOP_20230411,0,74531,502090,0,0,0,0,0,0,0,0,0,0,0,NA,NA,NA,NA
31,DPP4I main_GLP1RA main_Hospitalization with heart failure,truven_mdcd_2359_20230215,0,53891,249690,0,0,0,0,0,0,0,0,0,0,0,NA,NA,NA,NA
31,DPP4I main_GLP1RA main_Hospitalization with heart failure,UK_IMRD_THIN_20221230,0,32984,61890,0,0,0,0,0,0,0,0,0,0,0,NA,NA,NA,NA
31,DPP4I main_GLP1RA main_Hospitalization with heart failure,IQVIA_Germany_DA_20230124,0,25687,126110,0,0,0,0,0,0,0,0,0,0,0,NA,NA,NA,NA
31,DPP4I main_GLP1RA main_Hospitalization with heart failure,France_LPD_20230118,0,19374,75340,0,0,0,0,0,0,0,0,0,0,0,NA,NA,NA,NA
31,DPP4I main_GLP1RA main_Hospitalization with heart failure,jmdc_2325_20230126,0,15225,30460,0,0,0,0,0,0,0,0,0,0,0,NA,NA,NA,NA
31,DPP4I main_GLP1RA main_Hospitalization with heart failure,UK_IMRD_EMIS_20230215,0,13027,29840,0,0,0,0,0,0,0,0,0,0,0,NA,NA,NA,NA
31,DPP4I main_GLP1RA main_Hospitalization with heart failure,Japan_Claims_20230215,0,10987,31930,0,0,0,0,0,0,0,0,0,0,0,NA,NA,NA,NA
31,DPP4I main_GLP1RA main_Hospitalization with heart failure,LPD_Italy_20221226,0,8350,18410,0,0,0,0,0,0,0,0,0,0,0,NA,NA,NA,NA
31,DPP4I main_GLP1RA main_Hospitalization with heart failure,JHM_OMOP_20230406,0,7300,19650,0,0,0,0,0,0,0,0,0,0,0,NA,NA,NA,NA
31,DPP4I main_GLP1RA main_Hospitalization with heart failure,CUIMC_20221214,0,6690,57670,0,0,0,0,0,0,0,0,0,0,0,NA,NA,NA,NA
31,DPP4I main_GLP1RA main_Hospitalization with heart failure,IQVIA_France_DA_20230201,0,5799,24940,0,0,0,0,0,0,0,0,0,0,0,NA,NA,NA,NA
31,DPP4I main_GLP1RA main_Hospitalization with heart failure,LPD_Spain_20220704,0,3795,12030,0,0,0,0,0,0,0,0,0,0,0,NA,NA,NA,NA
31,DPP4I main_GLP1RA main_Hospitalization with heart failure,IQVIA_Belgium_LPD_20221006,0,2933,8620,0,0,0,0,0,0,0,0,0,0,0,NA,NA,NA,NA
31,DPP4I main_GLP1RA main_Hospitalization with heart failure,US_Hospital_20230130,0,2639,14000,0,0,0,0,0,0,0,0,0,0,0,NA,NA,NA,NA
31,DPP4I main_GLP1RA main_Hospitalization with heart failure,Australia_EMR_20230317,0,835,6300,0,0,0,0,0,0,0,0,0,0,0,NA,NA,NA,NA
31,DPP4I main_GLP1RA main_Hospitalization with heart failure,AUSOM_20220228,0,699,3190,0,0,0,0,0,0,0,0,0,0,0,NA,NA,NA,NA
31,DPP4I main_GLP1RA main_Hospitalization with heart failure,TMUCRD_20210406,0,433,3150,0,0,0,0,0,0,0,0,0,0,0,NA,NA,NA,NA
31,DPP4I main_GLP1RA main_Hospitalization with heart failure,RED_CDM_Tufts_20221005,0,113,1860,0,0,0,0,0,0,0,0,0,0,0,NA,NA,NA,NA
31,DPP4I main_GLP1RA main_Hospitalization with heart failure,Japan_HIS_20220120,0,108,2830,0,0,0,0,0,0,0,0,0,0,0,NA,NA,NA,NA
31,DPP4I main_GLP1RA main_Hospitalization with heart failure,Keck_Upgraded_OMOP_v5_NA,1,15,80,0,0,0,0,0,0,0,0,0,0,0,NA,NA,NA,NA
31,DPP4I main_GLP1RA main_Hospitalization with heart failure,ktph_sg_NA,1,13,20,0,0,NA,0,0,0,0,0,0,0,0,NA,NA,NA,NA
31,DPP4I main_GLP1RA main_Hospitalization with heart failure,Klinicki_centar_Crne_Gore_20230101,2,0,0,0,0,0,0,0,0,0,1,0,0,0,NA,NA,NA,NA
31,DPP4I main_GLP1RA main_Hospitalization with heart failure,cdm_cds,2,0,0,0,0,0,0,0,0,0,0,1,0,0,NA,NA,NA,NA
31,DPP4I main_GLP1RA main_Hospitalization with heart failure,premier_2326_20230125,3,0,0,0,0,0,0,0,1,0,1,0,0,0,NA,NA,NA,NA
31,DPP4I main_GLP1RA main_Hospitalization with heart failure,ccpp_v54_20210101,4,0,0,0,0,0,0,0,0,0,1,1,0,1,NA,NA,NA,NA
31,DPP4I main_GLP1RA main_Hospitalization with heart failure,HKU-THIN,5,0,-12724481,1,0,NA,0,0,0,0,1,0,1,1,NA,NA,NA,NA
31,DPP4I main_GLP1RA main_Hospitalization with heart failure,omop_20190828,NA,NA,48480,NA,0,NA,0,0,NA,0,0,0,NA,NA,NA,NA,NA,NA
32,DPP4I main_SGLT2I main_Hospitalization with heart failure,US_OPEN_CLAIMS_20230313,0,2797753,13190780,0,0,0,0,0,0,0,0,0,0,0,NA,NA,NA,NA
32,DPP4I main_SGLT2I main_Hospitalization with heart failure,US_PharMetrics_Plus_20230330,0,546343,1455410,0,0,0,0,0,0,0,0,0,0,0,NA,NA,NA,NA
32,DPP4I main_SGLT2I main_Hospitalization with heart failure,optum_extended_ses_2327_20230204,0,433598,953930,0,0,0,0,0,0,0,0,0,0,0,NA,NA,NA,NA
32,DPP4I main_SGLT2I main_Hospitalization with heart failure,optum_extended_dod_2323_20230201,0,433595,953920,0,0,0,0,0,0,0,0,0,0,0,NA,NA,NA,NA
32,DPP4I main_SGLT2I main_Hospitalization with heart failure,truven_ccae_2324_20230201,0,397219,936040,0,0,0,0,0,0,0,0,0,0,0,NA,NA,NA,NA
32,DPP4I main_SGLT2I main_Hospitalization with heart failure,optum_ehr_2247_20221205,0,262584,913790,0,0,0,0,0,0,0,0,0,0,0,NA,NA,NA,NA
32,DPP4I main_SGLT2I main_Hospitalization with heart failure,truven_mdcr_2322_20230127,0,120964,150100,0,0,0,0,0,0,0,0,0,0,0,NA,NA,NA,NA
32,DPP4I main_SGLT2I main_Hospitalization with heart failure,pmtx_202203_20220831,0,108591,293530,0,0,0,0,0,0,0,0,0,0,0,NA,NA,NA,NA
32,DPP4I main_SGLT2I main_Hospitalization with heart failure,jmdc_2325_20230126,0,97761,195580,0,0,0,0,0,0,0,0,0,0,0,NA,NA,NA,NA
32,DPP4I main_SGLT2I main_Hospitalization with heart failure,VA-OMOP_20230411,0,77503,522110,0,0,0,0,0,0,0,0,0,0,0,NA,NA,NA,NA
32,DPP4I main_SGLT2I main_Hospitalization with heart failure,Japan_Claims_20230215,0,44250,128600,0,0,0,0,0,0,0,0,0,0,0,NA,NA,NA,NA
32,DPP4I main_SGLT2I main_Hospitalization with heart failure,UK_IMRD_THIN_20221230,0,40675,76320,0,0,0,0,0,0,0,0,0,0,0,NA,NA,NA,NA
32,DPP4I main_SGLT2I main_Hospitalization with heart failure,truven_mdcd_2359_20230215,0,36976,171320,0,0,0,0,0,0,0,0,0,0,0,NA,NA,NA,NA
32,DPP4I main_SGLT2I main_Hospitalization with heart failure,IQVIA_Germany_DA_20230124,0,36211,177780,0,0,0,0,0,0,0,0,0,0,0,NA,NA,NA,NA
32,DPP4I main_SGLT2I main_Hospitalization with heart failure,UK_IMRD_EMIS_20230215,0,16790,38460,0,0,0,0,0,0,0,0,0,0,0,NA,NA,NA,NA
32,DPP4I main_SGLT2I main_Hospitalization with heart failure,LPD_Spain_20220704,0,10616,33650,0,0,0,0,0,0,0,0,0,0,0,NA,NA,NA,NA
32,DPP4I main_SGLT2I main_Hospitalization with heart failure,JHM_OMOP_20230406,0,7300,19650,0,0,0,0,0,0,0,0,0,0,0,NA,NA,NA,NA
32,DPP4I main_SGLT2I main_Hospitalization with heart failure,LPD_Italy_20221226,0,7179,15830,0,0,0,0,0,0,0,0,0,0,0,NA,NA,NA,NA
32,DPP4I main_SGLT2I main_Hospitalization with heart failure,US_Hospital_20230130,0,5983,31740,0,0,0,0,0,0,0,0,0,0,0,NA,NA,NA,NA
32,DPP4I main_SGLT2I main_Hospitalization with heart failure,France_LPD_20230118,0,5475,21290,0,0,0,0,0,0,0,0,0,0,0,NA,NA,NA,NA
32,DPP4I main_SGLT2I main_Hospitalization with heart failure,CUIMC_20221214,0,4366,37640,0,0,0,0,0,0,0,0,0,0,0,NA,NA,NA,NA
32,DPP4I main_SGLT2I main_Hospitalization with heart failure,Australia_EMR_20230317,0,2683,20240,0,0,0,0,0,0,0,0,0,0,0,NA,NA,NA,NA
32,DPP4I main_SGLT2I main_Hospitalization with heart failure,IQVIA_Belgium_LPD_20221006,0,2208,6490,0,0,0,0,0,0,0,0,0,0,0,NA,NA,NA,NA
32,DPP4I main_SGLT2I main_Hospitalization with heart failure,AUSOM_20220228,0,1500,6850,0,0,0,0,0,0,0,0,0,0,0,NA,NA,NA,NA
32,DPP4I main_SGLT2I main_Hospitalization with heart failure,TMUCRD_20210406,0,1475,10740,0,0,0,0,0,0,0,0,0,0,0,NA,NA,NA,NA
32,DPP4I main_SGLT2I main_Hospitalization with heart failure,IQVIA_France_DA_20230201,0,728,3130,0,0,0,0,0,0,0,0,0,0,0,NA,NA,NA,NA
32,DPP4I main_SGLT2I main_Hospitalization with heart failure,Japan_HIS_20220120,0,281,7370,0,0,0,0,0,0,0,0,0,0,0,NA,NA,NA,NA
32,DPP4I main_SGLT2I main_Hospitalization with heart failure,RED_CDM_Tufts_20221005,0,83,1360,0,0,0,0,0,0,0,0,0,0,0,NA,NA,NA,NA
32,DPP4I main_SGLT2I main_Hospitalization with heart failure,ktph_sg_NA,1,93,140,0,0,NA,0,0,0,0,0,0,0,0,NA,NA,NA,NA
32,DPP4I main_SGLT2I main_Hospitalization with heart failure,Keck_Upgraded_OMOP_v5_NA,1,69,370,0,0,0,0,0,0,0,0,0,0,0,NA,NA,NA,NA
32,DPP4I main_SGLT2I main_Hospitalization with heart failure,Klinicki_centar_Crne_Gore_20230101,1,10,50,0,0,0,0,0,0,0,0,0,0,0,NA,NA,NA,NA
32,DPP4I main_SGLT2I main_Hospitalization with heart failure,cdm_cds,2,0,0,0,0,0,0,0,0,0,0,1,0,0,NA,NA,NA,NA
32,DPP4I main_SGLT2I main_Hospitalization with heart failure,premier_2326_20230125,3,0,0,0,0,0,0,0,1,0,1,0,0,0,NA,NA,NA,NA
32,DPP4I main_SGLT2I main_Hospitalization with heart failure,ccpp_v54_20210101,4,0,0,0,0,0,0,0,0,0,1,1,0,1,NA,NA,NA,NA
32,DPP4I main_SGLT2I main_Hospitalization with heart failure,HKU-THIN,5,0,-12724481,1,0,NA,0,0,0,0,1,0,1,1,NA,NA,NA,NA
32,DPP4I main_SGLT2I main_Hospitalization with heart failure,omop_20190828,NA,NA,900220,NA,0,NA,0,0,NA,0,NA,0,NA,NA,NA,NA,NA,NA
33,DPP4I main_SU main_Hospitalization with heart failure,US_OPEN_CLAIMS_20230313,0,2984398,14070770,0,0,0,0,0,0,0,0,0,0,0,NA,NA,NA,NA
33,DPP4I main_SU main_Hospitalization with heart failure,truven_ccae_2324_20230201,0,626883,1477240,0,0,0,0,0,0,0,0,0,0,0,NA,NA,NA,NA
33,DPP4I main_SU main_Hospitalization with heart failure,optum_extended_dod_2323_20230201,0,599920,1319840,0,0,0,0,0,0,0,0,0,0,0,NA,NA,NA,NA
33,DPP4I main_SU main_Hospitalization with heart failure,optum_extended_ses_2327_20230204,0,599919,1319840,0,0,0,0,0,0,0,0,0,0,0,NA,NA,NA,NA
33,DPP4I main_SU main_Hospitalization with heart failure,US_PharMetrics_Plus_20230330,0,546343,1455410,0,0,0,0,0,0,0,0,0,0,0,NA,NA,NA,NA
33,DPP4I main_SU main_Hospitalization with heart failure,optum_ehr_2247_20221205,0,449949,1565820,0,0,0,0,0,0,0,0,0,0,0,NA,NA,NA,NA
33,DPP4I main_SU main_Hospitalization with heart failure,truven_mdcr_2322_20230127,0,388236,481750,0,0,0,0,0,0,0,0,0,0,0,NA,NA,NA,NA
33,DPP4I main_SU main_Hospitalization with heart failure,pmtx_202203_20220831,0,113907,307900,0,0,0,0,0,0,0,0,0,0,0,NA,NA,NA,NA
33,DPP4I main_SU main_Hospitalization with heart failure,jmdc_2325_20230126,0,93462,186980,0,0,0,0,0,0,0,0,0,0,0,NA,NA,NA,NA
33,DPP4I main_SU main_Hospitalization with heart failure,VA-OMOP_20230411,0,78282,527360,0,0,0,0,0,0,0,0,0,0,0,NA,NA,NA,NA
33,DPP4I main_SU main_Hospitalization with heart failure,Japan_Claims_20230215,0,63264,183860,0,0,0,0,0,0,0,0,0,0,0,NA,NA,NA,NA
33,DPP4I main_SU main_Hospitalization with heart failure,US_Hospital_20230130,0,62779,333060,0,0,0,0,0,0,0,0,0,0,0,NA,NA,NA,NA
33,DPP4I main_SU main_Hospitalization with heart failure,truven_mdcd_2359_20230215,0,53891,249690,0,0,0,0,0,0,0,0,0,0,0,NA,NA,NA,NA
33,DPP4I main_SU main_Hospitalization with heart failure,UK_IMRD_THIN_20221230,0,46223,86730,0,0,0,0,0,0,0,0,0,0,0,NA,NA,NA,NA
33,DPP4I main_SU main_Hospitalization with heart failure,IQVIA_Germany_DA_20230124,0,34376,168770,0,0,0,0,0,0,0,0,0,0,0,NA,NA,NA,NA
33,DPP4I main_SU main_Hospitalization with heart failure,France_LPD_20230118,0,17967,69870,0,0,0,0,0,0,0,0,0,0,0,NA,NA,NA,NA
33,DPP4I main_SU main_Hospitalization with heart failure,LPD_Italy_20221226,0,15674,34560,0,0,0,0,0,0,0,0,0,0,0,NA,NA,NA,NA
33,DPP4I main_SU main_Hospitalization with heart failure,UK_IMRD_EMIS_20230215,0,12232,28020,0,0,0,0,0,0,0,0,0,0,0,NA,NA,NA,NA
33,DPP4I main_SU main_Hospitalization with heart failure,IQVIA_France_DA_20230201,0,8245,35460,0,0,0,0,0,0,0,0,0,0,0,NA,NA,NA,NA
33,DPP4I main_SU main_Hospitalization with heart failure,AUSOM_20220228,0,7616,34770,0,0,0,0,0,0,0,0,0,0,0,NA,NA,NA,NA
33,DPP4I main_SU main_Hospitalization with heart failure,JHM_OMOP_20230406,0,7300,19650,0,0,0,0,0,0,0,0,0,0,0,NA,NA,NA,NA
33,DPP4I main_SU main_Hospitalization with heart failure,TMUCRD_20210406,0,7245,52740,0,0,0,0,0,0,0,0,0,0,0,NA,NA,NA,NA
33,DPP4I main_SU main_Hospitalization with heart failure,CUIMC_20221214,0,7067,60920,0,0,0,0,0,0,0,0,0,0,0,NA,NA,NA,NA
33,DPP4I main_SU main_Hospitalization with heart failure,LPD_Spain_20220704,0,6161,19530,0,0,0,0,0,0,0,0,0,0,0,NA,NA,NA,NA
33,DPP4I main_SU main_Hospitalization with heart failure,IQVIA_Belgium_LPD_20221006,0,1773,5210,0,0,0,0,0,0,0,0,0,0,0,NA,NA,NA,NA
33,DPP4I main_SU main_Hospitalization with heart failure,Keck_Upgraded_OMOP_v5_NA,0,1700,9120,0,0,0,0,0,0,0,0,0,0,0,NA,NA,NA,NA
33,DPP4I main_SU main_Hospitalization with heart failure,Australia_EMR_20230317,0,586,4420,0,0,0,0,0,0,0,0,0,0,0,NA,NA,NA,NA
33,DPP4I main_SU main_Hospitalization with heart failure,Japan_HIS_20220120,0,449,11790,0,0,0,0,0,0,0,0,0,0,0,NA,NA,NA,NA
33,DPP4I main_SU main_Hospitalization with heart failure,RED_CDM_Tufts_20221005,0,113,1860,0,0,0,0,0,0,0,0,0,0,0,NA,NA,NA,NA
33,DPP4I main_SU main_Hospitalization with heart failure,premier_2326_20230125,1,6525,914680,0,0,0,0,0,1,0,0,0,0,0,NA,NA,NA,NA
33,DPP4I main_SU main_Hospitalization with heart failure,ktph_sg_NA,1,578,870,0,0,NA,0,0,0,0,0,0,0,0,NA,NA,NA,NA
33,DPP4I main_SU main_Hospitalization with heart failure,Klinicki_centar_Crne_Gore_20230101,2,0,0,0,0,0,0,0,0,0,1,0,0,0,NA,NA,NA,NA
33,DPP4I main_SU main_Hospitalization with heart failure,cdm_cds,2,0,0,0,0,0,0,0,0,0,0,1,0,0,NA,NA,NA,NA
33,DPP4I main_SU main_Hospitalization with heart failure,ccpp_v54_20210101,4,0,0,0,0,0,0,0,0,0,1,1,0,1,NA,NA,NA,NA
33,DPP4I main_SU main_Hospitalization with heart failure,HKU-THIN,5,0,-12724481,1,0,NA,0,0,0,0,1,0,1,1,NA,NA,NA,NA
33,DPP4I main_SU main_Hospitalization with heart failure,omop_20190828,NA,NA,900220,NA,0,NA,0,0,NA,0,NA,0,NA,NA,NA,NA,NA,NA
34,GLP1RA main_SGLT2I main_Hospitalization with heart failure,US_OPEN_CLAIMS_20230313,0,2797753,13190780,0,0,0,0,0,0,0,0,0,0,0,NA,NA,NA,NA
34,GLP1RA main_SGLT2I main_Hospitalization with heart failure,US_PharMetrics_Plus_20230330,0,603199,1606870,0,0,0,0,0,0,0,0,0,0,0,NA,NA,NA,NA
34,GLP1RA main_SGLT2I main_Hospitalization with heart failure,optum_extended_ses_2327_20230204,0,433598,953930,0,0,0,0,0,0,0,0,0,0,0,NA,NA,NA,NA
34,GLP1RA main_SGLT2I main_Hospitalization with heart failure,optum_extended_dod_2323_20230201,0,433595,953920,0,0,0,0,0,0,0,0,0,0,0,NA,NA,NA,NA
34,GLP1RA main_SGLT2I main_Hospitalization with heart failure,truven_ccae_2324_20230201,0,397219,936040,0,0,0,0,0,0,0,0,0,0,0,NA,NA,NA,NA
34,GLP1RA main_SGLT2I main_Hospitalization with heart failure,optum_ehr_2247_20221205,0,262584,913790,0,0,0,0,0,0,0,0,0,0,0,NA,NA,NA,NA
34,GLP1RA main_SGLT2I main_Hospitalization with heart failure,truven_mdcr_2322_20230127,0,120964,150100,0,0,0,0,0,0,0,0,0,0,0,NA,NA,NA,NA
34,GLP1RA main_SGLT2I main_Hospitalization with heart failure,pmtx_202203_20220831,0,108591,293530,0,0,0,0,0,0,0,0,0,0,0,NA,NA,NA,NA
34,GLP1RA main_SGLT2I main_Hospitalization with heart failure,VA-OMOP_20230411,0,74531,502090,0,0,0,0,0,0,0,0,0,0,0,NA,NA,NA,NA
34,GLP1RA main_SGLT2I main_Hospitalization with heart failure,truven_mdcd_2359_20230215,0,36976,171320,0,0,0,0,0,0,0,0,0,0,0,NA,NA,NA,NA
34,GLP1RA main_SGLT2I main_Hospitalization with heart failure,UK_IMRD_THIN_20221230,0,32984,61890,0,0,0,0,0,0,0,0,0,0,0,NA,NA,NA,NA
34,GLP1RA main_SGLT2I main_Hospitalization with heart failure,IQVIA_Germany_DA_20230124,0,25687,126110,0,0,0,0,0,0,0,0,0,0,0,NA,NA,NA,NA
34,GLP1RA main_SGLT2I main_Hospitalization with heart failure,jmdc_2325_20230126,0,15225,30460,0,0,0,0,0,0,0,0,0,0,0,NA,NA,NA,NA
34,GLP1RA main_SGLT2I main_Hospitalization with heart failure,UK_IMRD_EMIS_20230215,0,13027,29840,0,0,0,0,0,0,0,0,0,0,0,NA,NA,NA,NA
34,GLP1RA main_SGLT2I main_Hospitalization with heart failure,Japan_Claims_20230215,0,10987,31930,0,0,0,0,0,0,0,0,0,0,0,NA,NA,NA,NA
34,GLP1RA main_SGLT2I main_Hospitalization with heart failure,JHM_OMOP_20230406,0,7898,21260,0,0,0,0,0,0,0,0,0,0,0,NA,NA,NA,NA
34,GLP1RA main_SGLT2I main_Hospitalization with heart failure,LPD_Italy_20221226,0,7179,15830,0,0,0,0,0,0,0,0,0,0,0,NA,NA,NA,NA
34,GLP1RA main_SGLT2I main_Hospitalization with heart failure,France_LPD_20230118,0,5475,21290,0,0,0,0,0,0,0,0,0,0,0,NA,NA,NA,NA
34,GLP1RA main_SGLT2I main_Hospitalization with heart failure,CUIMC_20221214,0,4366,37640,0,0,0,0,0,0,0,0,0,0,0,NA,NA,NA,NA
34,GLP1RA main_SGLT2I main_Hospitalization with heart failure,LPD_Spain_20220704,0,3795,12030,0,0,0,0,0,0,0,0,0,0,0,NA,NA,NA,NA
34,GLP1RA main_SGLT2I main_Hospitalization with heart failure,US_Hospital_20230130,0,2639,14000,0,0,0,0,0,0,0,0,0,0,0,NA,NA,NA,NA
34,GLP1RA main_SGLT2I main_Hospitalization with heart failure,IQVIA_Belgium_LPD_20221006,0,2208,6490,0,0,0,0,0,0,0,0,0,0,0,NA,NA,NA,NA
34,GLP1RA main_SGLT2I main_Hospitalization with heart failure,Australia_EMR_20230317,0,835,6300,0,0,0,0,0,0,0,0,0,0,0,NA,NA,NA,NA
34,GLP1RA main_SGLT2I main_Hospitalization with heart failure,IQVIA_France_DA_20230201,0,728,3130,0,0,0,0,0,0,0,0,0,0,0,NA,NA,NA,NA
34,GLP1RA main_SGLT2I main_Hospitalization with heart failure,AUSOM_20220228,0,699,3190,0,0,0,0,0,0,0,0,0,0,0,NA,NA,NA,NA
34,GLP1RA main_SGLT2I main_Hospitalization with heart failure,TMUCRD_20210406,0,433,3150,0,0,0,0,0,0,0,0,0,0,0,NA,NA,NA,NA
34,GLP1RA main_SGLT2I main_Hospitalization with heart failure,Japan_HIS_20220120,0,108,2830,0,0,0,0,0,0,0,0,0,0,0,NA,NA,NA,NA
34,GLP1RA main_SGLT2I main_Hospitalization with heart failure,RED_CDM_Tufts_20221005,0,83,1360,0,0,0,0,0,0,0,0,0,0,0,NA,NA,NA,NA
34,GLP1RA main_SGLT2I main_Hospitalization with heart failure,Keck_Upgraded_OMOP_v5_NA,1,15,80,0,0,0,0,0,0,0,0,0,0,0,NA,NA,NA,NA
34,GLP1RA main_SGLT2I main_Hospitalization with heart failure,ktph_sg_NA,1,13,20,0,0,NA,0,0,0,0,0,0,0,0,NA,NA,NA,NA
34,GLP1RA main_SGLT2I main_Hospitalization with heart failure,Klinicki_centar_Crne_Gore_20230101,2,0,0,0,0,0,0,0,0,0,0,0,0,1,NA,NA,NA,NA
34,GLP1RA main_SGLT2I main_Hospitalization with heart failure,cdm_cds,2,0,0,0,0,0,0,0,0,0,0,1,0,0,NA,NA,NA,NA
34,GLP1RA main_SGLT2I main_Hospitalization with heart failure,ccpp_v54_20210101,4,0,0,0,0,0,0,0,0,0,1,1,0,1,NA,NA,NA,NA
34,GLP1RA main_SGLT2I main_Hospitalization with heart failure,premier_2326_20230125,4,0,0,0,0,0,0,0,1,0,1,0,0,1,NA,NA,NA,NA
34,GLP1RA main_SGLT2I main_Hospitalization with heart failure,HKU-THIN,5,0,-12724481,1,0,NA,0,0,0,0,1,0,1,1,NA,NA,NA,NA
34,GLP1RA main_SGLT2I main_Hospitalization with heart failure,omop_20190828,NA,NA,48480,NA,0,NA,0,0,NA,0,NA,0,NA,0,NA,NA,NA,NA
35,GLP1RA main_SU main_Hospitalization with heart failure,US_OPEN_CLAIMS_20230313,0,4114327,19398130,0,0,0,0,0,0,0,0,0,0,0,NA,NA,NA,NA
35,GLP1RA main_SU main_Hospitalization with heart failure,US_PharMetrics_Plus_20230330,0,845464,2252240,0,0,0,0,0,0,0,0,0,0,0,NA,NA,NA,NA
35,GLP1RA main_SU main_Hospitalization with heart failure,truven_ccae_2324_20230201,0,772045,1819310,0,0,0,0,0,0,0,0,0,0,0,NA,NA,NA,NA
35,GLP1RA main_SU main_Hospitalization with heart failure,optum_extended_dod_2323_20230201,0,652061,1434550,0,0,0,0,0,0,0,0,0,0,0,NA,NA,NA,NA
35,GLP1RA main_SU main_Hospitalization with heart failure,optum_extended_ses_2327_20230204,0,652050,1434530,0,0,0,0,0,0,0,0,0,0,0,NA,NA,NA,NA
35,GLP1RA main_SU main_Hospitalization with heart failure,optum_ehr_2247_20221205,0,381202,1326580,0,0,0,0,0,0,0,0,0,0,0,NA,NA,NA,NA
35,GLP1RA main_SU main_Hospitalization with heart failure,truven_mdcr_2322_20230127,0,193421,240010,0,0,0,0,0,0,0,0,0,0,0,NA,NA,NA,NA
35,GLP1RA main_SU main_Hospitalization with heart failure,pmtx_202203_20220831,0,145186,392450,0,0,0,0,0,0,0,0,0,0,0,NA,NA,NA,NA
35,GLP1RA main_SU main_Hospitalization with heart failure,VA-OMOP_20230411,0,74531,502090,0,0,0,0,0,0,0,0,0,0,0,NA,NA,NA,NA
35,GLP1RA main_SU main_Hospitalization with heart failure,truven_mdcd_2359_20230215,0,58097,269180,0,0,0,0,0,0,0,0,0,0,0,NA,NA,NA,NA
35,GLP1RA main_SU main_Hospitalization with heart failure,UK_IMRD_THIN_20221230,0,32984,61890,0,0,0,0,0,0,0,0,0,0,0,NA,NA,NA,NA
35,GLP1RA main_SU main_Hospitalization with heart failure,IQVIA_Germany_DA_20230124,0,25687,126110,0,0,0,0,0,0,0,0,0,0,0,NA,NA,NA,NA
35,GLP1RA main_SU main_Hospitalization with heart failure,France_LPD_20230118,0,17967,69870,0,0,0,0,0,0,0,0,0,0,0,NA,NA,NA,NA
35,GLP1RA main_SU main_Hospitalization with heart failure,jmdc_2325_20230126,0,15225,30460,0,0,0,0,0,0,0,0,0,0,0,NA,NA,NA,NA
35,GLP1RA main_SU main_Hospitalization with heart failure,UK_IMRD_EMIS_20230215,0,12232,28020,0,0,0,0,0,0,0,0,0,0,0,NA,NA,NA,NA
35,GLP1RA main_SU main_Hospitalization with heart failure,JHM_OMOP_20230406,0,11569,31140,0,0,0,0,0,0,0,0,0,0,0,NA,NA,NA,NA
35,GLP1RA main_SU main_Hospitalization with heart failure,Japan_Claims_20230215,0,10987,31930,0,0,0,0,0,0,0,0,0,0,0,NA,NA,NA,NA
35,GLP1RA main_SU main_Hospitalization with heart failure,LPD_Italy_20221226,0,8350,18410,0,0,0,0,0,0,0,0,0,0,0,NA,NA,NA,NA
35,GLP1RA main_SU main_Hospitalization with heart failure,CUIMC_20221214,0,6690,57670,0,0,0,0,0,0,0,0,0,0,0,NA,NA,NA,NA
35,GLP1RA main_SU main_Hospitalization with heart failure,IQVIA_France_DA_20230201,0,5799,24940,0,0,0,0,0,0,0,0,0,0,0,NA,NA,NA,NA
35,GLP1RA main_SU main_Hospitalization with heart failure,LPD_Spain_20220704,0,3795,12030,0,0,0,0,0,0,0,0,0,0,0,NA,NA,NA,NA
35,GLP1RA main_SU main_Hospitalization with heart failure,US_Hospital_20230130,0,2639,14000,0,0,0,0,0,0,0,0,0,0,0,NA,NA,NA,NA
35,GLP1RA main_SU main_Hospitalization with heart failure,IQVIA_Belgium_LPD_20221006,0,1773,5210,0,0,0,0,0,0,0,0,0,0,0,NA,NA,NA,NA
35,GLP1RA main_SU main_Hospitalization with heart failure,AUSOM_20220228,0,699,3190,0,0,0,0,0,0,0,0,0,0,0,NA,NA,NA,NA
35,GLP1RA main_SU main_Hospitalization with heart failure,Australia_EMR_20230317,0,586,4420,0,0,0,0,0,0,0,0,0,0,0,NA,NA,NA,NA
35,GLP1RA main_SU main_Hospitalization with heart failure,TMUCRD_20210406,0,433,3150,0,0,0,0,0,0,0,0,0,0,0,NA,NA,NA,NA
35,GLP1RA main_SU main_Hospitalization with heart failure,RED_CDM_Tufts_20221005,0,132,2180,0,0,0,0,0,0,0,0,0,0,0,NA,NA,NA,NA
35,GLP1RA main_SU main_Hospitalization with heart failure,Japan_HIS_20220120,0,108,2830,0,0,0,0,0,0,0,0,0,0,0,NA,NA,NA,NA
35,GLP1RA main_SU main_Hospitalization with heart failure,Keck_Upgraded_OMOP_v5_NA,1,15,80,0,0,0,0,0,0,0,0,0,0,0,NA,NA,NA,NA
35,GLP1RA main_SU main_Hospitalization with heart failure,ktph_sg_NA,1,13,20,0,0,NA,0,0,0,0,0,0,0,0,NA,NA,NA,NA
35,GLP1RA main_SU main_Hospitalization with heart failure,cdm_cds,2,0,0,0,0,0,0,0,0,0,0,1,0,0,NA,NA,NA,NA
35,GLP1RA main_SU main_Hospitalization with heart failure,Klinicki_centar_Crne_Gore_20230101,3,0,0,0,0,0,0,0,0,0,1,0,0,1,NA,NA,NA,NA
35,GLP1RA main_SU main_Hospitalization with heart failure,premier_2326_20230125,3,0,0,0,0,0,0,0,1,0,0,0,0,1,NA,NA,NA,NA
35,GLP1RA main_SU main_Hospitalization with heart failure,ccpp_v54_20210101,4,0,0,0,0,0,0,0,0,0,1,1,0,1,NA,NA,NA,NA
35,GLP1RA main_SU main_Hospitalization with heart failure,HKU-THIN,5,0,-12724481,1,0,NA,0,0,0,0,1,0,1,1,NA,NA,NA,NA
35,GLP1RA main_SU main_Hospitalization with heart failure,omop_20190828,NA,NA,48480,NA,0,NA,0,0,NA,0,NA,0,NA,0,NA,NA,NA,NA
36,SGLT2I main_SU main_Hospitalization with heart failure,US_OPEN_CLAIMS_20230313,0,2797753,13190780,0,0,0,0,0,0,0,0,0,0,0,NA,NA,NA,NA
36,SGLT2I main_SU main_Hospitalization with heart failure,US_PharMetrics_Plus_20230330,0,603199,1606870,0,0,0,0,0,0,0,0,0,0,0,NA,NA,NA,NA
36,SGLT2I main_SU main_Hospitalization with heart failure,optum_extended_ses_2327_20230204,0,433598,953930,0,0,0,0,0,0,0,0,0,0,0,NA,NA,NA,NA
36,SGLT2I main_SU main_Hospitalization with heart failure,optum_extended_dod_2323_20230201,0,433595,953920,0,0,0,0,0,0,0,0,0,0,0,NA,NA,NA,NA
36,SGLT2I main_SU main_Hospitalization with heart failure,truven_ccae_2324_20230201,0,397219,936040,0,0,0,0,0,0,0,0,0,0,0,NA,NA,NA,NA
36,SGLT2I main_SU main_Hospitalization with heart failure,optum_ehr_2247_20221205,0,262584,913790,0,0,0,0,0,0,0,0,0,0,0,NA,NA,NA,NA
36,SGLT2I main_SU main_Hospitalization with heart failure,truven_mdcr_2322_20230127,0,120964,150100,0,0,0,0,0,0,0,0,0,0,0,NA,NA,NA,NA
36,SGLT2I main_SU main_Hospitalization with heart failure,pmtx_202203_20220831,0,108591,293530,0,0,0,0,0,0,0,0,0,0,0,NA,NA,NA,NA
36,SGLT2I main_SU main_Hospitalization with heart failure,jmdc_2325_20230126,0,93462,186980,0,0,0,0,0,0,0,0,0,0,0,NA,NA,NA,NA
36,SGLT2I main_SU main_Hospitalization with heart failure,VA-OMOP_20230411,0,77503,522110,0,0,0,0,0,0,0,0,0,0,0,NA,NA,NA,NA
36,SGLT2I main_SU main_Hospitalization with heart failure,Japan_Claims_20230215,0,44250,128600,0,0,0,0,0,0,0,0,0,0,0,NA,NA,NA,NA
36,SGLT2I main_SU main_Hospitalization with heart failure,UK_IMRD_THIN_20221230,0,40675,76320,0,0,0,0,0,0,0,0,0,0,0,NA,NA,NA,NA
36,SGLT2I main_SU main_Hospitalization with heart failure,truven_mdcd_2359_20230215,0,36976,171320,0,0,0,0,0,0,0,0,0,0,0,NA,NA,NA,NA
36,SGLT2I main_SU main_Hospitalization with heart failure,IQVIA_Germany_DA_20230124,0,34376,168770,0,0,0,0,0,0,0,0,0,0,0,NA,NA,NA,NA
36,SGLT2I main_SU main_Hospitalization with heart failure,UK_IMRD_EMIS_20230215,0,12232,28020,0,0,0,0,0,0,0,0,0,0,0,NA,NA,NA,NA
36,SGLT2I main_SU main_Hospitalization with heart failure,JHM_OMOP_20230406,0,7898,21260,0,0,0,0,0,0,0,0,0,0,0,NA,NA,NA,NA
36,SGLT2I main_SU main_Hospitalization with heart failure,LPD_Italy_20221226,0,7179,15830,0,0,0,0,0,0,0,0,0,0,0,NA,NA,NA,NA
36,SGLT2I main_SU main_Hospitalization with heart failure,LPD_Spain_20220704,0,6161,19530,0,0,0,0,0,0,0,0,0,0,0,NA,NA,NA,NA
36,SGLT2I main_SU main_Hospitalization with heart failure,US_Hospital_20230130,0,5983,31740,0,0,0,0,0,0,0,0,0,0,0,NA,NA,NA,NA
36,SGLT2I main_SU main_Hospitalization with heart failure,France_LPD_20230118,0,5475,21290,0,0,0,0,0,0,0,0,0,0,0,NA,NA,NA,NA
36,SGLT2I main_SU main_Hospitalization with heart failure,CUIMC_20221214,0,4366,37640,0,0,0,0,0,0,0,0,0,0,0,NA,NA,NA,NA
36,SGLT2I main_SU main_Hospitalization with heart failure,IQVIA_Belgium_LPD_20221006,0,1773,5210,0,0,0,0,0,0,0,0,0,0,0,NA,NA,NA,NA
36,SGLT2I main_SU main_Hospitalization with heart failure,AUSOM_20220228,0,1500,6850,0,0,0,0,0,0,0,0,0,0,0,NA,NA,NA,NA
36,SGLT2I main_SU main_Hospitalization with heart failure,TMUCRD_20210406,0,1475,10740,0,0,0,0,0,0,0,0,0,0,0,NA,NA,NA,NA
36,SGLT2I main_SU main_Hospitalization with heart failure,IQVIA_France_DA_20230201,0,728,3130,0,0,0,0,0,0,0,0,0,0,0,NA,NA,NA,NA
36,SGLT2I main_SU main_Hospitalization with heart failure,Australia_EMR_20230317,0,586,4420,0,0,0,0,0,0,0,0,0,0,0,NA,NA,NA,NA
36,SGLT2I main_SU main_Hospitalization with heart failure,Japan_HIS_20220120,0,281,7370,0,0,0,0,0,0,0,0,0,0,0,NA,NA,NA,NA
36,SGLT2I main_SU main_Hospitalization with heart failure,RED_CDM_Tufts_20221005,0,83,1360,0,0,0,0,0,0,0,0,0,0,0,NA,NA,NA,NA
36,SGLT2I main_SU main_Hospitalization with heart failure,ktph_sg_NA,1,93,140,0,0,NA,0,0,0,0,0,0,0,0,NA,NA,NA,NA
36,SGLT2I main_SU main_Hospitalization with heart failure,Keck_Upgraded_OMOP_v5_NA,1,69,370,0,0,0,0,0,0,0,0,0,0,0,NA,NA,NA,NA
36,SGLT2I main_SU main_Hospitalization with heart failure,Klinicki_centar_Crne_Gore_20230101,2,0,0,0,0,0,0,0,0,0,1,0,0,0,NA,NA,NA,NA
36,SGLT2I main_SU main_Hospitalization with heart failure,cdm_cds,2,0,0,0,0,0,0,0,0,0,0,1,0,0,NA,NA,NA,NA
36,SGLT2I main_SU main_Hospitalization with heart failure,premier_2326_20230125,3,0,0,0,0,0,0,0,1,0,0,0,0,1,NA,NA,NA,NA
36,SGLT2I main_SU main_Hospitalization with heart failure,ccpp_v54_20210101,4,0,0,0,0,0,0,0,0,0,1,1,0,1,NA,NA,NA,NA
36,SGLT2I main_SU main_Hospitalization with heart failure,HKU-THIN,5,0,-12724481,1,0,NA,0,0,0,0,1,0,1,1,NA,NA,NA,NA
36,SGLT2I main_SU main_Hospitalization with heart failure,omop_20190828,NA,NA,900220,NA,0,NA,0,0,NA,0,NA,0,NA,NA,NA,NA,NA,NA
37,DPP4I main_GLP1RA main_Measured renal dysfunction,truven_ccae_2324_20230201,0,480180,1477240,0,0,0,0,0,0,0,0,0,0,0,0,NA,NA,NA
37,DPP4I main_GLP1RA main_Measured renal dysfunction,optum_extended_ses_2327_20230204,0,186508,1319840,0,0,0,0,0,0,0,0,0,0,0,0,NA,NA,NA
37,DPP4I main_GLP1RA main_Measured renal dysfunction,optum_extended_dod_2323_20230201,0,185988,1319840,0,0,0,0,0,0,0,0,0,0,0,0,NA,NA,NA
37,DPP4I main_GLP1RA main_Measured renal dysfunction,truven_mdcr_2322_20230127,0,133262,240010,0,0,0,0,0,0,0,0,0,0,0,0,NA,NA,NA
37,DPP4I main_GLP1RA main_Measured renal dysfunction,VA-OMOP_20230411,0,15364,502090,0,0,0,0,0,0,0,0,0,0,0,0,NA,NA,NA
37,DPP4I main_GLP1RA main_Measured renal dysfunction,jmdc_2325_20230126,0,10504,30460,0,0,0,0,0,0,0,0,0,0,0,0,NA,NA,NA
37,DPP4I main_GLP1RA main_Measured renal dysfunction,CUIMC_20221214,0,418,57670,0,0,0,0,0,0,0,0,0,0,0,0,NA,NA,NA
37,DPP4I main_GLP1RA main_Measured renal dysfunction,AUSOM_20220228,0,283,3190,0,0,0,0,0,0,0,0,0,0,0,0,NA,NA,NA
37,DPP4I main_GLP1RA main_Measured renal dysfunction,JHM_OMOP_20230406,0,252,19650,0,0,0,0,0,0,0,0,0,0,0,0,NA,NA,NA
37,DPP4I main_GLP1RA main_Measured renal dysfunction,RED_CDM_Tufts_20221005,0,6,1860,0,0,0,0,0,0,0,0,0,0,0,0,NA,NA,NA
37,DPP4I main_GLP1RA main_Measured renal dysfunction,pmtx_202203_20220831,1,112872,307900,0,0,0,0,0,0,0,0,0,1,0,0,NA,NA,NA
37,DPP4I main_GLP1RA main_Measured renal dysfunction,truven_mdcd_2359_20230215,1,53598,249690,0,0,0,0,0,0,0,0,0,1,0,0,NA,NA,NA
37,DPP4I main_GLP1RA main_Measured renal dysfunction,optum_ehr_2247_20221205,1,34059,1326580,0,0,0,0,0,0,0,0,0,1,0,0,NA,NA,NA
37,DPP4I main_GLP1RA main_Measured renal dysfunction,Keck_Upgraded_OMOP_v5_NA,1,0,80,0,0,0,0,0,0,0,0,0,0,0,0,NA,NA,NA
37,DPP4I main_GLP1RA main_Measured renal dysfunction,TMUCRD_20210406,1,NA,3150,0,0,0,0,0,0,0,0,0,1,0,0,NA,NA,NA
37,DPP4I main_GLP1RA main_Measured renal dysfunction,Australia_EMR_20230317,2,0,0,0,0,0,0,0,0,0,0,0,0,0,1,NA,NA,NA
37,DPP4I main_GLP1RA main_Measured renal dysfunction,Klinicki_centar_Crne_Gore_20230101,2,0,0,0,0,0,0,0,0,0,1,0,0,0,0,NA,NA,NA
37,DPP4I main_GLP1RA main_Measured renal dysfunction,ktph_sg_NA,2,0,0,0,0,NA,0,0,0,0,0,0,0,0,1,NA,NA,NA
37,DPP4I main_GLP1RA main_Measured renal dysfunction,Japan_HIS_20220120,2,0,0,0,0,0,0,0,0,0,0,0,0,0,1,NA,NA,NA
37,DPP4I main_GLP1RA main_Measured renal dysfunction,LPD_Spain_20220704,2,0,0,0,0,0,0,0,0,0,0,0,0,0,1,NA,NA,NA
37,DPP4I main_GLP1RA main_Measured renal dysfunction,France_LPD_20230118,2,0,0,0,0,0,0,0,0,0,0,0,0,0,1,NA,NA,NA
37,DPP4I main_GLP1RA main_Measured renal dysfunction,LPD_Italy_20221226,3,0,0,0,0,0,0,0,0,0,0,0,1,0,1,NA,NA,NA
37,DPP4I main_GLP1RA main_Measured renal dysfunction,Japan_Claims_20230215,3,0,0,0,0,0,0,0,0,0,0,0,1,0,1,NA,NA,NA
37,DPP4I main_GLP1RA main_Measured renal dysfunction,US_OPEN_CLAIMS_20230313,3,0,0,0,0,0,0,0,0,0,0,0,1,0,1,NA,NA,NA
37,DPP4I main_GLP1RA main_Measured renal dysfunction,IQVIA_Germany_DA_20230124,3,0,0,0,0,0,0,0,0,0,0,0,1,0,1,NA,NA,NA
37,DPP4I main_GLP1RA main_Measured renal dysfunction,US_PharMetrics_Plus_20230330,3,0,0,0,0,0,0,0,0,0,0,0,1,0,1,NA,NA,NA
37,DPP4I main_GLP1RA main_Measured renal dysfunction,IQVIA_France_DA_20230201,3,0,0,0,0,0,0,0,0,0,0,0,1,0,1,NA,NA,NA
37,DPP4I main_GLP1RA main_Measured renal dysfunction,premier_2326_20230125,3,0,0,0,0,0,0,0,1,0,1,0,0,0,0,NA,NA,NA
37,DPP4I main_GLP1RA main_Measured renal dysfunction,UK_IMRD_THIN_20221230,3,0,0,0,0,0,0,0,0,0,0,0,1,0,1,NA,NA,NA
37,DPP4I main_GLP1RA main_Measured renal dysfunction,UK_IMRD_EMIS_20230215,3,0,0,0,0,0,0,0,0,0,0,0,1,0,1,NA,NA,NA
37,DPP4I main_GLP1RA main_Measured renal dysfunction,US_Hospital_20230130,3,0,0,0,0,0,0,0,0,0,0,0,1,0,1,NA,NA,NA
37,DPP4I main_GLP1RA main_Measured renal dysfunction,cdm_cds,3,0,0,0,0,0,0,0,0,0,0,1,0,0,1,NA,NA,NA
37,DPP4I main_GLP1RA main_Measured renal dysfunction,IQVIA_Belgium_LPD_20221006,3,0,0,0,0,0,0,0,0,0,0,0,1,0,1,NA,NA,NA
37,DPP4I main_GLP1RA main_Measured renal dysfunction,ccpp_v54_20210101,5,0,0,0,0,0,0,0,0,0,1,1,1,1,0,NA,NA,NA
37,DPP4I main_GLP1RA main_Measured renal dysfunction,HKU-THIN,6,0,-12724481,1,0,NA,0,0,0,0,1,0,1,1,1,NA,NA,NA
37,DPP4I main_GLP1RA main_Measured renal dysfunction,omop_20190828,NA,NA,48480,NA,0,NA,0,0,NA,0,0,0,0,NA,NA,NA,NA,NA
38,DPP4I main_SGLT2I main_Measured renal dysfunction,truven_ccae_2324_20230201,0,304262,936040,0,0,0,0,0,0,0,0,0,0,0,0,NA,NA,NA
38,DPP4I main_SGLT2I main_Measured renal dysfunction,optum_extended_ses_2327_20230204,0,134801,953930,0,0,0,0,0,0,0,0,0,0,0,0,NA,NA,NA
38,DPP4I main_SGLT2I main_Measured renal dysfunction,optum_extended_dod_2323_20230201,0,134424,953920,0,0,0,0,0,0,0,0,0,0,0,0,NA,NA,NA
38,DPP4I main_SGLT2I main_Measured renal dysfunction,truven_mdcr_2322_20230127,0,83341,150100,0,0,0,0,0,0,0,0,0,0,0,0,NA,NA,NA
38,DPP4I main_SGLT2I main_Measured renal dysfunction,jmdc_2325_20230126,0,67444,195580,0,0,0,0,0,0,0,0,0,0,0,0,NA,NA,NA
38,DPP4I main_SGLT2I main_Measured renal dysfunction,VA-OMOP_20230411,0,15977,522110,0,0,0,0,0,0,0,0,0,0,0,0,NA,NA,NA
38,DPP4I main_SGLT2I main_Measured renal dysfunction,AUSOM_20220228,0,608,6850,0,0,0,0,0,0,0,0,0,0,0,0,NA,NA,NA
38,DPP4I main_SGLT2I main_Measured renal dysfunction,CUIMC_20221214,0,273,37640,0,0,0,0,0,0,0,0,0,0,0,0,NA,NA,NA
38,DPP4I main_SGLT2I main_Measured renal dysfunction,JHM_OMOP_20230406,0,252,19650,0,0,0,0,0,0,0,0,0,0,0,0,NA,NA,NA
38,DPP4I main_SGLT2I main_Measured renal dysfunction,RED_CDM_Tufts_20221005,0,5,1360,0,0,0,0,0,0,0,0,0,0,0,0,NA,NA,NA
38,DPP4I main_SGLT2I main_Measured renal dysfunction,pmtx_202203_20220831,1,107605,293530,0,0,0,0,0,0,0,0,0,1,0,0,NA,NA,NA
38,DPP4I main_SGLT2I main_Measured renal dysfunction,truven_mdcd_2359_20230215,1,36775,171320,0,0,0,0,0,0,0,0,0,1,0,0,NA,NA,NA
38,DPP4I main_SGLT2I main_Measured renal dysfunction,optum_ehr_2247_20221205,1,23461,913790,0,0,0,0,0,0,0,0,0,1,0,0,NA,NA,NA
38,DPP4I main_SGLT2I main_Measured renal dysfunction,Klinicki_centar_Crne_Gore_20230101,1,1,50,0,0,0,0,0,0,0,0,0,0,0,0,NA,NA,NA
38,DPP4I main_SGLT2I main_Measured renal dysfunction,Keck_Upgraded_OMOP_v5_NA,1,0,370,0,0,0,0,0,0,0,0,0,0,0,0,NA,NA,NA
38,DPP4I main_SGLT2I main_Measured renal dysfunction,TMUCRD_20210406,1,NA,10740,0,0,0,0,0,0,0,0,0,1,0,0,NA,NA,NA
38,DPP4I main_SGLT2I main_Measured renal dysfunction,Australia_EMR_20230317,2,0,0,0,0,0,0,0,0,0,0,0,0,0,1,NA,NA,NA
38,DPP4I main_SGLT2I main_Measured renal dysfunction,ktph_sg_NA,2,0,0,0,0,NA,0,0,0,0,0,0,0,0,1,NA,NA,NA
38,DPP4I main_SGLT2I main_Measured renal dysfunction,Japan_HIS_20220120,2,0,0,0,0,0,0,0,0,0,0,0,0,0,1,NA,NA,NA
38,DPP4I main_SGLT2I main_Measured renal dysfunction,LPD_Spain_20220704,2,0,0,0,0,0,0,0,0,0,0,0,0,0,1,NA,NA,NA
38,DPP4I main_SGLT2I main_Measured renal dysfunction,France_LPD_20230118,2,0,0,0,0,0,0,0,0,0,0,0,0,0,1,NA,NA,NA
38,DPP4I main_SGLT2I main_Measured renal dysfunction,LPD_Italy_20221226,3,0,0,0,0,0,0,0,0,0,0,0,1,0,1,NA,NA,NA
38,DPP4I main_SGLT2I main_Measured renal dysfunction,Japan_Claims_20230215,3,0,0,0,0,0,0,0,0,0,0,0,1,0,1,NA,NA,NA
38,DPP4I main_SGLT2I main_Measured renal dysfunction,US_OPEN_CLAIMS_20230313,3,0,0,0,0,0,0,0,0,0,0,0,1,0,1,NA,NA,NA
38,DPP4I main_SGLT2I main_Measured renal dysfunction,IQVIA_Germany_DA_20230124,3,0,0,0,0,0,0,0,0,0,0,0,1,0,1,NA,NA,NA
38,DPP4I main_SGLT2I main_Measured renal dysfunction,US_PharMetrics_Plus_20230330,3,0,0,0,0,0,0,0,0,0,0,0,1,0,1,NA,NA,NA
38,DPP4I main_SGLT2I main_Measured renal dysfunction,IQVIA_France_DA_20230201,3,0,0,0,0,0,0,0,0,0,0,0,1,0,1,NA,NA,NA
38,DPP4I main_SGLT2I main_Measured renal dysfunction,premier_2326_20230125,3,0,0,0,0,0,0,0,1,0,1,0,0,0,0,NA,NA,NA
38,DPP4I main_SGLT2I main_Measured renal dysfunction,UK_IMRD_THIN_20221230,3,0,0,0,0,0,0,0,0,0,0,0,1,0,1,NA,NA,NA
38,DPP4I main_SGLT2I main_Measured renal dysfunction,UK_IMRD_EMIS_20230215,3,0,0,0,0,0,0,0,0,0,0,0,1,0,1,NA,NA,NA
38,DPP4I main_SGLT2I main_Measured renal dysfunction,US_Hospital_20230130,3,0,0,0,0,0,0,0,0,0,0,0,1,0,1,NA,NA,NA
38,DPP4I main_SGLT2I main_Measured renal dysfunction,cdm_cds,3,0,0,0,0,0,0,0,0,0,0,1,0,0,1,NA,NA,NA
38,DPP4I main_SGLT2I main_Measured renal dysfunction,IQVIA_Belgium_LPD_20221006,3,0,0,0,0,0,0,0,0,0,0,0,1,0,1,NA,NA,NA
38,DPP4I main_SGLT2I main_Measured renal dysfunction,ccpp_v54_20210101,5,0,0,0,0,0,0,0,0,0,1,1,1,1,0,NA,NA,NA
38,DPP4I main_SGLT2I main_Measured renal dysfunction,HKU-THIN,6,0,-12724481,1,0,NA,0,0,0,0,1,0,1,1,1,NA,NA,NA
38,DPP4I main_SGLT2I main_Measured renal dysfunction,omop_20190828,NA,NA,900220,NA,0,NA,0,0,NA,0,NA,0,0,NA,NA,NA,NA,NA
39,DPP4I main_SU main_Measured renal dysfunction,truven_ccae_2324_20230201,0,480180,1477240,0,0,0,0,0,0,0,0,0,0,0,0,NA,NA,NA
39,DPP4I main_SU main_Measured renal dysfunction,truven_mdcr_2322_20230127,0,267485,481750,0,0,0,0,0,0,0,0,0,0,0,0,NA,NA,NA
39,DPP4I main_SU main_Measured renal dysfunction,optum_extended_ses_2327_20230204,0,186508,1319840,0,0,0,0,0,0,0,0,0,0,0,0,NA,NA,NA
39,DPP4I main_SU main_Measured renal dysfunction,optum_extended_dod_2323_20230201,0,185988,1319840,0,0,0,0,0,0,0,0,0,0,0,0,NA,NA,NA
39,DPP4I main_SU main_Measured renal dysfunction,jmdc_2325_20230126,0,64478,186980,0,0,0,0,0,0,0,0,0,0,0,0,NA,NA,NA
39,DPP4I main_SU main_Measured renal dysfunction,VA-OMOP_20230411,0,16137,527360,0,0,0,0,0,0,0,0,0,0,0,0,NA,NA,NA
39,DPP4I main_SU main_Measured renal dysfunction,AUSOM_20220228,0,3087,34770,0,0,0,0,0,0,0,0,0,0,0,0,NA,NA,NA
39,DPP4I main_SU main_Measured renal dysfunction,CUIMC_20221214,0,442,60920,0,0,0,0,0,0,0,0,0,0,0,0,NA,NA,NA
39,DPP4I main_SU main_Measured renal dysfunction,JHM_OMOP_20230406,0,252,19650,0,0,0,0,0,0,0,0,0,0,0,0,NA,NA,NA
39,DPP4I main_SU main_Measured renal dysfunction,RED_CDM_Tufts_20221005,0,6,1860,0,0,0,0,0,0,0,0,0,0,0,0,NA,NA,NA
39,DPP4I main_SU main_Measured renal dysfunction,pmtx_202203_20220831,1,112872,307900,0,0,0,0,0,0,0,0,0,1,0,0,NA,NA,NA
39,DPP4I main_SU main_Measured renal dysfunction,truven_mdcd_2359_20230215,1,53598,249690,0,0,0,0,0,0,0,0,0,1,0,0,NA,NA,NA
39,DPP4I main_SU main_Measured renal dysfunction,optum_ehr_2247_20221205,1,40202,1565820,0,0,0,0,0,0,0,0,0,1,0,0,NA,NA,NA
39,DPP4I main_SU main_Measured renal dysfunction,premier_2326_20230125,1,4438,914680,0,0,0,0,0,1,0,0,0,0,0,0,NA,NA,NA
39,DPP4I main_SU main_Measured renal dysfunction,Keck_Upgraded_OMOP_v5_NA,1,1,393.71,0,0,0,0,0,0,0,0,0,0,0,0,NA,NA,NA
39,DPP4I main_SU main_Measured renal dysfunction,TMUCRD_20210406,1,NA,52740,0,0,0,0,0,0,0,0,0,1,0,0,NA,NA,NA
39,DPP4I main_SU main_Measured renal dysfunction,Australia_EMR_20230317,2,0,0,0,0,0,0,0,0,0,0,0,0,0,1,NA,NA,NA
39,DPP4I main_SU main_Measured renal dysfunction,Klinicki_centar_Crne_Gore_20230101,2,0,0,0,0,0,0,0,0,0,1,0,0,0,0,NA,NA,NA
39,DPP4I main_SU main_Measured renal dysfunction,ktph_sg_NA,2,0,0,0,0,NA,0,0,0,0,0,0,0,0,1,NA,NA,NA
39,DPP4I main_SU main_Measured renal dysfunction,Japan_HIS_20220120,2,0,0,0,0,0,0,0,0,0,0,0,0,0,1,NA,NA,NA
39,DPP4I main_SU main_Measured renal dysfunction,LPD_Spain_20220704,2,0,0,0,0,0,0,0,0,0,0,0,0,0,1,NA,NA,NA
39,DPP4I main_SU main_Measured renal dysfunction,France_LPD_20230118,2,0,0,0,0,0,0,0,0,0,0,0,0,0,1,NA,NA,NA
39,DPP4I main_SU main_Measured renal dysfunction,LPD_Italy_20221226,3,0,0,0,0,0,0,0,0,0,0,0,1,0,1,NA,NA,NA
39,DPP4I main_SU main_Measured renal dysfunction,Japan_Claims_20230215,3,0,0,0,0,0,0,0,0,0,0,0,1,0,1,NA,NA,NA
39,DPP4I main_SU main_Measured renal dysfunction,US_OPEN_CLAIMS_20230313,3,0,0,0,0,0,0,0,0,0,0,0,1,0,1,NA,NA,NA
39,DPP4I main_SU main_Measured renal dysfunction,IQVIA_Germany_DA_20230124,3,0,0,0,0,0,0,0,0,0,0,0,1,0,1,NA,NA,NA
39,DPP4I main_SU main_Measured renal dysfunction,US_PharMetrics_Plus_20230330,3,0,0,0,0,0,0,0,0,0,0,0,1,0,1,NA,NA,NA
39,DPP4I main_SU main_Measured renal dysfunction,IQVIA_France_DA_20230201,3,0,0,0,0,0,0,0,0,0,0,0,1,0,1,NA,NA,NA
39,DPP4I main_SU main_Measured renal dysfunction,UK_IMRD_THIN_20221230,3,0,0,0,0,0,0,0,0,0,0,0,1,0,1,NA,NA,NA
39,DPP4I main_SU main_Measured renal dysfunction,UK_IMRD_EMIS_20230215,3,0,0,0,0,0,0,0,0,0,0,0,1,0,1,NA,NA,NA
39,DPP4I main_SU main_Measured renal dysfunction,US_Hospital_20230130,3,0,0,0,0,0,0,0,0,0,0,0,1,0,1,NA,NA,NA
39,DPP4I main_SU main_Measured renal dysfunction,cdm_cds,3,0,0,0,0,0,0,0,0,0,0,1,0,0,1,NA,NA,NA
39,DPP4I main_SU main_Measured renal dysfunction,IQVIA_Belgium_LPD_20221006,3,0,0,0,0,0,0,0,0,0,0,0,1,0,1,NA,NA,NA
39,DPP4I main_SU main_Measured renal dysfunction,ccpp_v54_20210101,5,0,0,0,0,0,0,0,0,0,1,1,1,1,0,NA,NA,NA
39,DPP4I main_SU main_Measured renal dysfunction,HKU-THIN,6,0,-12724481,1,0,NA,0,0,0,0,1,0,1,1,1,NA,NA,NA
39,DPP4I main_SU main_Measured renal dysfunction,omop_20190828,NA,NA,900220,NA,0,NA,0,0,NA,0,NA,0,0,NA,NA,NA,NA,NA
40,GLP1RA main_SGLT2I main_Measured renal dysfunction,truven_ccae_2324_20230201,0,304262,936040,0,0,0,0,0,0,0,0,0,0,0,0,NA,NA,NA
40,GLP1RA main_SGLT2I main_Measured renal dysfunction,optum_extended_ses_2327_20230204,0,134801,953930,0,0,0,0,0,0,0,0,0,0,0,0,NA,NA,NA
40,GLP1RA main_SGLT2I main_Measured renal dysfunction,optum_extended_dod_2323_20230201,0,134424,953920,0,0,0,0,0,0,0,0,0,0,0,0,NA,NA,NA
40,GLP1RA main_SGLT2I main_Measured renal dysfunction,truven_mdcr_2322_20230127,0,83341,150100,0,0,0,0,0,0,0,0,0,0,0,0,NA,NA,NA
40,GLP1RA main_SGLT2I main_Measured renal dysfunction,VA-OMOP_20230411,0,15364,502090,0,0,0,0,0,0,0,0,0,0,0,0,NA,NA,NA
40,GLP1RA main_SGLT2I main_Measured renal dysfunction,jmdc_2325_20230126,0,10504,30460,0,0,0,0,0,0,0,0,0,0,0,0,NA,NA,NA
40,GLP1RA main_SGLT2I main_Measured renal dysfunction,AUSOM_20220228,0,283,3190,0,0,0,0,0,0,0,0,0,0,0,0,NA,NA,NA
40,GLP1RA main_SGLT2I main_Measured renal dysfunction,CUIMC_20221214,0,273,37640,0,0,0,0,0,0,0,0,0,0,0,0,NA,NA,NA
40,GLP1RA main_SGLT2I main_Measured renal dysfunction,JHM_OMOP_20230406,0,273,21260,0,0,0,0,0,0,0,0,0,0,0,0,NA,NA,NA
40,GLP1RA main_SGLT2I main_Measured renal dysfunction,RED_CDM_Tufts_20221005,0,5,1360,0,0,0,0,0,0,0,0,0,0,0,0,NA,NA,NA
40,GLP1RA main_SGLT2I main_Measured renal dysfunction,pmtx_202203_20220831,1,107605,293530,0,0,0,0,0,0,0,0,0,1,0,0,NA,NA,NA
40,GLP1RA main_SGLT2I main_Measured renal dysfunction,truven_mdcd_2359_20230215,1,36775,171320,0,0,0,0,0,0,0,0,0,1,0,0,NA,NA,NA
40,GLP1RA main_SGLT2I main_Measured renal dysfunction,optum_ehr_2247_20221205,1,23461,913790,0,0,0,0,0,0,0,0,0,1,0,0,NA,NA,NA
40,GLP1RA main_SGLT2I main_Measured renal dysfunction,Keck_Upgraded_OMOP_v5_NA,1,0,80,0,0,0,0,0,0,0,0,0,0,0,0,NA,NA,NA
40,GLP1RA main_SGLT2I main_Measured renal dysfunction,TMUCRD_20210406,1,NA,3150,0,0,0,0,0,0,0,0,0,1,0,0,NA,NA,NA
40,GLP1RA main_SGLT2I main_Measured renal dysfunction,Australia_EMR_20230317,2,0,0,0,0,0,0,0,0,0,0,0,0,0,1,NA,NA,NA
40,GLP1RA main_SGLT2I main_Measured renal dysfunction,Klinicki_centar_Crne_Gore_20230101,2,0,0,0,0,0,0,0,0,0,0,0,0,1,0,NA,NA,NA
40,GLP1RA main_SGLT2I main_Measured renal dysfunction,ktph_sg_NA,2,0,0,0,0,NA,0,0,0,0,0,0,0,0,1,NA,NA,NA
40,GLP1RA main_SGLT2I main_Measured renal dysfunction,Japan_HIS_20220120,2,0,0,0,0,0,0,0,0,0,0,0,0,0,1,NA,NA,NA
40,GLP1RA main_SGLT2I main_Measured renal dysfunction,LPD_Spain_20220704,2,0,0,0,0,0,0,0,0,0,0,0,0,0,1,NA,NA,NA
40,GLP1RA main_SGLT2I main_Measured renal dysfunction,France_LPD_20230118,2,0,0,0,0,0,0,0,0,0,0,0,0,0,1,NA,NA,NA
40,GLP1RA main_SGLT2I main_Measured renal dysfunction,LPD_Italy_20221226,3,0,0,0,0,0,0,0,0,0,0,0,1,0,1,NA,NA,NA
40,GLP1RA main_SGLT2I main_Measured renal dysfunction,Japan_Claims_20230215,3,0,0,0,0,0,0,0,0,0,0,0,1,0,1,NA,NA,NA
40,GLP1RA main_SGLT2I main_Measured renal dysfunction,US_OPEN_CLAIMS_20230313,3,0,0,0,0,0,0,0,0,0,0,0,1,0,1,NA,NA,NA
40,GLP1RA main_SGLT2I main_Measured renal dysfunction,IQVIA_Germany_DA_20230124,3,0,0,0,0,0,0,0,0,0,0,0,1,0,1,NA,NA,NA
40,GLP1RA main_SGLT2I main_Measured renal dysfunction,US_PharMetrics_Plus_20230330,3,0,0,0,0,0,0,0,0,0,0,0,1,0,1,NA,NA,NA
40,GLP1RA main_SGLT2I main_Measured renal dysfunction,IQVIA_France_DA_20230201,3,0,0,0,0,0,0,0,0,0,0,0,1,0,1,NA,NA,NA
40,GLP1RA main_SGLT2I main_Measured renal dysfunction,UK_IMRD_THIN_20221230,3,0,0,0,0,0,0,0,0,0,0,0,1,0,1,NA,NA,NA
40,GLP1RA main_SGLT2I main_Measured renal dysfunction,UK_IMRD_EMIS_20230215,3,0,0,0,0,0,0,0,0,0,0,0,1,0,1,NA,NA,NA
40,GLP1RA main_SGLT2I main_Measured renal dysfunction,US_Hospital_20230130,3,0,0,0,0,0,0,0,0,0,0,0,1,0,1,NA,NA,NA
40,GLP1RA main_SGLT2I main_Measured renal dysfunction,cdm_cds,3,0,0,0,0,0,0,0,0,0,0,1,0,0,1,NA,NA,NA
40,GLP1RA main_SGLT2I main_Measured renal dysfunction,IQVIA_Belgium_LPD_20221006,3,0,0,0,0,0,0,0,0,0,0,0,1,0,1,NA,NA,NA
40,GLP1RA main_SGLT2I main_Measured renal dysfunction,premier_2326_20230125,4,0,0,0,0,0,0,0,1,0,1,0,0,1,0,NA,NA,NA
40,GLP1RA main_SGLT2I main_Measured renal dysfunction,ccpp_v54_20210101,5,0,0,0,0,0,0,0,0,0,1,1,1,1,0,NA,NA,NA
40,GLP1RA main_SGLT2I main_Measured renal dysfunction,HKU-THIN,6,0,-12724481,1,0,NA,0,0,0,0,1,0,1,1,1,NA,NA,NA
40,GLP1RA main_SGLT2I main_Measured renal dysfunction,omop_20190828,NA,NA,48480,NA,0,NA,0,0,NA,0,NA,0,0,0,NA,NA,NA,NA
41,GLP1RA main_SU main_Measured renal dysfunction,truven_ccae_2324_20230201,0,591371,1819310,0,0,0,0,0,0,0,0,0,0,0,0,NA,NA,NA
41,GLP1RA main_SU main_Measured renal dysfunction,optum_extended_ses_2327_20230204,0,202715,1434530,0,0,0,0,0,0,0,0,0,0,0,0,NA,NA,NA
41,GLP1RA main_SU main_Measured renal dysfunction,optum_extended_dod_2323_20230201,0,202153,1434550,0,0,0,0,0,0,0,0,0,0,0,0,NA,NA,NA
41,GLP1RA main_SU main_Measured renal dysfunction,truven_mdcr_2322_20230127,0,133262,240010,0,0,0,0,0,0,0,0,0,0,0,0,NA,NA,NA
41,GLP1RA main_SU main_Measured renal dysfunction,VA-OMOP_20230411,0,15364,502090,0,0,0,0,0,0,0,0,0,0,0,0,NA,NA,NA
41,GLP1RA main_SU main_Measured renal dysfunction,jmdc_2325_20230126,0,10504,30460,0,0,0,0,0,0,0,0,0,0,0,0,NA,NA,NA
41,GLP1RA main_SU main_Measured renal dysfunction,CUIMC_20221214,0,418,57670,0,0,0,0,0,0,0,0,0,0,0,0,NA,NA,NA
41,GLP1RA main_SU main_Measured renal dysfunction,JHM_OMOP_20230406,0,400,31140,0,0,0,0,0,0,0,0,0,0,0,0,NA,NA,NA
41,GLP1RA main_SU main_Measured renal dysfunction,AUSOM_20220228,0,283,3190,0,0,0,0,0,0,0,0,0,0,0,0,NA,NA,NA
41,GLP1RA main_SU main_Measured renal dysfunction,RED_CDM_Tufts_20221005,0,7,2180,0,0,0,0,0,0,0,0,0,0,0,0,NA,NA,NA
41,GLP1RA main_SU main_Measured renal dysfunction,pmtx_202203_20220831,1,143868,392450,0,0,0,0,0,0,0,0,0,1,0,0,NA,NA,NA
41,GLP1RA main_SU main_Measured renal dysfunction,truven_mdcd_2359_20230215,1,57782,269180,0,0,0,0,0,0,0,0,0,1,0,0,NA,NA,NA
41,GLP1RA main_SU main_Measured renal dysfunction,optum_ehr_2247_20221205,1,34059,1326580,0,0,0,0,0,0,0,0,0,1,0,0,NA,NA,NA
41,GLP1RA main_SU main_Measured renal dysfunction,Keck_Upgraded_OMOP_v5_NA,1,0,80,0,0,0,0,0,0,0,0,0,0,0,0,NA,NA,NA
41,GLP1RA main_SU main_Measured renal dysfunction,TMUCRD_20210406,1,NA,3150,0,0,0,0,0,0,0,0,0,1,0,0,NA,NA,NA
41,GLP1RA main_SU main_Measured renal dysfunction,Australia_EMR_20230317,2,0,0,0,0,0,0,0,0,0,0,0,0,0,1,NA,NA,NA
41,GLP1RA main_SU main_Measured renal dysfunction,ktph_sg_NA,2,0,0,0,0,NA,0,0,0,0,0,0,0,0,1,NA,NA,NA
41,GLP1RA main_SU main_Measured renal dysfunction,Japan_HIS_20220120,2,0,0,0,0,0,0,0,0,0,0,0,0,0,1,NA,NA,NA
41,GLP1RA main_SU main_Measured renal dysfunction,LPD_Spain_20220704,2,0,0,0,0,0,0,0,0,0,0,0,0,0,1,NA,NA,NA
41,GLP1RA main_SU main_Measured renal dysfunction,France_LPD_20230118,2,0,0,0,0,0,0,0,0,0,0,0,0,0,1,NA,NA,NA
41,GLP1RA main_SU main_Measured renal dysfunction,LPD_Italy_20221226,3,0,0,0,0,0,0,0,0,0,0,0,1,0,1,NA,NA,NA
41,GLP1RA main_SU main_Measured renal dysfunction,Japan_Claims_20230215,3,0,0,0,0,0,0,0,0,0,0,0,1,0,1,NA,NA,NA
41,GLP1RA main_SU main_Measured renal dysfunction,US_OPEN_CLAIMS_20230313,3,0,0,0,0,0,0,0,0,0,0,0,1,0,1,NA,NA,NA
41,GLP1RA main_SU main_Measured renal dysfunction,Klinicki_centar_Crne_Gore_20230101,3,0,0,0,0,0,0,0,0,0,1,0,0,1,0,NA,NA,NA
41,GLP1RA main_SU main_Measured renal dysfunction,IQVIA_Germany_DA_20230124,3,0,0,0,0,0,0,0,0,0,0,0,1,0,1,NA,NA,NA
41,GLP1RA main_SU main_Measured renal dysfunction,US_PharMetrics_Plus_20230330,3,0,0,0,0,0,0,0,0,0,0,0,1,0,1,NA,NA,NA
41,GLP1RA main_SU main_Measured renal dysfunction,IQVIA_France_DA_20230201,3,0,0,0,0,0,0,0,0,0,0,0,1,0,1,NA,NA,NA
41,GLP1RA main_SU main_Measured renal dysfunction,premier_2326_20230125,3,0,0,0,0,0,0,0,1,0,0,0,0,1,0,NA,NA,NA
41,GLP1RA main_SU main_Measured renal dysfunction,UK_IMRD_THIN_20221230,3,0,0,0,0,0,0,0,0,0,0,0,1,0,1,NA,NA,NA
41,GLP1RA main_SU main_Measured renal dysfunction,UK_IMRD_EMIS_20230215,3,0,0,0,0,0,0,0,0,0,0,0,1,0,1,NA,NA,NA
41,GLP1RA main_SU main_Measured renal dysfunction,US_Hospital_20230130,3,0,0,0,0,0,0,0,0,0,0,0,1,0,1,NA,NA,NA
41,GLP1RA main_SU main_Measured renal dysfunction,cdm_cds,3,0,0,0,0,0,0,0,0,0,0,1,0,0,1,NA,NA,NA
41,GLP1RA main_SU main_Measured renal dysfunction,IQVIA_Belgium_LPD_20221006,3,0,0,0,0,0,0,0,0,0,0,0,1,0,1,NA,NA,NA
41,GLP1RA main_SU main_Measured renal dysfunction,ccpp_v54_20210101,5,0,0,0,0,0,0,0,0,0,1,1,1,1,0,NA,NA,NA
41,GLP1RA main_SU main_Measured renal dysfunction,HKU-THIN,6,0,-12724481,1,0,NA,0,0,0,0,1,0,1,1,1,NA,NA,NA
41,GLP1RA main_SU main_Measured renal dysfunction,omop_20190828,NA,NA,48480,NA,0,NA,0,0,NA,0,NA,0,0,0,NA,NA,NA,NA
42,SGLT2I main_SU main_Measured renal dysfunction,truven_ccae_2324_20230201,0,304262,936040,0,0,0,0,0,0,0,0,0,0,0,0,NA,NA,NA
42,SGLT2I main_SU main_Measured renal dysfunction,optum_extended_ses_2327_20230204,0,134801,953930,0,0,0,0,0,0,0,0,0,0,0,0,NA,NA,NA
42,SGLT2I main_SU main_Measured renal dysfunction,optum_extended_dod_2323_20230201,0,134424,953920,0,0,0,0,0,0,0,0,0,0,0,0,NA,NA,NA
42,SGLT2I main_SU main_Measured renal dysfunction,truven_mdcr_2322_20230127,0,83341,150100,0,0,0,0,0,0,0,0,0,0,0,0,NA,NA,NA
42,SGLT2I main_SU main_Measured renal dysfunction,jmdc_2325_20230126,0,64478,186980,0,0,0,0,0,0,0,0,0,0,0,0,NA,NA,NA
42,SGLT2I main_SU main_Measured renal dysfunction,VA-OMOP_20230411,0,15977,522110,0,0,0,0,0,0,0,0,0,0,0,0,NA,NA,NA
42,SGLT2I main_SU main_Measured renal dysfunction,AUSOM_20220228,0,608,6850,0,0,0,0,0,0,0,0,0,0,0,0,NA,NA,NA
42,SGLT2I main_SU main_Measured renal dysfunction,CUIMC_20221214,0,273,37640,0,0,0,0,0,0,0,0,0,0,0,0,NA,NA,NA
42,SGLT2I main_SU main_Measured renal dysfunction,JHM_OMOP_20230406,0,273,21260,0,0,0,0,0,0,0,0,0,0,0,0,NA,NA,NA
42,SGLT2I main_SU main_Measured renal dysfunction,RED_CDM_Tufts_20221005,0,5,1360,0,0,0,0,0,0,0,0,0,0,0,0,NA,NA,NA
42,SGLT2I main_SU main_Measured renal dysfunction,pmtx_202203_20220831,1,107605,293530,0,0,0,0,0,0,0,0,0,1,0,0,NA,NA,NA
42,SGLT2I main_SU main_Measured renal dysfunction,truven_mdcd_2359_20230215,1,36775,171320,0,0,0,0,0,0,0,0,0,1,0,0,NA,NA,NA
42,SGLT2I main_SU main_Measured renal dysfunction,optum_ehr_2247_20221205,1,23461,913790,0,0,0,0,0,0,0,0,0,1,0,0,NA,NA,NA
42,SGLT2I main_SU main_Measured renal dysfunction,Keck_Upgraded_OMOP_v5_NA,1,0,370,0,0,0,0,0,0,0,0,0,0,0,0,NA,NA,NA
42,SGLT2I main_SU main_Measured renal dysfunction,TMUCRD_20210406,1,NA,10740,0,0,0,0,0,0,0,0,0,1,0,0,NA,NA,NA
42,SGLT2I main_SU main_Measured renal dysfunction,Australia_EMR_20230317,2,0,0,0,0,0,0,0,0,0,0,0,0,0,1,NA,NA,NA
42,SGLT2I main_SU main_Measured renal dysfunction,Klinicki_centar_Crne_Gore_20230101,2,0,0,0,0,0,0,0,0,0,1,0,0,0,0,NA,NA,NA
42,SGLT2I main_SU main_Measured renal dysfunction,ktph_sg_NA,2,0,0,0,0,NA,0,0,0,0,0,0,0,0,1,NA,NA,NA
42,SGLT2I main_SU main_Measured renal dysfunction,Japan_HIS_20220120,2,0,0,0,0,0,0,0,0,0,0,0,0,0,1,NA,NA,NA
42,SGLT2I main_SU main_Measured renal dysfunction,LPD_Spain_20220704,2,0,0,0,0,0,0,0,0,0,0,0,0,0,1,NA,NA,NA
42,SGLT2I main_SU main_Measured renal dysfunction,France_LPD_20230118,2,0,0,0,0,0,0,0,0,0,0,0,0,0,1,NA,NA,NA
42,SGLT2I main_SU main_Measured renal dysfunction,LPD_Italy_20221226,3,0,0,0,0,0,0,0,0,0,0,0,1,0,1,NA,NA,NA
42,SGLT2I main_SU main_Measured renal dysfunction,Japan_Claims_20230215,3,0,0,0,0,0,0,0,0,0,0,0,1,0,1,NA,NA,NA
42,SGLT2I main_SU main_Measured renal dysfunction,US_OPEN_CLAIMS_20230313,3,0,0,0,0,0,0,0,0,0,0,0,1,0,1,NA,NA,NA
42,SGLT2I main_SU main_Measured renal dysfunction,IQVIA_Germany_DA_20230124,3,0,0,0,0,0,0,0,0,0,0,0,1,0,1,NA,NA,NA
42,SGLT2I main_SU main_Measured renal dysfunction,US_PharMetrics_Plus_20230330,3,0,0,0,0,0,0,0,0,0,0,0,1,0,1,NA,NA,NA
42,SGLT2I main_SU main_Measured renal dysfunction,IQVIA_France_DA_20230201,3,0,0,0,0,0,0,0,0,0,0,0,1,0,1,NA,NA,NA
42,SGLT2I main_SU main_Measured renal dysfunction,premier_2326_20230125,3,0,0,0,0,0,0,0,1,0,0,0,0,1,0,NA,NA,NA
42,SGLT2I main_SU main_Measured renal dysfunction,UK_IMRD_THIN_20221230,3,0,0,0,0,0,0,0,0,0,0,0,1,0,1,NA,NA,NA
42,SGLT2I main_SU main_Measured renal dysfunction,UK_IMRD_EMIS_20230215,3,0,0,0,0,0,0,0,0,0,0,0,1,0,1,NA,NA,NA
42,SGLT2I main_SU main_Measured renal dysfunction,US_Hospital_20230130,3,0,0,0,0,0,0,0,0,0,0,0,1,0,1,NA,NA,NA
42,SGLT2I main_SU main_Measured renal dysfunction,cdm_cds,3,0,0,0,0,0,0,0,0,0,0,1,0,0,1,NA,NA,NA
42,SGLT2I main_SU main_Measured renal dysfunction,IQVIA_Belgium_LPD_20221006,3,0,0,0,0,0,0,0,0,0,0,0,1,0,1,NA,NA,NA
42,SGLT2I main_SU main_Measured renal dysfunction,ccpp_v54_20210101,5,0,0,0,0,0,0,0,0,0,1,1,1,1,0,NA,NA,NA
42,SGLT2I main_SU main_Measured renal dysfunction,HKU-THIN,6,0,-12724481,1,0,NA,0,0,0,0,1,0,1,1,1,NA,NA,NA
42,SGLT2I main_SU main_Measured renal dysfunction,omop_20190828,NA,NA,900220,NA,0,NA,0,0,NA,0,NA,0,0,NA,NA,NA,NA,NA
43,DPP4I main_GLP1RA main_Revascularization,US_OPEN_CLAIMS_20230313,0,2101277,14070770,0,0,0,0,0,0,0,0,0,0,0,NA,0,NA,NA
43,DPP4I main_GLP1RA main_Revascularization,truven_ccae_2324_20230201,0,513237,1477240,0,0,0,0,0,0,0,0,0,0,0,NA,0,NA,NA
43,DPP4I main_GLP1RA main_Revascularization,optum_extended_dod_2323_20230201,0,491894,1319840,0,0,0,0,0,0,0,0,0,0,0,NA,0,NA,NA
43,DPP4I main_GLP1RA main_Revascularization,optum_extended_ses_2327_20230204,0,491893,1319840,0,0,0,0,0,0,0,0,0,0,0,NA,0,NA,NA
43,DPP4I main_GLP1RA main_Revascularization,US_PharMetrics_Plus_20230330,0,411094,1455410,0,0,0,0,0,0,0,0,0,0,0,NA,0,NA,NA
43,DPP4I main_GLP1RA main_Revascularization,optum_ehr_2247_20221205,0,295762,1326580,0,0,0,0,0,0,0,0,0,0,0,NA,0,NA,NA
43,DPP4I main_GLP1RA main_Revascularization,truven_mdcr_2322_20230127,0,178049,240010,0,0,0,0,0,0,0,0,0,0,0,NA,0,NA,NA
43,DPP4I main_GLP1RA main_Revascularization,truven_mdcd_2359_20230215,0,43568,249690,0,0,0,0,0,0,0,0,0,0,0,NA,0,NA,NA
43,DPP4I main_GLP1RA main_Revascularization,UK_IMRD_THIN_20221230,0,29146,61890,0,0,0,0,0,0,0,0,0,0,0,NA,0,NA,NA
43,DPP4I main_GLP1RA main_Revascularization,jmdc_2325_20230126,0,13568,30460,0,0,0,0,0,0,0,0,0,0,0,NA,0,NA,NA
43,DPP4I main_GLP1RA main_Revascularization,UK_IMRD_EMIS_20230215,0,10539,29840,0,0,0,0,0,0,0,0,0,0,0,NA,0,NA,NA
43,DPP4I main_GLP1RA main_Revascularization,Japan_Claims_20230215,0,9469,31930,0,0,0,0,0,0,0,0,0,0,0,NA,0,NA,NA
43,DPP4I main_GLP1RA main_Revascularization,US_Hospital_20230130,0,2423,14000,0,0,0,0,0,0,0,0,0,0,0,NA,0,NA,NA
43,DPP4I main_GLP1RA main_Revascularization,Australia_EMR_20230317,0,260,6300,0,0,0,0,0,0,0,0,0,0,0,NA,0,NA,NA
43,DPP4I main_GLP1RA main_Revascularization,Japan_HIS_20220120,0,23,2830,0,0,0,0,0,0,0,0,0,0,0,NA,0,NA,NA
43,DPP4I main_GLP1RA main_Revascularization,France_LPD_20230118,1,5326,75340,0,0,0,0,0,0,0,0,0,1,0,NA,0,NA,NA
43,DPP4I main_GLP1RA main_Revascularization,LPD_Italy_20221226,1,4838,18410,0,0,0,0,0,0,0,0,0,1,0,NA,0,NA,NA
43,DPP4I main_GLP1RA main_Revascularization,IQVIA_Germany_DA_20230124,1,4592,126110,0,0,0,0,0,0,0,0,0,1,0,NA,0,NA,NA
43,DPP4I main_GLP1RA main_Revascularization,LPD_Spain_20220704,1,1907,12030,0,0,0,0,0,0,0,0,0,1,0,NA,0,NA,NA
43,DPP4I main_GLP1RA main_Revascularization,IQVIA_France_DA_20230201,1,1246,24940,0,0,0,0,0,0,0,0,0,1,0,NA,0,NA,NA
43,DPP4I main_GLP1RA main_Revascularization,IQVIA_Belgium_LPD_20221006,1,629,8620,0,0,0,0,0,0,0,0,0,1,0,NA,0,NA,NA
43,DPP4I main_GLP1RA main_Revascularization,VA-OMOP_20230411,2,0,0,0,0,0,0,0,0,0,0,0,0,0,NA,1,NA,NA
43,DPP4I main_GLP1RA main_Revascularization,Keck_Upgraded_OMOP_v5_NA,2,0,0,0,0,0,0,0,0,0,0,0,0,0,NA,1,NA,NA
43,DPP4I main_GLP1RA main_Revascularization,Klinicki_centar_Crne_Gore_20230101,2,0,0,0,0,0,0,0,0,0,1,0,0,0,NA,0,NA,NA
43,DPP4I main_GLP1RA main_Revascularization,AUSOM_20220228,2,0,0,0,0,0,0,0,0,0,0,0,0,0,NA,1,NA,NA
43,DPP4I main_GLP1RA main_Revascularization,RED_CDM_Tufts_20221005,2,0,0,0,0,0,0,0,0,0,0,0,0,0,NA,1,NA,NA
43,DPP4I main_GLP1RA main_Revascularization,CUIMC_20221214,2,0,0,0,0,0,0,0,0,0,0,0,0,0,NA,1,NA,NA
43,DPP4I main_GLP1RA main_Revascularization,JHM_OMOP_20230406,2,0,0,0,0,0,0,0,0,0,0,0,0,0,NA,1,NA,NA
43,DPP4I main_GLP1RA main_Revascularization,pmtx_202203_20220831,2,0,0,0,0,0,0,0,0,0,0,0,0,0,NA,1,NA,NA
43,DPP4I main_GLP1RA main_Revascularization,ktph_sg_NA,3,0,0,0,0,NA,0,0,0,0,0,0,1,0,NA,1,NA,NA
43,DPP4I main_GLP1RA main_Revascularization,TMUCRD_20210406,3,0,0,0,0,0,0,0,0,0,0,0,1,0,NA,1,NA,NA
43,DPP4I main_GLP1RA main_Revascularization,premier_2326_20230125,3,0,0,0,0,0,0,0,1,0,1,0,0,0,NA,0,NA,NA
43,DPP4I main_GLP1RA main_Revascularization,cdm_cds,3,0,0,0,0,0,0,0,0,0,0,1,0,0,NA,1,NA,NA
43,DPP4I main_GLP1RA main_Revascularization,ccpp_v54_20210101,6,0,0,0,0,0,0,0,0,0,1,1,1,1,NA,1,NA,NA
43,DPP4I main_GLP1RA main_Revascularization,HKU-THIN,6,0,-12724481,1,0,NA,0,0,0,0,1,0,1,1,NA,1,NA,NA
43,DPP4I main_GLP1RA main_Revascularization,omop_20190828,NA,NA,0,NA,0,NA,0,0,NA,0,0,0,NA,NA,NA,1,NA,NA
44,DPP4I main_SGLT2I main_Revascularization,US_OPEN_CLAIMS_20230313,0,1969863,13190780,0,0,0,0,0,0,0,0,0,0,0,NA,0,NA,NA
44,DPP4I main_SGLT2I main_Revascularization,US_PharMetrics_Plus_20230330,0,411094,1455410,0,0,0,0,0,0,0,0,0,0,0,NA,0,NA,NA
44,DPP4I main_SGLT2I main_Revascularization,optum_extended_ses_2327_20230204,0,355521,953930,0,0,0,0,0,0,0,0,0,0,0,NA,0,NA,NA
44,DPP4I main_SGLT2I main_Revascularization,optum_extended_dod_2323_20230201,0,355518,953920,0,0,0,0,0,0,0,0,0,0,0,NA,0,NA,NA
44,DPP4I main_SGLT2I main_Revascularization,truven_ccae_2324_20230201,0,325208,936040,0,0,0,0,0,0,0,0,0,0,0,NA,0,NA,NA
44,DPP4I main_SGLT2I main_Revascularization,optum_ehr_2247_20221205,0,203730,913790,0,0,0,0,0,0,0,0,0,0,0,NA,0,NA,NA
44,DPP4I main_SGLT2I main_Revascularization,truven_mdcr_2322_20230127,0,111350,150100,0,0,0,0,0,0,0,0,0,0,0,NA,0,NA,NA
44,DPP4I main_SGLT2I main_Revascularization,jmdc_2325_20230126,0,87117,195580,0,0,0,0,0,0,0,0,0,0,0,NA,0,NA,NA
44,DPP4I main_SGLT2I main_Revascularization,Japan_Claims_20230215,0,38138,128600,0,0,0,0,0,0,0,0,0,0,0,NA,0,NA,NA
44,DPP4I main_SGLT2I main_Revascularization,UK_IMRD_THIN_20221230,0,35941,76320,0,0,0,0,0,0,0,0,0,0,0,NA,0,NA,NA
44,DPP4I main_SGLT2I main_Revascularization,truven_mdcd_2359_20230215,0,29894,171320,0,0,0,0,0,0,0,0,0,0,0,NA,0,NA,NA
44,DPP4I main_SGLT2I main_Revascularization,UK_IMRD_EMIS_20230215,0,13584,38460,0,0,0,0,0,0,0,0,0,0,0,NA,0,NA,NA
44,DPP4I main_SGLT2I main_Revascularization,US_Hospital_20230130,0,5492,31740,0,0,0,0,0,0,0,0,0,0,0,NA,0,NA,NA
44,DPP4I main_SGLT2I main_Revascularization,Australia_EMR_20230317,0,834,20240,0,0,0,0,0,0,0,0,0,0,0,NA,0,NA,NA
44,DPP4I main_SGLT2I main_Revascularization,Japan_HIS_20220120,0,59,7370,0,0,0,0,0,0,0,0,0,0,0,NA,0,NA,NA
44,DPP4I main_SGLT2I main_Revascularization,IQVIA_Germany_DA_20230124,1,6473,177780,0,0,0,0,0,0,0,0,0,1,0,NA,0,NA,NA
44,DPP4I main_SGLT2I main_Revascularization,LPD_Spain_20220704,1,5334,33650,0,0,0,0,0,0,0,0,0,1,0,NA,0,NA,NA
44,DPP4I main_SGLT2I main_Revascularization,LPD_Italy_20221226,1,4160,15830,0,0,0,0,0,0,0,0,0,1,0,NA,0,NA,NA
44,DPP4I main_SGLT2I main_Revascularization,France_LPD_20230118,1,1505,21290,0,0,0,0,0,0,0,0,0,1,0,NA,0,NA,NA
44,DPP4I main_SGLT2I main_Revascularization,IQVIA_Belgium_LPD_20221006,1,473,6490,0,0,0,0,0,0,0,0,0,1,0,NA,0,NA,NA
44,DPP4I main_SGLT2I main_Revascularization,IQVIA_France_DA_20230201,1,156,3130,0,0,0,0,0,0,0,0,0,1,0,NA,0,NA,NA
44,DPP4I main_SGLT2I main_Revascularization,Klinicki_centar_Crne_Gore_20230101,1,9,50,0,0,0,0,0,0,0,0,0,0,0,NA,0,NA,NA
44,DPP4I main_SGLT2I main_Revascularization,VA-OMOP_20230411,2,0,0,0,0,0,0,0,0,0,0,0,0,0,NA,1,NA,NA
44,DPP4I main_SGLT2I main_Revascularization,Keck_Upgraded_OMOP_v5_NA,2,0,0,0,0,0,0,0,0,0,0,0,0,0,NA,1,NA,NA
44,DPP4I main_SGLT2I main_Revascularization,AUSOM_20220228,2,0,0,0,0,0,0,0,0,0,0,0,0,0,NA,1,NA,NA
44,DPP4I main_SGLT2I main_Revascularization,RED_CDM_Tufts_20221005,2,0,0,0,0,0,0,0,0,0,0,0,0,0,NA,1,NA,NA
44,DPP4I main_SGLT2I main_Revascularization,CUIMC_20221214,2,0,0,0,0,0,0,0,0,0,0,0,0,0,NA,1,NA,NA
44,DPP4I main_SGLT2I main_Revascularization,JHM_OMOP_20230406,2,0,0,0,0,0,0,0,0,0,0,0,0,0,NA,1,NA,NA
44,DPP4I main_SGLT2I main_Revascularization,pmtx_202203_20220831,2,0,0,0,0,0,0,0,0,0,0,0,0,0,NA,1,NA,NA
44,DPP4I main_SGLT2I main_Revascularization,ktph_sg_NA,3,0,0,0,0,NA,0,0,0,0,0,0,1,0,NA,1,NA,NA
44,DPP4I main_SGLT2I main_Revascularization,TMUCRD_20210406,3,0,0,0,0,0,0,0,0,0,0,0,1,0,NA,1,NA,NA
44,DPP4I main_SGLT2I main_Revascularization,premier_2326_20230125,3,0,0,0,0,0,0,0,1,0,1,0,0,0,NA,0,NA,NA
44,DPP4I main_SGLT2I main_Revascularization,cdm_cds,3,0,0,0,0,0,0,0,0,0,0,1,0,0,NA,1,NA,NA
44,DPP4I main_SGLT2I main_Revascularization,ccpp_v54_20210101,6,0,0,0,0,0,0,0,0,0,1,1,1,1,NA,1,NA,NA
44,DPP4I main_SGLT2I main_Revascularization,HKU-THIN,6,0,-12724481,1,0,NA,0,0,0,0,1,0,1,1,NA,1,NA,NA
44,DPP4I main_SGLT2I main_Revascularization,omop_20190828,NA,NA,0,NA,0,NA,0,0,NA,0,NA,0,NA,NA,NA,1,NA,NA
45,DPP4I main_SU main_Revascularization,US_OPEN_CLAIMS_20230313,0,2101277,14070770,0,0,0,0,0,0,0,0,0,0,0,NA,0,NA,NA
45,DPP4I main_SU main_Revascularization,truven_ccae_2324_20230201,0,513237,1477240,0,0,0,0,0,0,0,0,0,0,0,NA,0,NA,NA
45,DPP4I main_SU main_Revascularization,optum_extended_dod_2323_20230201,0,491894,1319840,0,0,0,0,0,0,0,0,0,0,0,NA,0,NA,NA
45,DPP4I main_SU main_Revascularization,optum_extended_ses_2327_20230204,0,491893,1319840,0,0,0,0,0,0,0,0,0,0,0,NA,0,NA,NA
45,DPP4I main_SU main_Revascularization,US_PharMetrics_Plus_20230330,0,411094,1455410,0,0,0,0,0,0,0,0,0,0,0,NA,0,NA,NA
45,DPP4I main_SU main_Revascularization,truven_mdcr_2322_20230127,0,357382,481750,0,0,0,0,0,0,0,0,0,0,0,NA,0,NA,NA
45,DPP4I main_SU main_Revascularization,optum_ehr_2247_20221205,0,349100,1565820,0,0,0,0,0,0,0,0,0,0,0,NA,0,NA,NA
45,DPP4I main_SU main_Revascularization,jmdc_2325_20230126,0,83286,186980,0,0,0,0,0,0,0,0,0,0,0,NA,0,NA,NA
45,DPP4I main_SU main_Revascularization,US_Hospital_20230130,0,57634,333060,0,0,0,0,0,0,0,0,0,0,0,NA,0,NA,NA
45,DPP4I main_SU main_Revascularization,Japan_Claims_20230215,0,54526,183860,0,0,0,0,0,0,0,0,0,0,0,NA,0,NA,NA
45,DPP4I main_SU main_Revascularization,truven_mdcd_2359_20230215,0,43568,249690,0,0,0,0,0,0,0,0,0,0,0,NA,0,NA,NA
45,DPP4I main_SU main_Revascularization,UK_IMRD_THIN_20221230,0,40844,86730,0,0,0,0,0,0,0,0,0,0,0,NA,0,NA,NA
45,DPP4I main_SU main_Revascularization,UK_IMRD_EMIS_20230215,0,9897,28020,0,0,0,0,0,0,0,0,0,0,0,NA,0,NA,NA
45,DPP4I main_SU main_Revascularization,Australia_EMR_20230317,0,182,4420,0,0,0,0,0,0,0,0,0,0,0,NA,0,NA,NA
45,DPP4I main_SU main_Revascularization,Japan_HIS_20220120,0,94,11790,0,0,0,0,0,0,0,0,0,0,0,NA,0,NA,NA
45,DPP4I main_SU main_Revascularization,LPD_Italy_20221226,1,9082,34560,0,0,0,0,0,0,0,0,0,1,0,NA,0,NA,NA
45,DPP4I main_SU main_Revascularization,IQVIA_Germany_DA_20230124,1,6145,168770,0,0,0,0,0,0,0,0,0,1,0,NA,0,NA,NA
45,DPP4I main_SU main_Revascularization,premier_2326_20230125,1,6001,914680,0,0,0,0,0,1,0,0,0,0,0,NA,0,NA,NA
45,DPP4I main_SU main_Revascularization,France_LPD_20230118,1,4939,69870,0,0,0,0,0,0,0,0,0,1,0,NA,0,NA,NA
45,DPP4I main_SU main_Revascularization,LPD_Spain_20220704,1,3096,19530,0,0,0,0,0,0,0,0,0,1,0,NA,0,NA,NA
45,DPP4I main_SU main_Revascularization,IQVIA_France_DA_20230201,1,1771,35460,0,0,0,0,0,0,0,0,0,1,0,NA,0,NA,NA
45,DPP4I main_SU main_Revascularization,IQVIA_Belgium_LPD_20221006,1,380,5210,0,0,0,0,0,0,0,0,0,1,0,NA,0,NA,NA
45,DPP4I main_SU main_Revascularization,VA-OMOP_20230411,2,0,0,0,0,0,0,0,0,0,0,0,0,0,NA,1,NA,NA
45,DPP4I main_SU main_Revascularization,Keck_Upgraded_OMOP_v5_NA,2,0,0,0,0,0,0,0,0,0,0,0,0,0,NA,1,NA,NA
45,DPP4I main_SU main_Revascularization,Klinicki_centar_Crne_Gore_20230101,2,0,0,0,0,0,0,0,0,0,1,0,0,0,NA,0,NA,NA
45,DPP4I main_SU main_Revascularization,AUSOM_20220228,2,0,0,0,0,0,0,0,0,0,0,0,0,0,NA,1,NA,NA
45,DPP4I main_SU main_Revascularization,RED_CDM_Tufts_20221005,2,0,0,0,0,0,0,0,0,0,0,0,0,0,NA,1,NA,NA
45,DPP4I main_SU main_Revascularization,CUIMC_20221214,2,0,0,0,0,0,0,0,0,0,0,0,0,0,NA,1,NA,NA
45,DPP4I main_SU main_Revascularization,JHM_OMOP_20230406,2,0,0,0,0,0,0,0,0,0,0,0,0,0,NA,1,NA,NA
45,DPP4I main_SU main_Revascularization,pmtx_202203_20220831,2,0,0,0,0,0,0,0,0,0,0,0,0,0,NA,1,NA,NA
45,DPP4I main_SU main_Revascularization,ktph_sg_NA,3,0,0,0,0,NA,0,0,0,0,0,0,1,0,NA,1,NA,NA
45,DPP4I main_SU main_Revascularization,TMUCRD_20210406,3,0,0,0,0,0,0,0,0,0,0,0,1,0,NA,1,NA,NA
45,DPP4I main_SU main_Revascularization,cdm_cds,3,0,0,0,0,0,0,0,0,0,0,1,0,0,NA,1,NA,NA
45,DPP4I main_SU main_Revascularization,ccpp_v54_20210101,6,0,0,0,0,0,0,0,0,0,1,1,1,1,NA,1,NA,NA
45,DPP4I main_SU main_Revascularization,HKU-THIN,6,0,-12724481,1,0,NA,0,0,0,0,1,0,1,1,NA,1,NA,NA
45,DPP4I main_SU main_Revascularization,omop_20190828,NA,NA,0,NA,0,NA,0,0,NA,0,NA,0,NA,NA,NA,1,NA,NA
46,GLP1RA main_SGLT2I main_Revascularization,US_OPEN_CLAIMS_20230313,0,1969863,13190780,0,0,0,0,0,0,0,0,0,0,0,NA,0,NA,NA
46,GLP1RA main_SGLT2I main_Revascularization,US_PharMetrics_Plus_20230330,0,453875,1606870,0,0,0,0,0,0,0,0,0,0,0,NA,0,NA,NA
46,GLP1RA main_SGLT2I main_Revascularization,optum_extended_ses_2327_20230204,0,355521,953930,0,0,0,0,0,0,0,0,0,0,0,NA,0,NA,NA
46,GLP1RA main_SGLT2I main_Revascularization,optum_extended_dod_2323_20230201,0,355518,953920,0,0,0,0,0,0,0,0,0,0,0,NA,0,NA,NA
46,GLP1RA main_SGLT2I main_Revascularization,truven_ccae_2324_20230201,0,325208,936040,0,0,0,0,0,0,0,0,0,0,0,NA,0,NA,NA
46,GLP1RA main_SGLT2I main_Revascularization,optum_ehr_2247_20221205,0,203730,913790,0,0,0,0,0,0,0,0,0,0,0,NA,0,NA,NA
46,GLP1RA main_SGLT2I main_Revascularization,truven_mdcr_2322_20230127,0,111350,150100,0,0,0,0,0,0,0,0,0,0,0,NA,0,NA,NA
46,GLP1RA main_SGLT2I main_Revascularization,truven_mdcd_2359_20230215,0,29894,171320,0,0,0,0,0,0,0,0,0,0,0,NA,0,NA,NA
46,GLP1RA main_SGLT2I main_Revascularization,UK_IMRD_THIN_20221230,0,29146,61890,0,0,0,0,0,0,0,0,0,0,0,NA,0,NA,NA
46,GLP1RA main_SGLT2I main_Revascularization,jmdc_2325_20230126,0,13568,30460,0,0,0,0,0,0,0,0,0,0,0,NA,0,NA,NA
46,GLP1RA main_SGLT2I main_Revascularization,UK_IMRD_EMIS_20230215,0,10539,29840,0,0,0,0,0,0,0,0,0,0,0,NA,0,NA,NA
46,GLP1RA main_SGLT2I main_Revascularization,Japan_Claims_20230215,0,9469,31930,0,0,0,0,0,0,0,0,0,0,0,NA,0,NA,NA
46,GLP1RA main_SGLT2I main_Revascularization,US_Hospital_20230130,0,2423,14000,0,0,0,0,0,0,0,0,0,0,0,NA,0,NA,NA
46,GLP1RA main_SGLT2I main_Revascularization,Australia_EMR_20230317,0,260,6300,0,0,0,0,0,0,0,0,0,0,0,NA,0,NA,NA
46,GLP1RA main_SGLT2I main_Revascularization,Japan_HIS_20220120,0,23,2830,0,0,0,0,0,0,0,0,0,0,0,NA,0,NA,NA
46,GLP1RA main_SGLT2I main_Revascularization,IQVIA_Germany_DA_20230124,1,4592,126110,0,0,0,0,0,0,0,0,0,1,0,NA,0,NA,NA
46,GLP1RA main_SGLT2I main_Revascularization,LPD_Italy_20221226,1,4160,15830,0,0,0,0,0,0,0,0,0,1,0,NA,0,NA,NA
46,GLP1RA main_SGLT2I main_Revascularization,LPD_Spain_20220704,1,1907,12030,0,0,0,0,0,0,0,0,0,1,0,NA,0,NA,NA
46,GLP1RA main_SGLT2I main_Revascularization,France_LPD_20230118,1,1505,21290,0,0,0,0,0,0,0,0,0,1,0,NA,0,NA,NA
46,GLP1RA main_SGLT2I main_Revascularization,IQVIA_Belgium_LPD_20221006,1,473,6490,0,0,0,0,0,0,0,0,0,1,0,NA,0,NA,NA
46,GLP1RA main_SGLT2I main_Revascularization,IQVIA_France_DA_20230201,1,156,3130,0,0,0,0,0,0,0,0,0,1,0,NA,0,NA,NA
46,GLP1RA main_SGLT2I main_Revascularization,VA-OMOP_20230411,2,0,0,0,0,0,0,0,0,0,0,0,0,0,NA,1,NA,NA
46,GLP1RA main_SGLT2I main_Revascularization,Keck_Upgraded_OMOP_v5_NA,2,0,0,0,0,0,0,0,0,0,0,0,0,0,NA,1,NA,NA
46,GLP1RA main_SGLT2I main_Revascularization,Klinicki_centar_Crne_Gore_20230101,2,0,0,0,0,0,0,0,0,0,0,0,0,1,NA,0,NA,NA
46,GLP1RA main_SGLT2I main_Revascularization,AUSOM_20220228,2,0,0,0,0,0,0,0,0,0,0,0,0,0,NA,1,NA,NA
46,GLP1RA main_SGLT2I main_Revascularization,RED_CDM_Tufts_20221005,2,0,0,0,0,0,0,0,0,0,0,0,0,0,NA,1,NA,NA
46,GLP1RA main_SGLT2I main_Revascularization,CUIMC_20221214,2,0,0,0,0,0,0,0,0,0,0,0,0,0,NA,1,NA,NA
46,GLP1RA main_SGLT2I main_Revascularization,JHM_OMOP_20230406,2,0,0,0,0,0,0,0,0,0,0,0,0,0,NA,1,NA,NA
46,GLP1RA main_SGLT2I main_Revascularization,pmtx_202203_20220831,2,0,0,0,0,0,0,0,0,0,0,0,0,0,NA,1,NA,NA
46,GLP1RA main_SGLT2I main_Revascularization,ktph_sg_NA,3,0,0,0,0,NA,0,0,0,0,0,0,1,0,NA,1,NA,NA
46,GLP1RA main_SGLT2I main_Revascularization,TMUCRD_20210406,3,0,0,0,0,0,0,0,0,0,0,0,1,0,NA,1,NA,NA
46,GLP1RA main_SGLT2I main_Revascularization,cdm_cds,3,0,0,0,0,0,0,0,0,0,0,1,0,0,NA,1,NA,NA
46,GLP1RA main_SGLT2I main_Revascularization,premier_2326_20230125,4,0,0,0,0,0,0,0,1,0,1,0,0,1,NA,0,NA,NA
46,GLP1RA main_SGLT2I main_Revascularization,ccpp_v54_20210101,6,0,0,0,0,0,0,0,0,0,1,1,1,1,NA,1,NA,NA
46,GLP1RA main_SGLT2I main_Revascularization,HKU-THIN,6,0,-12724481,1,0,NA,0,0,0,0,1,0,1,1,NA,1,NA,NA
46,GLP1RA main_SGLT2I main_Revascularization,omop_20190828,NA,NA,0,NA,0,NA,0,0,NA,0,NA,0,NA,0,NA,1,NA,NA
47,GLP1RA main_SU main_Revascularization,US_OPEN_CLAIMS_20230313,0,2896846,19398130,0,0,0,0,0,0,0,0,0,0,0,NA,0,NA,NA
47,GLP1RA main_SU main_Revascularization,US_PharMetrics_Plus_20230330,0,636166,2252240,0,0,0,0,0,0,0,0,0,0,0,NA,0,NA,NA
47,GLP1RA main_SU main_Revascularization,truven_ccae_2324_20230201,0,632082,1819310,0,0,0,0,0,0,0,0,0,0,0,NA,0,NA,NA
47,GLP1RA main_SU main_Revascularization,optum_extended_dod_2323_20230201,0,534646,1434550,0,0,0,0,0,0,0,0,0,0,0,NA,0,NA,NA
47,GLP1RA main_SU main_Revascularization,optum_extended_ses_2327_20230204,0,534637,1434530,0,0,0,0,0,0,0,0,0,0,0,NA,0,NA,NA
47,GLP1RA main_SU main_Revascularization,optum_ehr_2247_20221205,0,295762,1326580,0,0,0,0,0,0,0,0,0,0,0,NA,0,NA,NA
47,GLP1RA main_SU main_Revascularization,truven_mdcr_2322_20230127,0,178049,240010,0,0,0,0,0,0,0,0,0,0,0,NA,0,NA,NA
47,GLP1RA main_SU main_Revascularization,truven_mdcd_2359_20230215,0,46969,269180,0,0,0,0,0,0,0,0,0,0,0,NA,0,NA,NA
47,GLP1RA main_SU main_Revascularization,UK_IMRD_THIN_20221230,0,29146,61890,0,0,0,0,0,0,0,0,0,0,0,NA,0,NA,NA
47,GLP1RA main_SU main_Revascularization,jmdc_2325_20230126,0,13568,30460,0,0,0,0,0,0,0,0,0,0,0,NA,0,NA,NA
47,GLP1RA main_SU main_Revascularization,UK_IMRD_EMIS_20230215,0,9897,28020,0,0,0,0,0,0,0,0,0,0,0,NA,0,NA,NA
47,GLP1RA main_SU main_Revascularization,Japan_Claims_20230215,0,9469,31930,0,0,0,0,0,0,0,0,0,0,0,NA,0,NA,NA
47,GLP1RA main_SU main_Revascularization,US_Hospital_20230130,0,2423,14000,0,0,0,0,0,0,0,0,0,0,0,NA,0,NA,NA
47,GLP1RA main_SU main_Revascularization,Australia_EMR_20230317,0,182,4420,0,0,0,0,0,0,0,0,0,0,0,NA,0,NA,NA
47,GLP1RA main_SU main_Revascularization,Japan_HIS_20220120,0,23,2830,0,0,0,0,0,0,0,0,0,0,0,NA,0,NA,NA
47,GLP1RA main_SU main_Revascularization,France_LPD_20230118,1,4939,69870,0,0,0,0,0,0,0,0,0,1,0,NA,0,NA,NA
47,GLP1RA main_SU main_Revascularization,LPD_Italy_20221226,1,4838,18410,0,0,0,0,0,0,0,0,0,1,0,NA,0,NA,NA
47,GLP1RA main_SU main_Revascularization,IQVIA_Germany_DA_20230124,1,4592,126110,0,0,0,0,0,0,0,0,0,1,0,NA,0,NA,NA
47,GLP1RA main_SU main_Revascularization,LPD_Spain_20220704,1,1907,12030,0,0,0,0,0,0,0,0,0,1,0,NA,0,NA,NA
47,GLP1RA main_SU main_Revascularization,IQVIA_France_DA_20230201,1,1246,24940,0,0,0,0,0,0,0,0,0,1,0,NA,0,NA,NA
47,GLP1RA main_SU main_Revascularization,IQVIA_Belgium_LPD_20221006,1,380,5210,0,0,0,0,0,0,0,0,0,1,0,NA,0,NA,NA
47,GLP1RA main_SU main_Revascularization,VA-OMOP_20230411,2,0,0,0,0,0,0,0,0,0,0,0,0,0,NA,1,NA,NA
47,GLP1RA main_SU main_Revascularization,Keck_Upgraded_OMOP_v5_NA,2,0,0,0,0,0,0,0,0,0,0,0,0,0,NA,1,NA,NA
47,GLP1RA main_SU main_Revascularization,AUSOM_20220228,2,0,0,0,0,0,0,0,0,0,0,0,0,0,NA,1,NA,NA
47,GLP1RA main_SU main_Revascularization,RED_CDM_Tufts_20221005,2,0,0,0,0,0,0,0,0,0,0,0,0,0,NA,1,NA,NA
47,GLP1RA main_SU main_Revascularization,CUIMC_20221214,2,0,0,0,0,0,0,0,0,0,0,0,0,0,NA,1,NA,NA
47,GLP1RA main_SU main_Revascularization,JHM_OMOP_20230406,2,0,0,0,0,0,0,0,0,0,0,0,0,0,NA,1,NA,NA
47,GLP1RA main_SU main_Revascularization,pmtx_202203_20220831,2,0,0,0,0,0,0,0,0,0,0,0,0,0,NA,1,NA,NA
47,GLP1RA main_SU main_Revascularization,Klinicki_centar_Crne_Gore_20230101,3,0,0,0,0,0,0,0,0,0,1,0,0,1,NA,0,NA,NA
47,GLP1RA main_SU main_Revascularization,ktph_sg_NA,3,0,0,0,0,NA,0,0,0,0,0,0,1,0,NA,1,NA,NA
47,GLP1RA main_SU main_Revascularization,TMUCRD_20210406,3,0,0,0,0,0,0,0,0,0,0,0,1,0,NA,1,NA,NA
47,GLP1RA main_SU main_Revascularization,premier_2326_20230125,3,0,0,0,0,0,0,0,1,0,0,0,0,1,NA,0,NA,NA
47,GLP1RA main_SU main_Revascularization,cdm_cds,3,0,0,0,0,0,0,0,0,0,0,1,0,0,NA,1,NA,NA
47,GLP1RA main_SU main_Revascularization,ccpp_v54_20210101,6,0,0,0,0,0,0,0,0,0,1,1,1,1,NA,1,NA,NA
47,GLP1RA main_SU main_Revascularization,HKU-THIN,6,0,-12724481,1,0,NA,0,0,0,0,1,0,1,1,NA,1,NA,NA
47,GLP1RA main_SU main_Revascularization,omop_20190828,NA,NA,0,NA,0,NA,0,0,NA,0,NA,0,NA,0,NA,1,NA,NA
48,SGLT2I main_SU main_Revascularization,US_OPEN_CLAIMS_20230313,0,1969863,13190780,0,0,0,0,0,0,0,0,0,0,0,NA,0,NA,NA
48,SGLT2I main_SU main_Revascularization,US_PharMetrics_Plus_20230330,0,453875,1606870,0,0,0,0,0,0,0,0,0,0,0,NA,0,NA,NA
48,SGLT2I main_SU main_Revascularization,optum_extended_ses_2327_20230204,0,355521,953930,0,0,0,0,0,0,0,0,0,0,0,NA,0,NA,NA
48,SGLT2I main_SU main_Revascularization,optum_extended_dod_2323_20230201,0,355518,953920,0,0,0,0,0,0,0,0,0,0,0,NA,0,NA,NA
48,SGLT2I main_SU main_Revascularization,truven_ccae_2324_20230201,0,325208,936040,0,0,0,0,0,0,0,0,0,0,0,NA,0,NA,NA
48,SGLT2I main_SU main_Revascularization,optum_ehr_2247_20221205,0,203730,913790,0,0,0,0,0,0,0,0,0,0,0,NA,0,NA,NA
48,SGLT2I main_SU main_Revascularization,truven_mdcr_2322_20230127,0,111350,150100,0,0,0,0,0,0,0,0,0,0,0,NA,0,NA,NA
48,SGLT2I main_SU main_Revascularization,jmdc_2325_20230126,0,83286,186980,0,0,0,0,0,0,0,0,0,0,0,NA,0,NA,NA
48,SGLT2I main_SU main_Revascularization,Japan_Claims_20230215,0,38138,128600,0,0,0,0,0,0,0,0,0,0,0,NA,0,NA,NA
48,SGLT2I main_SU main_Revascularization,UK_IMRD_THIN_20221230,0,35941,76320,0,0,0,0,0,0,0,0,0,0,0,NA,0,NA,NA
48,SGLT2I main_SU main_Revascularization,truven_mdcd_2359_20230215,0,29894,171320,0,0,0,0,0,0,0,0,0,0,0,NA,0,NA,NA
48,SGLT2I main_SU main_Revascularization,UK_IMRD_EMIS_20230215,0,9897,28020,0,0,0,0,0,0,0,0,0,0,0,NA,0,NA,NA
48,SGLT2I main_SU main_Revascularization,US_Hospital_20230130,0,5492,31740,0,0,0,0,0,0,0,0,0,0,0,NA,0,NA,NA
48,SGLT2I main_SU main_Revascularization,Australia_EMR_20230317,0,182,4420,0,0,0,0,0,0,0,0,0,0,0,NA,0,NA,NA
48,SGLT2I main_SU main_Revascularization,Japan_HIS_20220120,0,59,7370,0,0,0,0,0,0,0,0,0,0,0,NA,0,NA,NA
48,SGLT2I main_SU main_Revascularization,IQVIA_Germany_DA_20230124,1,6145,168770,0,0,0,0,0,0,0,0,0,1,0,NA,0,NA,NA
48,SGLT2I main_SU main_Revascularization,LPD_Italy_20221226,1,4160,15830,0,0,0,0,0,0,0,0,0,1,0,NA,0,NA,NA
48,SGLT2I main_SU main_Revascularization,LPD_Spain_20220704,1,3096,19530,0,0,0,0,0,0,0,0,0,1,0,NA,0,NA,NA
48,SGLT2I main_SU main_Revascularization,France_LPD_20230118,1,1505,21290,0,0,0,0,0,0,0,0,0,1,0,NA,0,NA,NA
48,SGLT2I main_SU main_Revascularization,IQVIA_Belgium_LPD_20221006,1,380,5210,0,0,0,0,0,0,0,0,0,1,0,NA,0,NA,NA
48,SGLT2I main_SU main_Revascularization,IQVIA_France_DA_20230201,1,156,3130,0,0,0,0,0,0,0,0,0,1,0,NA,0,NA,NA
48,SGLT2I main_SU main_Revascularization,VA-OMOP_20230411,2,0,0,0,0,0,0,0,0,0,0,0,0,0,NA,1,NA,NA
48,SGLT2I main_SU main_Revascularization,Keck_Upgraded_OMOP_v5_NA,2,0,0,0,0,0,0,0,0,0,0,0,0,0,NA,1,NA,NA
48,SGLT2I main_SU main_Revascularization,Klinicki_centar_Crne_Gore_20230101,2,0,0,0,0,0,0,0,0,0,1,0,0,0,NA,0,NA,NA
48,SGLT2I main_SU main_Revascularization,AUSOM_20220228,2,0,0,0,0,0,0,0,0,0,0,0,0,0,NA,1,NA,NA
48,SGLT2I main_SU main_Revascularization,RED_CDM_Tufts_20221005,2,0,0,0,0,0,0,0,0,0,0,0,0,0,NA,1,NA,NA
48,SGLT2I main_SU main_Revascularization,CUIMC_20221214,2,0,0,0,0,0,0,0,0,0,0,0,0,0,NA,1,NA,NA
48,SGLT2I main_SU main_Revascularization,JHM_OMOP_20230406,2,0,0,0,0,0,0,0,0,0,0,0,0,0,NA,1,NA,NA
48,SGLT2I main_SU main_Revascularization,pmtx_202203_20220831,2,0,0,0,0,0,0,0,0,0,0,0,0,0,NA,1,NA,NA
48,SGLT2I main_SU main_Revascularization,ktph_sg_NA,3,0,0,0,0,NA,0,0,0,0,0,0,1,0,NA,1,NA,NA
48,SGLT2I main_SU main_Revascularization,TMUCRD_20210406,3,0,0,0,0,0,0,0,0,0,0,0,1,0,NA,1,NA,NA
48,SGLT2I main_SU main_Revascularization,premier_2326_20230125,3,0,0,0,0,0,0,0,1,0,0,0,0,1,NA,0,NA,NA
48,SGLT2I main_SU main_Revascularization,cdm_cds,3,0,0,0,0,0,0,0,0,0,0,1,0,0,NA,1,NA,NA
48,SGLT2I main_SU main_Revascularization,ccpp_v54_20210101,6,0,0,0,0,0,0,0,0,0,1,1,1,1,NA,1,NA,NA
48,SGLT2I main_SU main_Revascularization,HKU-THIN,6,0,-12724481,1,0,NA,0,0,0,0,1,0,1,1,NA,1,NA,NA
48,SGLT2I main_SU main_Revascularization,omop_20190828,NA,NA,0,NA,0,NA,0,0,NA,0,NA,0,NA,NA,NA,1,NA,NA
49,DPP4I main_GLP1RA main_Stroke,US_OPEN_CLAIMS_20230313,0,2984398,14070770,0,0,0,0,0,0,0,0,0,0,0,NA,NA,NA,NA
49,DPP4I main_GLP1RA main_Stroke,truven_ccae_2324_20230201,0,626883,1477240,0,0,0,0,0,0,0,0,0,0,0,NA,NA,NA,NA
49,DPP4I main_GLP1RA main_Stroke,optum_extended_dod_2323_20230201,0,599920,1319840,0,0,0,0,0,0,0,0,0,0,0,NA,NA,NA,NA
49,DPP4I main_GLP1RA main_Stroke,optum_extended_ses_2327_20230204,0,599919,1319840,0,0,0,0,0,0,0,0,0,0,0,NA,NA,NA,NA
49,DPP4I main_GLP1RA main_Stroke,US_PharMetrics_Plus_20230330,0,546343,1455410,0,0,0,0,0,0,0,0,0,0,0,NA,NA,NA,NA
49,DPP4I main_GLP1RA main_Stroke,optum_ehr_2247_20221205,0,381202,1326580,0,0,0,0,0,0,0,0,0,0,0,NA,NA,NA,NA
49,DPP4I main_GLP1RA main_Stroke,truven_mdcr_2322_20230127,0,193421,240010,0,0,0,0,0,0,0,0,0,0,0,NA,NA,NA,NA
49,DPP4I main_GLP1RA main_Stroke,pmtx_202203_20220831,0,113907,307900,0,0,0,0,0,0,0,0,0,0,0,NA,NA,NA,NA
49,DPP4I main_GLP1RA main_Stroke,VA-OMOP_20230411,0,74531,502090,0,0,0,0,0,0,0,0,0,0,0,NA,NA,NA,NA
49,DPP4I main_GLP1RA main_Stroke,truven_mdcd_2359_20230215,0,53891,249690,0,0,0,0,0,0,0,0,0,0,0,NA,NA,NA,NA
49,DPP4I main_GLP1RA main_Stroke,UK_IMRD_THIN_20221230,0,32984,61890,0,0,0,0,0,0,0,0,0,0,0,NA,NA,NA,NA
49,DPP4I main_GLP1RA main_Stroke,IQVIA_Germany_DA_20230124,0,25687,126110,0,0,0,0,0,0,0,0,0,0,0,NA,NA,NA,NA
49,DPP4I main_GLP1RA main_Stroke,France_LPD_20230118,0,19374,75340,0,0,0,0,0,0,0,0,0,0,0,NA,NA,NA,NA
49,DPP4I main_GLP1RA main_Stroke,jmdc_2325_20230126,0,15225,30460,0,0,0,0,0,0,0,0,0,0,0,NA,NA,NA,NA
49,DPP4I main_GLP1RA main_Stroke,UK_IMRD_EMIS_20230215,0,13027,29840,0,0,0,0,0,0,0,0,0,0,0,NA,NA,NA,NA
49,DPP4I main_GLP1RA main_Stroke,Japan_Claims_20230215,0,10987,31930,0,0,0,0,0,0,0,0,0,0,0,NA,NA,NA,NA
49,DPP4I main_GLP1RA main_Stroke,LPD_Italy_20221226,0,8350,18410,0,0,0,0,0,0,0,0,0,0,0,NA,NA,NA,NA
49,DPP4I main_GLP1RA main_Stroke,JHM_OMOP_20230406,0,7300,19650,0,0,0,0,0,0,0,0,0,0,0,NA,NA,NA,NA
49,DPP4I main_GLP1RA main_Stroke,CUIMC_20221214,0,6690,57670,0,0,0,0,0,0,0,0,0,0,0,NA,NA,NA,NA
49,DPP4I main_GLP1RA main_Stroke,IQVIA_France_DA_20230201,0,5799,24940,0,0,0,0,0,0,0,0,0,0,0,NA,NA,NA,NA
49,DPP4I main_GLP1RA main_Stroke,LPD_Spain_20220704,0,3795,12030,0,0,0,0,0,0,0,0,0,0,0,NA,NA,NA,NA
49,DPP4I main_GLP1RA main_Stroke,IQVIA_Belgium_LPD_20221006,0,2933,8620,0,0,0,0,0,0,0,0,0,0,0,NA,NA,NA,NA
49,DPP4I main_GLP1RA main_Stroke,US_Hospital_20230130,0,2639,14000,0,0,0,0,0,0,0,0,0,0,0,NA,NA,NA,NA
49,DPP4I main_GLP1RA main_Stroke,Australia_EMR_20230317,0,835,6300,0,0,0,0,0,0,0,0,0,0,0,NA,NA,NA,NA
49,DPP4I main_GLP1RA main_Stroke,AUSOM_20220228,0,699,3190,0,0,0,0,0,0,0,0,0,0,0,NA,NA,NA,NA
49,DPP4I main_GLP1RA main_Stroke,TMUCRD_20210406,0,433,3150,0,0,0,0,0,0,0,0,0,0,0,NA,NA,NA,NA
49,DPP4I main_GLP1RA main_Stroke,RED_CDM_Tufts_20221005,0,113,1860,0,0,0,0,0,0,0,0,0,0,0,NA,NA,NA,NA
49,DPP4I main_GLP1RA main_Stroke,Japan_HIS_20220120,0,108,2830,0,0,0,0,0,0,0,0,0,0,0,NA,NA,NA,NA
49,DPP4I main_GLP1RA main_Stroke,Keck_Upgraded_OMOP_v5_NA,1,15,80,0,0,0,0,0,0,0,0,0,0,0,NA,NA,NA,NA
49,DPP4I main_GLP1RA main_Stroke,ktph_sg_NA,1,13,20,0,0,NA,0,0,0,0,0,0,0,0,NA,NA,NA,NA
49,DPP4I main_GLP1RA main_Stroke,Klinicki_centar_Crne_Gore_20230101,2,0,0,0,0,0,0,0,0,0,1,0,0,0,NA,NA,NA,NA
49,DPP4I main_GLP1RA main_Stroke,cdm_cds,2,0,0,0,0,0,0,0,0,0,0,1,0,0,NA,NA,NA,NA
49,DPP4I main_GLP1RA main_Stroke,premier_2326_20230125,3,0,0,0,0,0,0,0,1,0,1,0,0,0,NA,NA,NA,NA
49,DPP4I main_GLP1RA main_Stroke,ccpp_v54_20210101,4,0,0,0,0,0,0,0,0,0,1,1,0,1,NA,NA,NA,NA
49,DPP4I main_GLP1RA main_Stroke,HKU-THIN,5,0,-12724481,1,0,NA,0,0,0,0,1,0,1,1,NA,NA,NA,NA
49,DPP4I main_GLP1RA main_Stroke,omop_20190828,NA,NA,48480,NA,0,NA,0,0,NA,0,0,0,NA,NA,NA,NA,NA,NA
50,DPP4I main_SGLT2I main_Stroke,US_OPEN_CLAIMS_20230313,0,2797753,13190780,0,0,0,0,0,0,0,0,0,0,0,NA,NA,NA,NA
50,DPP4I main_SGLT2I main_Stroke,US_PharMetrics_Plus_20230330,0,546343,1455410,0,0,0,0,0,0,0,0,0,0,0,NA,NA,NA,NA
50,DPP4I main_SGLT2I main_Stroke,optum_extended_ses_2327_20230204,0,433598,953930,0,0,0,0,0,0,0,0,0,0,0,NA,NA,NA,NA
50,DPP4I main_SGLT2I main_Stroke,optum_extended_dod_2323_20230201,0,433595,953920,0,0,0,0,0,0,0,0,0,0,0,NA,NA,NA,NA
50,DPP4I main_SGLT2I main_Stroke,truven_ccae_2324_20230201,0,397219,936040,0,0,0,0,0,0,0,0,0,0,0,NA,NA,NA,NA
50,DPP4I main_SGLT2I main_Stroke,optum_ehr_2247_20221205,0,262584,913790,0,0,0,0,0,0,0,0,0,0,0,NA,NA,NA,NA
50,DPP4I main_SGLT2I main_Stroke,truven_mdcr_2322_20230127,0,120964,150100,0,0,0,0,0,0,0,0,0,0,0,NA,NA,NA,NA
50,DPP4I main_SGLT2I main_Stroke,pmtx_202203_20220831,0,108591,293530,0,0,0,0,0,0,0,0,0,0,0,NA,NA,NA,NA
50,DPP4I main_SGLT2I main_Stroke,jmdc_2325_20230126,0,97761,195580,0,0,0,0,0,0,0,0,0,0,0,NA,NA,NA,NA
50,DPP4I main_SGLT2I main_Stroke,VA-OMOP_20230411,0,77503,522110,0,0,0,0,0,0,0,0,0,0,0,NA,NA,NA,NA
50,DPP4I main_SGLT2I main_Stroke,Japan_Claims_20230215,0,44250,128600,0,0,0,0,0,0,0,0,0,0,0,NA,NA,NA,NA
50,DPP4I main_SGLT2I main_Stroke,UK_IMRD_THIN_20221230,0,40675,76320,0,0,0,0,0,0,0,0,0,0,0,NA,NA,NA,NA
50,DPP4I main_SGLT2I main_Stroke,truven_mdcd_2359_20230215,0,36976,171320,0,0,0,0,0,0,0,0,0,0,0,NA,NA,NA,NA
50,DPP4I main_SGLT2I main_Stroke,IQVIA_Germany_DA_20230124,0,36211,177780,0,0,0,0,0,0,0,0,0,0,0,NA,NA,NA,NA
50,DPP4I main_SGLT2I main_Stroke,UK_IMRD_EMIS_20230215,0,16790,38460,0,0,0,0,0,0,0,0,0,0,0,NA,NA,NA,NA
50,DPP4I main_SGLT2I main_Stroke,LPD_Spain_20220704,0,10616,33650,0,0,0,0,0,0,0,0,0,0,0,NA,NA,NA,NA
50,DPP4I main_SGLT2I main_Stroke,JHM_OMOP_20230406,0,7300,19650,0,0,0,0,0,0,0,0,0,0,0,NA,NA,NA,NA
50,DPP4I main_SGLT2I main_Stroke,LPD_Italy_20221226,0,7179,15830,0,0,0,0,0,0,0,0,0,0,0,NA,NA,NA,NA
50,DPP4I main_SGLT2I main_Stroke,US_Hospital_20230130,0,5983,31740,0,0,0,0,0,0,0,0,0,0,0,NA,NA,NA,NA
50,DPP4I main_SGLT2I main_Stroke,France_LPD_20230118,0,5475,21290,0,0,0,0,0,0,0,0,0,0,0,NA,NA,NA,NA
50,DPP4I main_SGLT2I main_Stroke,CUIMC_20221214,0,4366,37640,0,0,0,0,0,0,0,0,0,0,0,NA,NA,NA,NA
50,DPP4I main_SGLT2I main_Stroke,Australia_EMR_20230317,0,2683,20240,0,0,0,0,0,0,0,0,0,0,0,NA,NA,NA,NA
50,DPP4I main_SGLT2I main_Stroke,IQVIA_Belgium_LPD_20221006,0,2208,6490,0,0,0,0,0,0,0,0,0,0,0,NA,NA,NA,NA
50,DPP4I main_SGLT2I main_Stroke,AUSOM_20220228,0,1500,6850,0,0,0,0,0,0,0,0,0,0,0,NA,NA,NA,NA
50,DPP4I main_SGLT2I main_Stroke,TMUCRD_20210406,0,1475,10740,0,0,0,0,0,0,0,0,0,0,0,NA,NA,NA,NA
50,DPP4I main_SGLT2I main_Stroke,IQVIA_France_DA_20230201,0,728,3130,0,0,0,0,0,0,0,0,0,0,0,NA,NA,NA,NA
50,DPP4I main_SGLT2I main_Stroke,Japan_HIS_20220120,0,281,7370,0,0,0,0,0,0,0,0,0,0,0,NA,NA,NA,NA
50,DPP4I main_SGLT2I main_Stroke,RED_CDM_Tufts_20221005,0,83,1360,0,0,0,0,0,0,0,0,0,0,0,NA,NA,NA,NA
50,DPP4I main_SGLT2I main_Stroke,ktph_sg_NA,1,93,140,0,0,NA,0,0,0,0,0,0,0,0,NA,NA,NA,NA
50,DPP4I main_SGLT2I main_Stroke,Keck_Upgraded_OMOP_v5_NA,1,69,370,0,0,0,0,0,0,0,0,0,0,0,NA,NA,NA,NA
50,DPP4I main_SGLT2I main_Stroke,Klinicki_centar_Crne_Gore_20230101,1,10,50,0,0,0,0,0,0,0,0,0,0,0,NA,NA,NA,NA
50,DPP4I main_SGLT2I main_Stroke,cdm_cds,2,0,0,0,0,0,0,0,0,0,0,1,0,0,NA,NA,NA,NA
50,DPP4I main_SGLT2I main_Stroke,premier_2326_20230125,3,0,0,0,0,0,0,0,1,0,1,0,0,0,NA,NA,NA,NA
50,DPP4I main_SGLT2I main_Stroke,ccpp_v54_20210101,4,0,0,0,0,0,0,0,0,0,1,1,0,1,NA,NA,NA,NA
50,DPP4I main_SGLT2I main_Stroke,HKU-THIN,5,0,-12724481,1,0,NA,0,0,0,0,1,0,1,1,NA,NA,NA,NA
50,DPP4I main_SGLT2I main_Stroke,omop_20190828,NA,NA,900220,NA,0,NA,0,0,NA,0,NA,0,NA,NA,NA,NA,NA,NA
51,DPP4I main_SU main_Stroke,US_OPEN_CLAIMS_20230313,0,2984398,14070770,0,0,0,0,0,0,0,0,0,0,0,NA,NA,NA,NA
51,DPP4I main_SU main_Stroke,truven_ccae_2324_20230201,0,626883,1477240,0,0,0,0,0,0,0,0,0,0,0,NA,NA,NA,NA
51,DPP4I main_SU main_Stroke,optum_extended_dod_2323_20230201,0,599920,1319840,0,0,0,0,0,0,0,0,0,0,0,NA,NA,NA,NA
51,DPP4I main_SU main_Stroke,optum_extended_ses_2327_20230204,0,599919,1319840,0,0,0,0,0,0,0,0,0,0,0,NA,NA,NA,NA
51,DPP4I main_SU main_Stroke,US_PharMetrics_Plus_20230330,0,546343,1455410,0,0,0,0,0,0,0,0,0,0,0,NA,NA,NA,NA
51,DPP4I main_SU main_Stroke,optum_ehr_2247_20221205,0,449949,1565820,0,0,0,0,0,0,0,0,0,0,0,NA,NA,NA,NA
51,DPP4I main_SU main_Stroke,truven_mdcr_2322_20230127,0,388236,481750,0,0,0,0,0,0,0,0,0,0,0,NA,NA,NA,NA
51,DPP4I main_SU main_Stroke,pmtx_202203_20220831,0,113907,307900,0,0,0,0,0,0,0,0,0,0,0,NA,NA,NA,NA
51,DPP4I main_SU main_Stroke,jmdc_2325_20230126,0,93462,186980,0,0,0,0,0,0,0,0,0,0,0,NA,NA,NA,NA
51,DPP4I main_SU main_Stroke,VA-OMOP_20230411,0,78282,527360,0,0,0,0,0,0,0,0,0,0,0,NA,NA,NA,NA
51,DPP4I main_SU main_Stroke,Japan_Claims_20230215,0,63264,183860,0,0,0,0,0,0,0,0,0,0,0,NA,NA,NA,NA
51,DPP4I main_SU main_Stroke,US_Hospital_20230130,0,62779,333060,0,0,0,0,0,0,0,0,0,0,0,NA,NA,NA,NA
51,DPP4I main_SU main_Stroke,truven_mdcd_2359_20230215,0,53891,249690,0,0,0,0,0,0,0,0,0,0,0,NA,NA,NA,NA
51,DPP4I main_SU main_Stroke,UK_IMRD_THIN_20221230,0,46223,86730,0,0,0,0,0,0,0,0,0,0,0,NA,NA,NA,NA
51,DPP4I main_SU main_Stroke,IQVIA_Germany_DA_20230124,0,34376,168770,0,0,0,0,0,0,0,0,0,0,0,NA,NA,NA,NA
51,DPP4I main_SU main_Stroke,France_LPD_20230118,0,17967,69870,0,0,0,0,0,0,0,0,0,0,0,NA,NA,NA,NA
51,DPP4I main_SU main_Stroke,LPD_Italy_20221226,0,15674,34560,0,0,0,0,0,0,0,0,0,0,0,NA,NA,NA,NA
51,DPP4I main_SU main_Stroke,UK_IMRD_EMIS_20230215,0,12232,28020,0,0,0,0,0,0,0,0,0,0,0,NA,NA,NA,NA
51,DPP4I main_SU main_Stroke,IQVIA_France_DA_20230201,0,8245,35460,0,0,0,0,0,0,0,0,0,0,0,NA,NA,NA,NA
51,DPP4I main_SU main_Stroke,AUSOM_20220228,0,7616,34770,0,0,0,0,0,0,0,0,0,0,0,NA,NA,NA,NA
51,DPP4I main_SU main_Stroke,JHM_OMOP_20230406,0,7300,19650,0,0,0,0,0,0,0,0,0,0,0,NA,NA,NA,NA
51,DPP4I main_SU main_Stroke,TMUCRD_20210406,0,7245,52740,0,0,0,0,0,0,0,0,0,0,0,NA,NA,NA,NA
51,DPP4I main_SU main_Stroke,CUIMC_20221214,0,7067,60920,0,0,0,0,0,0,0,0,0,0,0,NA,NA,NA,NA
51,DPP4I main_SU main_Stroke,LPD_Spain_20220704,0,6161,19530,0,0,0,0,0,0,0,0,0,0,0,NA,NA,NA,NA
51,DPP4I main_SU main_Stroke,IQVIA_Belgium_LPD_20221006,0,1773,5210,0,0,0,0,0,0,0,0,0,0,0,NA,NA,NA,NA
51,DPP4I main_SU main_Stroke,Keck_Upgraded_OMOP_v5_NA,0,1700,9120,0,0,0,0,0,0,0,0,0,0,0,NA,NA,NA,NA
51,DPP4I main_SU main_Stroke,Australia_EMR_20230317,0,586,4420,0,0,0,0,0,0,0,0,0,0,0,NA,NA,NA,NA
51,DPP4I main_SU main_Stroke,Japan_HIS_20220120,0,449,11790,0,0,0,0,0,0,0,0,0,0,0,NA,NA,NA,NA
51,DPP4I main_SU main_Stroke,RED_CDM_Tufts_20221005,0,113,1860,0,0,0,0,0,0,0,0,0,0,0,NA,NA,NA,NA
51,DPP4I main_SU main_Stroke,premier_2326_20230125,1,6525,914680,0,0,0,0,0,1,0,0,0,0,0,NA,NA,NA,NA
51,DPP4I main_SU main_Stroke,ktph_sg_NA,1,578,870,0,0,NA,0,0,0,0,0,0,0,0,NA,NA,NA,NA
51,DPP4I main_SU main_Stroke,Klinicki_centar_Crne_Gore_20230101,2,0,0,0,0,0,0,0,0,0,1,0,0,0,NA,NA,NA,NA
51,DPP4I main_SU main_Stroke,cdm_cds,2,0,0,0,0,0,0,0,0,0,0,1,0,0,NA,NA,NA,NA
51,DPP4I main_SU main_Stroke,ccpp_v54_20210101,4,0,0,0,0,0,0,0,0,0,1,1,0,1,NA,NA,NA,NA
51,DPP4I main_SU main_Stroke,HKU-THIN,5,0,-12724481,1,0,NA,0,0,0,0,1,0,1,1,NA,NA,NA,NA
51,DPP4I main_SU main_Stroke,omop_20190828,NA,NA,900220,NA,0,NA,0,0,NA,0,NA,0,NA,NA,NA,NA,NA,NA
52,GLP1RA main_SGLT2I main_Stroke,US_OPEN_CLAIMS_20230313,0,2797753,13190780,0,0,0,0,0,0,0,0,0,0,0,NA,NA,NA,NA
52,GLP1RA main_SGLT2I main_Stroke,US_PharMetrics_Plus_20230330,0,603199,1606870,0,0,0,0,0,0,0,0,0,0,0,NA,NA,NA,NA
52,GLP1RA main_SGLT2I main_Stroke,optum_extended_ses_2327_20230204,0,433598,953930,0,0,0,0,0,0,0,0,0,0,0,NA,NA,NA,NA
52,GLP1RA main_SGLT2I main_Stroke,optum_extended_dod_2323_20230201,0,433595,953920,0,0,0,0,0,0,0,0,0,0,0,NA,NA,NA,NA
52,GLP1RA main_SGLT2I main_Stroke,truven_ccae_2324_20230201,0,397219,936040,0,0,0,0,0,0,0,0,0,0,0,NA,NA,NA,NA
52,GLP1RA main_SGLT2I main_Stroke,optum_ehr_2247_20221205,0,262584,913790,0,0,0,0,0,0,0,0,0,0,0,NA,NA,NA,NA
52,GLP1RA main_SGLT2I main_Stroke,truven_mdcr_2322_20230127,0,120964,150100,0,0,0,0,0,0,0,0,0,0,0,NA,NA,NA,NA
52,GLP1RA main_SGLT2I main_Stroke,pmtx_202203_20220831,0,108591,293530,0,0,0,0,0,0,0,0,0,0,0,NA,NA,NA,NA
52,GLP1RA main_SGLT2I main_Stroke,VA-OMOP_20230411,0,74531,502090,0,0,0,0,0,0,0,0,0,0,0,NA,NA,NA,NA
52,GLP1RA main_SGLT2I main_Stroke,truven_mdcd_2359_20230215,0,36976,171320,0,0,0,0,0,0,0,0,0,0,0,NA,NA,NA,NA
52,GLP1RA main_SGLT2I main_Stroke,UK_IMRD_THIN_20221230,0,32984,61890,0,0,0,0,0,0,0,0,0,0,0,NA,NA,NA,NA
52,GLP1RA main_SGLT2I main_Stroke,IQVIA_Germany_DA_20230124,0,25687,126110,0,0,0,0,0,0,0,0,0,0,0,NA,NA,NA,NA
52,GLP1RA main_SGLT2I main_Stroke,jmdc_2325_20230126,0,15225,30460,0,0,0,0,0,0,0,0,0,0,0,NA,NA,NA,NA
52,GLP1RA main_SGLT2I main_Stroke,UK_IMRD_EMIS_20230215,0,13027,29840,0,0,0,0,0,0,0,0,0,0,0,NA,NA,NA,NA
52,GLP1RA main_SGLT2I main_Stroke,Japan_Claims_20230215,0,10987,31930,0,0,0,0,0,0,0,0,0,0,0,NA,NA,NA,NA
52,GLP1RA main_SGLT2I main_Stroke,JHM_OMOP_20230406,0,7898,21260,0,0,0,0,0,0,0,0,0,0,0,NA,NA,NA,NA
52,GLP1RA main_SGLT2I main_Stroke,LPD_Italy_20221226,0,7179,15830,0,0,0,0,0,0,0,0,0,0,0,NA,NA,NA,NA
52,GLP1RA main_SGLT2I main_Stroke,France_LPD_20230118,0,5475,21290,0,0,0,0,0,0,0,0,0,0,0,NA,NA,NA,NA
52,GLP1RA main_SGLT2I main_Stroke,CUIMC_20221214,0,4366,37640,0,0,0,0,0,0,0,0,0,0,0,NA,NA,NA,NA
52,GLP1RA main_SGLT2I main_Stroke,LPD_Spain_20220704,0,3795,12030,0,0,0,0,0,0,0,0,0,0,0,NA,NA,NA,NA
52,GLP1RA main_SGLT2I main_Stroke,US_Hospital_20230130,0,2639,14000,0,0,0,0,0,0,0,0,0,0,0,NA,NA,NA,NA
52,GLP1RA main_SGLT2I main_Stroke,IQVIA_Belgium_LPD_20221006,0,2208,6490,0,0,0,0,0,0,0,0,0,0,0,NA,NA,NA,NA
52,GLP1RA main_SGLT2I main_Stroke,Australia_EMR_20230317,0,835,6300,0,0,0,0,0,0,0,0,0,0,0,NA,NA,NA,NA
52,GLP1RA main_SGLT2I main_Stroke,IQVIA_France_DA_20230201,0,728,3130,0,0,0,0,0,0,0,0,0,0,0,NA,NA,NA,NA
52,GLP1RA main_SGLT2I main_Stroke,AUSOM_20220228,0,699,3190,0,0,0,0,0,0,0,0,0,0,0,NA,NA,NA,NA
52,GLP1RA main_SGLT2I main_Stroke,TMUCRD_20210406,0,433,3150,0,0,0,0,0,0,0,0,0,0,0,NA,NA,NA,NA
52,GLP1RA main_SGLT2I main_Stroke,Japan_HIS_20220120,0,108,2830,0,0,0,0,0,0,0,0,0,0,0,NA,NA,NA,NA
52,GLP1RA main_SGLT2I main_Stroke,RED_CDM_Tufts_20221005,0,83,1360,0,0,0,0,0,0,0,0,0,0,0,NA,NA,NA,NA
52,GLP1RA main_SGLT2I main_Stroke,Keck_Upgraded_OMOP_v5_NA,1,15,80,0,0,0,0,0,0,0,0,0,0,0,NA,NA,NA,NA
52,GLP1RA main_SGLT2I main_Stroke,ktph_sg_NA,1,13,20,0,0,NA,0,0,0,0,0,0,0,0,NA,NA,NA,NA
52,GLP1RA main_SGLT2I main_Stroke,Klinicki_centar_Crne_Gore_20230101,2,0,0,0,0,0,0,0,0,0,0,0,0,1,NA,NA,NA,NA
52,GLP1RA main_SGLT2I main_Stroke,cdm_cds,2,0,0,0,0,0,0,0,0,0,0,1,0,0,NA,NA,NA,NA
52,GLP1RA main_SGLT2I main_Stroke,ccpp_v54_20210101,4,0,0,0,0,0,0,0,0,0,1,1,0,1,NA,NA,NA,NA
52,GLP1RA main_SGLT2I main_Stroke,premier_2326_20230125,4,0,0,0,0,0,0,0,1,0,1,0,0,1,NA,NA,NA,NA
52,GLP1RA main_SGLT2I main_Stroke,HKU-THIN,5,0,-12724481,1,0,NA,0,0,0,0,1,0,1,1,NA,NA,NA,NA
52,GLP1RA main_SGLT2I main_Stroke,omop_20190828,NA,NA,48480,NA,0,NA,0,0,NA,0,NA,0,NA,0,NA,NA,NA,NA
53,GLP1RA main_SU main_Stroke,US_OPEN_CLAIMS_20230313,0,4114327,19398130,0,0,0,0,0,0,0,0,0,0,0,NA,NA,NA,NA
53,GLP1RA main_SU main_Stroke,US_PharMetrics_Plus_20230330,0,845464,2252240,0,0,0,0,0,0,0,0,0,0,0,NA,NA,NA,NA
53,GLP1RA main_SU main_Stroke,truven_ccae_2324_20230201,0,772045,1819310,0,0,0,0,0,0,0,0,0,0,0,NA,NA,NA,NA
53,GLP1RA main_SU main_Stroke,optum_extended_dod_2323_20230201,0,652061,1434550,0,0,0,0,0,0,0,0,0,0,0,NA,NA,NA,NA
53,GLP1RA main_SU main_Stroke,optum_extended_ses_2327_20230204,0,652050,1434530,0,0,0,0,0,0,0,0,0,0,0,NA,NA,NA,NA
53,GLP1RA main_SU main_Stroke,optum_ehr_2247_20221205,0,381202,1326580,0,0,0,0,0,0,0,0,0,0,0,NA,NA,NA,NA
53,GLP1RA main_SU main_Stroke,truven_mdcr_2322_20230127,0,193421,240010,0,0,0,0,0,0,0,0,0,0,0,NA,NA,NA,NA
53,GLP1RA main_SU main_Stroke,pmtx_202203_20220831,0,145186,392450,0,0,0,0,0,0,0,0,0,0,0,NA,NA,NA,NA
53,GLP1RA main_SU main_Stroke,VA-OMOP_20230411,0,74531,502090,0,0,0,0,0,0,0,0,0,0,0,NA,NA,NA,NA
53,GLP1RA main_SU main_Stroke,truven_mdcd_2359_20230215,0,58097,269180,0,0,0,0,0,0,0,0,0,0,0,NA,NA,NA,NA
53,GLP1RA main_SU main_Stroke,UK_IMRD_THIN_20221230,0,32984,61890,0,0,0,0,0,0,0,0,0,0,0,NA,NA,NA,NA
53,GLP1RA main_SU main_Stroke,IQVIA_Germany_DA_20230124,0,25687,126110,0,0,0,0,0,0,0,0,0,0,0,NA,NA,NA,NA
53,GLP1RA main_SU main_Stroke,France_LPD_20230118,0,17967,69870,0,0,0,0,0,0,0,0,0,0,0,NA,NA,NA,NA
53,GLP1RA main_SU main_Stroke,jmdc_2325_20230126,0,15225,30460,0,0,0,0,0,0,0,0,0,0,0,NA,NA,NA,NA
53,GLP1RA main_SU main_Stroke,UK_IMRD_EMIS_20230215,0,12232,28020,0,0,0,0,0,0,0,0,0,0,0,NA,NA,NA,NA
53,GLP1RA main_SU main_Stroke,JHM_OMOP_20230406,0,11569,31140,0,0,0,0,0,0,0,0,0,0,0,NA,NA,NA,NA
53,GLP1RA main_SU main_Stroke,Japan_Claims_20230215,0,10987,31930,0,0,0,0,0,0,0,0,0,0,0,NA,NA,NA,NA
53,GLP1RA main_SU main_Stroke,LPD_Italy_20221226,0,8350,18410,0,0,0,0,0,0,0,0,0,0,0,NA,NA,NA,NA
53,GLP1RA main_SU main_Stroke,CUIMC_20221214,0,6690,57670,0,0,0,0,0,0,0,0,0,0,0,NA,NA,NA,NA
53,GLP1RA main_SU main_Stroke,IQVIA_France_DA_20230201,0,5799,24940,0,0,0,0,0,0,0,0,0,0,0,NA,NA,NA,NA
53,GLP1RA main_SU main_Stroke,LPD_Spain_20220704,0,3795,12030,0,0,0,0,0,0,0,0,0,0,0,NA,NA,NA,NA
53,GLP1RA main_SU main_Stroke,US_Hospital_20230130,0,2639,14000,0,0,0,0,0,0,0,0,0,0,0,NA,NA,NA,NA
53,GLP1RA main_SU main_Stroke,IQVIA_Belgium_LPD_20221006,0,1773,5210,0,0,0,0,0,0,0,0,0,0,0,NA,NA,NA,NA
53,GLP1RA main_SU main_Stroke,AUSOM_20220228,0,699,3190,0,0,0,0,0,0,0,0,0,0,0,NA,NA,NA,NA
53,GLP1RA main_SU main_Stroke,Australia_EMR_20230317,0,586,4420,0,0,0,0,0,0,0,0,0,0,0,NA,NA,NA,NA
53,GLP1RA main_SU main_Stroke,TMUCRD_20210406,0,433,3150,0,0,0,0,0,0,0,0,0,0,0,NA,NA,NA,NA
53,GLP1RA main_SU main_Stroke,RED_CDM_Tufts_20221005,0,132,2180,0,0,0,0,0,0,0,0,0,0,0,NA,NA,NA,NA
53,GLP1RA main_SU main_Stroke,Japan_HIS_20220120,0,108,2830,0,0,0,0,0,0,0,0,0,0,0,NA,NA,NA,NA
53,GLP1RA main_SU main_Stroke,Keck_Upgraded_OMOP_v5_NA,1,15,80,0,0,0,0,0,0,0,0,0,0,0,NA,NA,NA,NA
53,GLP1RA main_SU main_Stroke,ktph_sg_NA,1,13,20,0,0,NA,0,0,0,0,0,0,0,0,NA,NA,NA,NA
53,GLP1RA main_SU main_Stroke,cdm_cds,2,0,0,0,0,0,0,0,0,0,0,1,0,0,NA,NA,NA,NA
53,GLP1RA main_SU main_Stroke,Klinicki_centar_Crne_Gore_20230101,3,0,0,0,0,0,0,0,0,0,1,0,0,1,NA,NA,NA,NA
53,GLP1RA main_SU main_Stroke,premier_2326_20230125,3,0,0,0,0,0,0,0,1,0,0,0,0,1,NA,NA,NA,NA
53,GLP1RA main_SU main_Stroke,ccpp_v54_20210101,4,0,0,0,0,0,0,0,0,0,1,1,0,1,NA,NA,NA,NA
53,GLP1RA main_SU main_Stroke,HKU-THIN,5,0,-12724481,1,0,NA,0,0,0,0,1,0,1,1,NA,NA,NA,NA
53,GLP1RA main_SU main_Stroke,omop_20190828,NA,NA,48480,NA,0,NA,0,0,NA,0,NA,0,NA,0,NA,NA,NA,NA
54,SGLT2I main_SU main_Stroke,US_OPEN_CLAIMS_20230313,0,2797753,13190780,0,0,0,0,0,0,0,0,0,0,0,NA,NA,NA,NA
54,SGLT2I main_SU main_Stroke,US_PharMetrics_Plus_20230330,0,603199,1606870,0,0,0,0,0,0,0,0,0,0,0,NA,NA,NA,NA
54,SGLT2I main_SU main_Stroke,optum_extended_ses_2327_20230204,0,433598,953930,0,0,0,0,0,0,0,0,0,0,0,NA,NA,NA,NA
54,SGLT2I main_SU main_Stroke,optum_extended_dod_2323_20230201,0,433595,953920,0,0,0,0,0,0,0,0,0,0,0,NA,NA,NA,NA
54,SGLT2I main_SU main_Stroke,truven_ccae_2324_20230201,0,397219,936040,0,0,0,0,0,0,0,0,0,0,0,NA,NA,NA,NA
54,SGLT2I main_SU main_Stroke,optum_ehr_2247_20221205,0,262584,913790,0,0,0,0,0,0,0,0,0,0,0,NA,NA,NA,NA
54,SGLT2I main_SU main_Stroke,truven_mdcr_2322_20230127,0,120964,150100,0,0,0,0,0,0,0,0,0,0,0,NA,NA,NA,NA
54,SGLT2I main_SU main_Stroke,pmtx_202203_20220831,0,108591,293530,0,0,0,0,0,0,0,0,0,0,0,NA,NA,NA,NA
54,SGLT2I main_SU main_Stroke,jmdc_2325_20230126,0,93462,186980,0,0,0,0,0,0,0,0,0,0,0,NA,NA,NA,NA
54,SGLT2I main_SU main_Stroke,VA-OMOP_20230411,0,77503,522110,0,0,0,0,0,0,0,0,0,0,0,NA,NA,NA,NA
54,SGLT2I main_SU main_Stroke,Japan_Claims_20230215,0,44250,128600,0,0,0,0,0,0,0,0,0,0,0,NA,NA,NA,NA
54,SGLT2I main_SU main_Stroke,UK_IMRD_THIN_20221230,0,40675,76320,0,0,0,0,0,0,0,0,0,0,0,NA,NA,NA,NA
54,SGLT2I main_SU main_Stroke,truven_mdcd_2359_20230215,0,36976,171320,0,0,0,0,0,0,0,0,0,0,0,NA,NA,NA,NA
54,SGLT2I main_SU main_Stroke,IQVIA_Germany_DA_20230124,0,34376,168770,0,0,0,0,0,0,0,0,0,0,0,NA,NA,NA,NA
54,SGLT2I main_SU main_Stroke,UK_IMRD_EMIS_20230215,0,12232,28020,0,0,0,0,0,0,0,0,0,0,0,NA,NA,NA,NA
54,SGLT2I main_SU main_Stroke,JHM_OMOP_20230406,0,7898,21260,0,0,0,0,0,0,0,0,0,0,0,NA,NA,NA,NA
54,SGLT2I main_SU main_Stroke,LPD_Italy_20221226,0,7179,15830,0,0,0,0,0,0,0,0,0,0,0,NA,NA,NA,NA
54,SGLT2I main_SU main_Stroke,LPD_Spain_20220704,0,6161,19530,0,0,0,0,0,0,0,0,0,0,0,NA,NA,NA,NA
54,SGLT2I main_SU main_Stroke,US_Hospital_20230130,0,5983,31740,0,0,0,0,0,0,0,0,0,0,0,NA,NA,NA,NA
54,SGLT2I main_SU main_Stroke,France_LPD_20230118,0,5475,21290,0,0,0,0,0,0,0,0,0,0,0,NA,NA,NA,NA
54,SGLT2I main_SU main_Stroke,CUIMC_20221214,0,4366,37640,0,0,0,0,0,0,0,0,0,0,0,NA,NA,NA,NA
54,SGLT2I main_SU main_Stroke,IQVIA_Belgium_LPD_20221006,0,1773,5210,0,0,0,0,0,0,0,0,0,0,0,NA,NA,NA,NA
54,SGLT2I main_SU main_Stroke,AUSOM_20220228,0,1500,6850,0,0,0,0,0,0,0,0,0,0,0,NA,NA,NA,NA
54,SGLT2I main_SU main_Stroke,TMUCRD_20210406,0,1475,10740,0,0,0,0,0,0,0,0,0,0,0,NA,NA,NA,NA
54,SGLT2I main_SU main_Stroke,IQVIA_France_DA_20230201,0,728,3130,0,0,0,0,0,0,0,0,0,0,0,NA,NA,NA,NA
54,SGLT2I main_SU main_Stroke,Australia_EMR_20230317,0,586,4420,0,0,0,0,0,0,0,0,0,0,0,NA,NA,NA,NA
54,SGLT2I main_SU main_Stroke,Japan_HIS_20220120,0,281,7370,0,0,0,0,0,0,0,0,0,0,0,NA,NA,NA,NA
54,SGLT2I main_SU main_Stroke,RED_CDM_Tufts_20221005,0,83,1360,0,0,0,0,0,0,0,0,0,0,0,NA,NA,NA,NA
54,SGLT2I main_SU main_Stroke,ktph_sg_NA,1,93,140,0,0,NA,0,0,0,0,0,0,0,0,NA,NA,NA,NA
54,SGLT2I main_SU main_Stroke,Keck_Upgraded_OMOP_v5_NA,1,69,370,0,0,0,0,0,0,0,0,0,0,0,NA,NA,NA,NA
54,SGLT2I main_SU main_Stroke,Klinicki_centar_Crne_Gore_20230101,2,0,0,0,0,0,0,0,0,0,1,0,0,0,NA,NA,NA,NA
54,SGLT2I main_SU main_Stroke,cdm_cds,2,0,0,0,0,0,0,0,0,0,0,1,0,0,NA,NA,NA,NA
54,SGLT2I main_SU main_Stroke,premier_2326_20230125,3,0,0,0,0,0,0,0,1,0,0,0,0,1,NA,NA,NA,NA
54,SGLT2I main_SU main_Stroke,ccpp_v54_20210101,4,0,0,0,0,0,0,0,0,0,1,1,0,1,NA,NA,NA,NA
54,SGLT2I main_SU main_Stroke,HKU-THIN,5,0,-12724481,1,0,NA,0,0,0,0,1,0,1,1,NA,NA,NA,NA
54,SGLT2I main_SU main_Stroke,omop_20190828,NA,NA,900220,NA,0,NA,0,0,NA,0,NA,0,NA,NA,NA,NA,NA,NA
55,DPP4I main_GLP1RA main_Sudden cardiac death,US_OPEN_CLAIMS_20230313,0,2984398,14070770,0,0,0,0,0,0,0,0,0,0,0,NA,NA,NA,NA
55,DPP4I main_GLP1RA main_Sudden cardiac death,truven_ccae_2324_20230201,0,626883,1477240,0,0,0,0,0,0,0,0,0,0,0,NA,NA,NA,NA
55,DPP4I main_GLP1RA main_Sudden cardiac death,optum_extended_dod_2323_20230201,0,599920,1319840,0,0,0,0,0,0,0,0,0,0,0,NA,NA,NA,NA
55,DPP4I main_GLP1RA main_Sudden cardiac death,optum_extended_ses_2327_20230204,0,599919,1319840,0,0,0,0,0,0,0,0,0,0,0,NA,NA,NA,NA
55,DPP4I main_GLP1RA main_Sudden cardiac death,US_PharMetrics_Plus_20230330,0,546343,1455410,0,0,0,0,0,0,0,0,0,0,0,NA,NA,NA,NA
55,DPP4I main_GLP1RA main_Sudden cardiac death,optum_ehr_2247_20221205,0,381202,1326580,0,0,0,0,0,0,0,0,0,0,0,NA,NA,NA,NA
55,DPP4I main_GLP1RA main_Sudden cardiac death,truven_mdcr_2322_20230127,0,193421,240010,0,0,0,0,0,0,0,0,0,0,0,NA,NA,NA,NA
55,DPP4I main_GLP1RA main_Sudden cardiac death,pmtx_202203_20220831,0,113907,307900,0,0,0,0,0,0,0,0,0,0,0,NA,NA,NA,NA
55,DPP4I main_GLP1RA main_Sudden cardiac death,VA-OMOP_20230411,0,74531,502090,0,0,0,0,0,0,0,0,0,0,0,NA,NA,NA,NA
55,DPP4I main_GLP1RA main_Sudden cardiac death,truven_mdcd_2359_20230215,0,53891,249690,0,0,0,0,0,0,0,0,0,0,0,NA,NA,NA,NA
55,DPP4I main_GLP1RA main_Sudden cardiac death,UK_IMRD_THIN_20221230,0,32984,61890,0,0,0,0,0,0,0,0,0,0,0,NA,NA,NA,NA
55,DPP4I main_GLP1RA main_Sudden cardiac death,IQVIA_Germany_DA_20230124,0,25687,126110,0,0,0,0,0,0,0,0,0,0,0,NA,NA,NA,NA
55,DPP4I main_GLP1RA main_Sudden cardiac death,France_LPD_20230118,0,19374,75340,0,0,0,0,0,0,0,0,0,0,0,NA,NA,NA,NA
55,DPP4I main_GLP1RA main_Sudden cardiac death,jmdc_2325_20230126,0,15225,30460,0,0,0,0,0,0,0,0,0,0,0,NA,NA,NA,NA
55,DPP4I main_GLP1RA main_Sudden cardiac death,UK_IMRD_EMIS_20230215,0,13027,29840,0,0,0,0,0,0,0,0,0,0,0,NA,NA,NA,NA
55,DPP4I main_GLP1RA main_Sudden cardiac death,Japan_Claims_20230215,0,10987,31930,0,0,0,0,0,0,0,0,0,0,0,NA,NA,NA,NA
55,DPP4I main_GLP1RA main_Sudden cardiac death,LPD_Italy_20221226,0,8350,18410,0,0,0,0,0,0,0,0,0,0,0,NA,NA,NA,NA
55,DPP4I main_GLP1RA main_Sudden cardiac death,JHM_OMOP_20230406,0,7300,19650,0,0,0,0,0,0,0,0,0,0,0,NA,NA,NA,NA
55,DPP4I main_GLP1RA main_Sudden cardiac death,CUIMC_20221214,0,6690,57670,0,0,0,0,0,0,0,0,0,0,0,NA,NA,NA,NA
55,DPP4I main_GLP1RA main_Sudden cardiac death,IQVIA_France_DA_20230201,0,5799,24940,0,0,0,0,0,0,0,0,0,0,0,NA,NA,NA,NA
55,DPP4I main_GLP1RA main_Sudden cardiac death,LPD_Spain_20220704,0,3795,12030,0,0,0,0,0,0,0,0,0,0,0,NA,NA,NA,NA
55,DPP4I main_GLP1RA main_Sudden cardiac death,IQVIA_Belgium_LPD_20221006,0,2933,8620,0,0,0,0,0,0,0,0,0,0,0,NA,NA,NA,NA
55,DPP4I main_GLP1RA main_Sudden cardiac death,US_Hospital_20230130,0,2639,14000,0,0,0,0,0,0,0,0,0,0,0,NA,NA,NA,NA
55,DPP4I main_GLP1RA main_Sudden cardiac death,Australia_EMR_20230317,0,835,6300,0,0,0,0,0,0,0,0,0,0,0,NA,NA,NA,NA
55,DPP4I main_GLP1RA main_Sudden cardiac death,AUSOM_20220228,0,699,3190,0,0,0,0,0,0,0,0,0,0,0,NA,NA,NA,NA
55,DPP4I main_GLP1RA main_Sudden cardiac death,TMUCRD_20210406,0,433,3150,0,0,0,0,0,0,0,0,0,0,0,NA,NA,NA,NA
55,DPP4I main_GLP1RA main_Sudden cardiac death,RED_CDM_Tufts_20221005,0,113,1860,0,0,0,0,0,0,0,0,0,0,0,NA,NA,NA,NA
55,DPP4I main_GLP1RA main_Sudden cardiac death,Japan_HIS_20220120,0,108,2830,0,0,0,0,0,0,0,0,0,0,0,NA,NA,NA,NA
55,DPP4I main_GLP1RA main_Sudden cardiac death,Keck_Upgraded_OMOP_v5_NA,1,15,80,0,0,0,0,0,0,0,0,0,0,0,NA,NA,NA,NA
55,DPP4I main_GLP1RA main_Sudden cardiac death,ktph_sg_NA,1,13,20,0,0,NA,0,0,0,0,0,0,0,0,NA,NA,NA,NA
55,DPP4I main_GLP1RA main_Sudden cardiac death,Klinicki_centar_Crne_Gore_20230101,2,0,0,0,0,0,0,0,0,0,1,0,0,0,NA,NA,NA,NA
55,DPP4I main_GLP1RA main_Sudden cardiac death,cdm_cds,2,0,0,0,0,0,0,0,0,0,0,1,0,0,NA,NA,NA,NA
55,DPP4I main_GLP1RA main_Sudden cardiac death,premier_2326_20230125,3,0,0,0,0,0,0,0,1,0,1,0,0,0,NA,NA,NA,NA
55,DPP4I main_GLP1RA main_Sudden cardiac death,ccpp_v54_20210101,4,0,0,0,0,0,0,0,0,0,1,1,0,1,NA,NA,NA,NA
55,DPP4I main_GLP1RA main_Sudden cardiac death,HKU-THIN,5,0,-12724481,1,0,NA,0,0,0,0,1,0,1,1,NA,NA,NA,NA
55,DPP4I main_GLP1RA main_Sudden cardiac death,omop_20190828,NA,NA,48480,NA,0,NA,0,0,NA,0,0,0,NA,NA,NA,NA,NA,NA
56,DPP4I main_SGLT2I main_Sudden cardiac death,US_OPEN_CLAIMS_20230313,0,2797753,13190780,0,0,0,0,0,0,0,0,0,0,0,NA,NA,NA,NA
56,DPP4I main_SGLT2I main_Sudden cardiac death,US_PharMetrics_Plus_20230330,0,546343,1455410,0,0,0,0,0,0,0,0,0,0,0,NA,NA,NA,NA
56,DPP4I main_SGLT2I main_Sudden cardiac death,optum_extended_ses_2327_20230204,0,433598,953930,0,0,0,0,0,0,0,0,0,0,0,NA,NA,NA,NA
56,DPP4I main_SGLT2I main_Sudden cardiac death,optum_extended_dod_2323_20230201,0,433595,953920,0,0,0,0,0,0,0,0,0,0,0,NA,NA,NA,NA
56,DPP4I main_SGLT2I main_Sudden cardiac death,truven_ccae_2324_20230201,0,397219,936040,0,0,0,0,0,0,0,0,0,0,0,NA,NA,NA,NA
56,DPP4I main_SGLT2I main_Sudden cardiac death,optum_ehr_2247_20221205,0,262584,913790,0,0,0,0,0,0,0,0,0,0,0,NA,NA,NA,NA
56,DPP4I main_SGLT2I main_Sudden cardiac death,truven_mdcr_2322_20230127,0,120964,150100,0,0,0,0,0,0,0,0,0,0,0,NA,NA,NA,NA
56,DPP4I main_SGLT2I main_Sudden cardiac death,pmtx_202203_20220831,0,108591,293530,0,0,0,0,0,0,0,0,0,0,0,NA,NA,NA,NA
56,DPP4I main_SGLT2I main_Sudden cardiac death,jmdc_2325_20230126,0,97761,195580,0,0,0,0,0,0,0,0,0,0,0,NA,NA,NA,NA
56,DPP4I main_SGLT2I main_Sudden cardiac death,VA-OMOP_20230411,0,77503,522110,0,0,0,0,0,0,0,0,0,0,0,NA,NA,NA,NA
56,DPP4I main_SGLT2I main_Sudden cardiac death,Japan_Claims_20230215,0,44250,128600,0,0,0,0,0,0,0,0,0,0,0,NA,NA,NA,NA
56,DPP4I main_SGLT2I main_Sudden cardiac death,UK_IMRD_THIN_20221230,0,40675,76320,0,0,0,0,0,0,0,0,0,0,0,NA,NA,NA,NA
56,DPP4I main_SGLT2I main_Sudden cardiac death,truven_mdcd_2359_20230215,0,36976,171320,0,0,0,0,0,0,0,0,0,0,0,NA,NA,NA,NA
56,DPP4I main_SGLT2I main_Sudden cardiac death,IQVIA_Germany_DA_20230124,0,36211,177780,0,0,0,0,0,0,0,0,0,0,0,NA,NA,NA,NA
56,DPP4I main_SGLT2I main_Sudden cardiac death,UK_IMRD_EMIS_20230215,0,16790,38460,0,0,0,0,0,0,0,0,0,0,0,NA,NA,NA,NA
56,DPP4I main_SGLT2I main_Sudden cardiac death,LPD_Spain_20220704,0,10616,33650,0,0,0,0,0,0,0,0,0,0,0,NA,NA,NA,NA
56,DPP4I main_SGLT2I main_Sudden cardiac death,JHM_OMOP_20230406,0,7300,19650,0,0,0,0,0,0,0,0,0,0,0,NA,NA,NA,NA
56,DPP4I main_SGLT2I main_Sudden cardiac death,LPD_Italy_20221226,0,7179,15830,0,0,0,0,0,0,0,0,0,0,0,NA,NA,NA,NA
56,DPP4I main_SGLT2I main_Sudden cardiac death,US_Hospital_20230130,0,5983,31740,0,0,0,0,0,0,0,0,0,0,0,NA,NA,NA,NA
56,DPP4I main_SGLT2I main_Sudden cardiac death,France_LPD_20230118,0,5475,21290,0,0,0,0,0,0,0,0,0,0,0,NA,NA,NA,NA
56,DPP4I main_SGLT2I main_Sudden cardiac death,CUIMC_20221214,0,4366,37640,0,0,0,0,0,0,0,0,0,0,0,NA,NA,NA,NA
56,DPP4I main_SGLT2I main_Sudden cardiac death,Australia_EMR_20230317,0,2683,20240,0,0,0,0,0,0,0,0,0,0,0,NA,NA,NA,NA
56,DPP4I main_SGLT2I main_Sudden cardiac death,IQVIA_Belgium_LPD_20221006,0,2208,6490,0,0,0,0,0,0,0,0,0,0,0,NA,NA,NA,NA
56,DPP4I main_SGLT2I main_Sudden cardiac death,AUSOM_20220228,0,1500,6850,0,0,0,0,0,0,0,0,0,0,0,NA,NA,NA,NA
56,DPP4I main_SGLT2I main_Sudden cardiac death,TMUCRD_20210406,0,1475,10740,0,0,0,0,0,0,0,0,0,0,0,NA,NA,NA,NA
56,DPP4I main_SGLT2I main_Sudden cardiac death,IQVIA_France_DA_20230201,0,728,3130,0,0,0,0,0,0,0,0,0,0,0,NA,NA,NA,NA
56,DPP4I main_SGLT2I main_Sudden cardiac death,Japan_HIS_20220120,0,281,7370,0,0,0,0,0,0,0,0,0,0,0,NA,NA,NA,NA
56,DPP4I main_SGLT2I main_Sudden cardiac death,RED_CDM_Tufts_20221005,0,83,1360,0,0,0,0,0,0,0,0,0,0,0,NA,NA,NA,NA
56,DPP4I main_SGLT2I main_Sudden cardiac death,ktph_sg_NA,1,93,140,0,0,NA,0,0,0,0,0,0,0,0,NA,NA,NA,NA
56,DPP4I main_SGLT2I main_Sudden cardiac death,Keck_Upgraded_OMOP_v5_NA,1,69,370,0,0,0,0,0,0,0,0,0,0,0,NA,NA,NA,NA
56,DPP4I main_SGLT2I main_Sudden cardiac death,Klinicki_centar_Crne_Gore_20230101,1,10,50,0,0,0,0,0,0,0,0,0,0,0,NA,NA,NA,NA
56,DPP4I main_SGLT2I main_Sudden cardiac death,cdm_cds,2,0,0,0,0,0,0,0,0,0,0,1,0,0,NA,NA,NA,NA
56,DPP4I main_SGLT2I main_Sudden cardiac death,premier_2326_20230125,3,0,0,0,0,0,0,0,1,0,1,0,0,0,NA,NA,NA,NA
56,DPP4I main_SGLT2I main_Sudden cardiac death,ccpp_v54_20210101,4,0,0,0,0,0,0,0,0,0,1,1,0,1,NA,NA,NA,NA
56,DPP4I main_SGLT2I main_Sudden cardiac death,HKU-THIN,5,0,-12724481,1,0,NA,0,0,0,0,1,0,1,1,NA,NA,NA,NA
56,DPP4I main_SGLT2I main_Sudden cardiac death,omop_20190828,NA,NA,900220,NA,0,NA,0,0,NA,0,NA,0,NA,NA,NA,NA,NA,NA
57,DPP4I main_SU main_Sudden cardiac death,US_OPEN_CLAIMS_20230313,0,2984398,14070770,0,0,0,0,0,0,0,0,0,0,0,NA,NA,NA,NA
57,DPP4I main_SU main_Sudden cardiac death,truven_ccae_2324_20230201,0,626883,1477240,0,0,0,0,0,0,0,0,0,0,0,NA,NA,NA,NA
57,DPP4I main_SU main_Sudden cardiac death,optum_extended_dod_2323_20230201,0,599920,1319840,0,0,0,0,0,0,0,0,0,0,0,NA,NA,NA,NA
57,DPP4I main_SU main_Sudden cardiac death,optum_extended_ses_2327_20230204,0,599919,1319840,0,0,0,0,0,0,0,0,0,0,0,NA,NA,NA,NA
57,DPP4I main_SU main_Sudden cardiac death,US_PharMetrics_Plus_20230330,0,546343,1455410,0,0,0,0,0,0,0,0,0,0,0,NA,NA,NA,NA
57,DPP4I main_SU main_Sudden cardiac death,optum_ehr_2247_20221205,0,449949,1565820,0,0,0,0,0,0,0,0,0,0,0,NA,NA,NA,NA
57,DPP4I main_SU main_Sudden cardiac death,truven_mdcr_2322_20230127,0,388236,481750,0,0,0,0,0,0,0,0,0,0,0,NA,NA,NA,NA
57,DPP4I main_SU main_Sudden cardiac death,pmtx_202203_20220831,0,113907,307900,0,0,0,0,0,0,0,0,0,0,0,NA,NA,NA,NA
57,DPP4I main_SU main_Sudden cardiac death,jmdc_2325_20230126,0,93462,186980,0,0,0,0,0,0,0,0,0,0,0,NA,NA,NA,NA
57,DPP4I main_SU main_Sudden cardiac death,VA-OMOP_20230411,0,78282,527360,0,0,0,0,0,0,0,0,0,0,0,NA,NA,NA,NA
57,DPP4I main_SU main_Sudden cardiac death,Japan_Claims_20230215,0,63264,183860,0,0,0,0,0,0,0,0,0,0,0,NA,NA,NA,NA
57,DPP4I main_SU main_Sudden cardiac death,US_Hospital_20230130,0,62779,333060,0,0,0,0,0,0,0,0,0,0,0,NA,NA,NA,NA
57,DPP4I main_SU main_Sudden cardiac death,truven_mdcd_2359_20230215,0,53891,249690,0,0,0,0,0,0,0,0,0,0,0,NA,NA,NA,NA
57,DPP4I main_SU main_Sudden cardiac death,UK_IMRD_THIN_20221230,0,46223,86730,0,0,0,0,0,0,0,0,0,0,0,NA,NA,NA,NA
57,DPP4I main_SU main_Sudden cardiac death,IQVIA_Germany_DA_20230124,0,34376,168770,0,0,0,0,0,0,0,0,0,0,0,NA,NA,NA,NA
57,DPP4I main_SU main_Sudden cardiac death,France_LPD_20230118,0,17967,69870,0,0,0,0,0,0,0,0,0,0,0,NA,NA,NA,NA
57,DPP4I main_SU main_Sudden cardiac death,LPD_Italy_20221226,0,15674,34560,0,0,0,0,0,0,0,0,0,0,0,NA,NA,NA,NA
57,DPP4I main_SU main_Sudden cardiac death,UK_IMRD_EMIS_20230215,0,12232,28020,0,0,0,0,0,0,0,0,0,0,0,NA,NA,NA,NA
57,DPP4I main_SU main_Sudden cardiac death,IQVIA_France_DA_20230201,0,8245,35460,0,0,0,0,0,0,0,0,0,0,0,NA,NA,NA,NA
57,DPP4I main_SU main_Sudden cardiac death,AUSOM_20220228,0,7616,34770,0,0,0,0,0,0,0,0,0,0,0,NA,NA,NA,NA
57,DPP4I main_SU main_Sudden cardiac death,JHM_OMOP_20230406,0,7300,19650,0,0,0,0,0,0,0,0,0,0,0,NA,NA,NA,NA
57,DPP4I main_SU main_Sudden cardiac death,TMUCRD_20210406,0,7245,52740,0,0,0,0,0,0,0,0,0,0,0,NA,NA,NA,NA
57,DPP4I main_SU main_Sudden cardiac death,CUIMC_20221214,0,7067,60920,0,0,0,0,0,0,0,0,0,0,0,NA,NA,NA,NA
57,DPP4I main_SU main_Sudden cardiac death,LPD_Spain_20220704,0,6161,19530,0,0,0,0,0,0,0,0,0,0,0,NA,NA,NA,NA
57,DPP4I main_SU main_Sudden cardiac death,IQVIA_Belgium_LPD_20221006,0,1773,5210,0,0,0,0,0,0,0,0,0,0,0,NA,NA,NA,NA
57,DPP4I main_SU main_Sudden cardiac death,Keck_Upgraded_OMOP_v5_NA,0,1700,9120,0,0,0,0,0,0,0,0,0,0,0,NA,NA,NA,NA
57,DPP4I main_SU main_Sudden cardiac death,Australia_EMR_20230317,0,586,4420,0,0,0,0,0,0,0,0,0,0,0,NA,NA,NA,NA
57,DPP4I main_SU main_Sudden cardiac death,Japan_HIS_20220120,0,449,11790,0,0,0,0,0,0,0,0,0,0,0,NA,NA,NA,NA
57,DPP4I main_SU main_Sudden cardiac death,RED_CDM_Tufts_20221005,0,113,1860,0,0,0,0,0,0,0,0,0,0,0,NA,NA,NA,NA
57,DPP4I main_SU main_Sudden cardiac death,premier_2326_20230125,1,6525,914680,0,0,0,0,0,1,0,0,0,0,0,NA,NA,NA,NA
57,DPP4I main_SU main_Sudden cardiac death,ktph_sg_NA,1,578,870,0,0,NA,0,0,0,0,0,0,0,0,NA,NA,NA,NA
57,DPP4I main_SU main_Sudden cardiac death,Klinicki_centar_Crne_Gore_20230101,2,0,0,0,0,0,0,0,0,0,1,0,0,0,NA,NA,NA,NA
57,DPP4I main_SU main_Sudden cardiac death,cdm_cds,2,0,0,0,0,0,0,0,0,0,0,1,0,0,NA,NA,NA,NA
57,DPP4I main_SU main_Sudden cardiac death,ccpp_v54_20210101,4,0,0,0,0,0,0,0,0,0,1,1,0,1,NA,NA,NA,NA
57,DPP4I main_SU main_Sudden cardiac death,HKU-THIN,5,0,-12724481,1,0,NA,0,0,0,0,1,0,1,1,NA,NA,NA,NA
57,DPP4I main_SU main_Sudden cardiac death,omop_20190828,NA,NA,900220,NA,0,NA,0,0,NA,0,NA,0,NA,NA,NA,NA,NA,NA
58,GLP1RA main_SGLT2I main_Sudden cardiac death,US_OPEN_CLAIMS_20230313,0,2797753,13190780,0,0,0,0,0,0,0,0,0,0,0,NA,NA,NA,NA
58,GLP1RA main_SGLT2I main_Sudden cardiac death,US_PharMetrics_Plus_20230330,0,603199,1606870,0,0,0,0,0,0,0,0,0,0,0,NA,NA,NA,NA
58,GLP1RA main_SGLT2I main_Sudden cardiac death,optum_extended_ses_2327_20230204,0,433598,953930,0,0,0,0,0,0,0,0,0,0,0,NA,NA,NA,NA
58,GLP1RA main_SGLT2I main_Sudden cardiac death,optum_extended_dod_2323_20230201,0,433595,953920,0,0,0,0,0,0,0,0,0,0,0,NA,NA,NA,NA
58,GLP1RA main_SGLT2I main_Sudden cardiac death,truven_ccae_2324_20230201,0,397219,936040,0,0,0,0,0,0,0,0,0,0,0,NA,NA,NA,NA
58,GLP1RA main_SGLT2I main_Sudden cardiac death,optum_ehr_2247_20221205,0,262584,913790,0,0,0,0,0,0,0,0,0,0,0,NA,NA,NA,NA
58,GLP1RA main_SGLT2I main_Sudden cardiac death,truven_mdcr_2322_20230127,0,120964,150100,0,0,0,0,0,0,0,0,0,0,0,NA,NA,NA,NA
58,GLP1RA main_SGLT2I main_Sudden cardiac death,pmtx_202203_20220831,0,108591,293530,0,0,0,0,0,0,0,0,0,0,0,NA,NA,NA,NA
58,GLP1RA main_SGLT2I main_Sudden cardiac death,VA-OMOP_20230411,0,74531,502090,0,0,0,0,0,0,0,0,0,0,0,NA,NA,NA,NA
58,GLP1RA main_SGLT2I main_Sudden cardiac death,truven_mdcd_2359_20230215,0,36976,171320,0,0,0,0,0,0,0,0,0,0,0,NA,NA,NA,NA
58,GLP1RA main_SGLT2I main_Sudden cardiac death,UK_IMRD_THIN_20221230,0,32984,61890,0,0,0,0,0,0,0,0,0,0,0,NA,NA,NA,NA
58,GLP1RA main_SGLT2I main_Sudden cardiac death,IQVIA_Germany_DA_20230124,0,25687,126110,0,0,0,0,0,0,0,0,0,0,0,NA,NA,NA,NA
58,GLP1RA main_SGLT2I main_Sudden cardiac death,jmdc_2325_20230126,0,15225,30460,0,0,0,0,0,0,0,0,0,0,0,NA,NA,NA,NA
58,GLP1RA main_SGLT2I main_Sudden cardiac death,UK_IMRD_EMIS_20230215,0,13027,29840,0,0,0,0,0,0,0,0,0,0,0,NA,NA,NA,NA
58,GLP1RA main_SGLT2I main_Sudden cardiac death,Japan_Claims_20230215,0,10987,31930,0,0,0,0,0,0,0,0,0,0,0,NA,NA,NA,NA
58,GLP1RA main_SGLT2I main_Sudden cardiac death,JHM_OMOP_20230406,0,7898,21260,0,0,0,0,0,0,0,0,0,0,0,NA,NA,NA,NA
58,GLP1RA main_SGLT2I main_Sudden cardiac death,LPD_Italy_20221226,0,7179,15830,0,0,0,0,0,0,0,0,0,0,0,NA,NA,NA,NA
58,GLP1RA main_SGLT2I main_Sudden cardiac death,France_LPD_20230118,0,5475,21290,0,0,0,0,0,0,0,0,0,0,0,NA,NA,NA,NA
58,GLP1RA main_SGLT2I main_Sudden cardiac death,CUIMC_20221214,0,4366,37640,0,0,0,0,0,0,0,0,0,0,0,NA,NA,NA,NA
58,GLP1RA main_SGLT2I main_Sudden cardiac death,LPD_Spain_20220704,0,3795,12030,0,0,0,0,0,0,0,0,0,0,0,NA,NA,NA,NA
58,GLP1RA main_SGLT2I main_Sudden cardiac death,US_Hospital_20230130,0,2639,14000,0,0,0,0,0,0,0,0,0,0,0,NA,NA,NA,NA
58,GLP1RA main_SGLT2I main_Sudden cardiac death,IQVIA_Belgium_LPD_20221006,0,2208,6490,0,0,0,0,0,0,0,0,0,0,0,NA,NA,NA,NA
58,GLP1RA main_SGLT2I main_Sudden cardiac death,Australia_EMR_20230317,0,835,6300,0,0,0,0,0,0,0,0,0,0,0,NA,NA,NA,NA
58,GLP1RA main_SGLT2I main_Sudden cardiac death,IQVIA_France_DA_20230201,0,728,3130,0,0,0,0,0,0,0,0,0,0,0,NA,NA,NA,NA
58,GLP1RA main_SGLT2I main_Sudden cardiac death,AUSOM_20220228,0,699,3190,0,0,0,0,0,0,0,0,0,0,0,NA,NA,NA,NA
58,GLP1RA main_SGLT2I main_Sudden cardiac death,TMUCRD_20210406,0,433,3150,0,0,0,0,0,0,0,0,0,0,0,NA,NA,NA,NA
58,GLP1RA main_SGLT2I main_Sudden cardiac death,Japan_HIS_20220120,0,108,2830,0,0,0,0,0,0,0,0,0,0,0,NA,NA,NA,NA
58,GLP1RA main_SGLT2I main_Sudden cardiac death,RED_CDM_Tufts_20221005,0,83,1360,0,0,0,0,0,0,0,0,0,0,0,NA,NA,NA,NA
58,GLP1RA main_SGLT2I main_Sudden cardiac death,Keck_Upgraded_OMOP_v5_NA,1,15,80,0,0,0,0,0,0,0,0,0,0,0,NA,NA,NA,NA
58,GLP1RA main_SGLT2I main_Sudden cardiac death,ktph_sg_NA,1,13,20,0,0,NA,0,0,0,0,0,0,0,0,NA,NA,NA,NA
58,GLP1RA main_SGLT2I main_Sudden cardiac death,Klinicki_centar_Crne_Gore_20230101,2,0,0,0,0,0,0,0,0,0,0,0,0,1,NA,NA,NA,NA
58,GLP1RA main_SGLT2I main_Sudden cardiac death,cdm_cds,2,0,0,0,0,0,0,0,0,0,0,1,0,0,NA,NA,NA,NA
58,GLP1RA main_SGLT2I main_Sudden cardiac death,ccpp_v54_20210101,4,0,0,0,0,0,0,0,0,0,1,1,0,1,NA,NA,NA,NA
58,GLP1RA main_SGLT2I main_Sudden cardiac death,premier_2326_20230125,4,0,0,0,0,0,0,0,1,0,1,0,0,1,NA,NA,NA,NA
58,GLP1RA main_SGLT2I main_Sudden cardiac death,HKU-THIN,5,0,-12724481,1,0,NA,0,0,0,0,1,0,1,1,NA,NA,NA,NA
58,GLP1RA main_SGLT2I main_Sudden cardiac death,omop_20190828,NA,NA,48480,NA,0,NA,0,0,NA,0,NA,0,NA,0,NA,NA,NA,NA
59,GLP1RA main_SU main_Sudden cardiac death,US_OPEN_CLAIMS_20230313,0,4114327,19398130,0,0,0,0,0,0,0,0,0,0,0,NA,NA,NA,NA
59,GLP1RA main_SU main_Sudden cardiac death,US_PharMetrics_Plus_20230330,0,845464,2252240,0,0,0,0,0,0,0,0,0,0,0,NA,NA,NA,NA
59,GLP1RA main_SU main_Sudden cardiac death,truven_ccae_2324_20230201,0,772045,1819310,0,0,0,0,0,0,0,0,0,0,0,NA,NA,NA,NA
59,GLP1RA main_SU main_Sudden cardiac death,optum_extended_dod_2323_20230201,0,652061,1434550,0,0,0,0,0,0,0,0,0,0,0,NA,NA,NA,NA
59,GLP1RA main_SU main_Sudden cardiac death,optum_extended_ses_2327_20230204,0,652050,1434530,0,0,0,0,0,0,0,0,0,0,0,NA,NA,NA,NA
59,GLP1RA main_SU main_Sudden cardiac death,optum_ehr_2247_20221205,0,381202,1326580,0,0,0,0,0,0,0,0,0,0,0,NA,NA,NA,NA
59,GLP1RA main_SU main_Sudden cardiac death,truven_mdcr_2322_20230127,0,193421,240010,0,0,0,0,0,0,0,0,0,0,0,NA,NA,NA,NA
59,GLP1RA main_SU main_Sudden cardiac death,pmtx_202203_20220831,0,145186,392450,0,0,0,0,0,0,0,0,0,0,0,NA,NA,NA,NA
59,GLP1RA main_SU main_Sudden cardiac death,VA-OMOP_20230411,0,74531,502090,0,0,0,0,0,0,0,0,0,0,0,NA,NA,NA,NA
59,GLP1RA main_SU main_Sudden cardiac death,truven_mdcd_2359_20230215,0,58097,269180,0,0,0,0,0,0,0,0,0,0,0,NA,NA,NA,NA
59,GLP1RA main_SU main_Sudden cardiac death,UK_IMRD_THIN_20221230,0,32984,61890,0,0,0,0,0,0,0,0,0,0,0,NA,NA,NA,NA
59,GLP1RA main_SU main_Sudden cardiac death,IQVIA_Germany_DA_20230124,0,25687,126110,0,0,0,0,0,0,0,0,0,0,0,NA,NA,NA,NA
59,GLP1RA main_SU main_Sudden cardiac death,France_LPD_20230118,0,17967,69870,0,0,0,0,0,0,0,0,0,0,0,NA,NA,NA,NA
59,GLP1RA main_SU main_Sudden cardiac death,jmdc_2325_20230126,0,15225,30460,0,0,0,0,0,0,0,0,0,0,0,NA,NA,NA,NA
59,GLP1RA main_SU main_Sudden cardiac death,UK_IMRD_EMIS_20230215,0,12232,28020,0,0,0,0,0,0,0,0,0,0,0,NA,NA,NA,NA
59,GLP1RA main_SU main_Sudden cardiac death,JHM_OMOP_20230406,0,11569,31140,0,0,0,0,0,0,0,0,0,0,0,NA,NA,NA,NA
59,GLP1RA main_SU main_Sudden cardiac death,Japan_Claims_20230215,0,10987,31930,0,0,0,0,0,0,0,0,0,0,0,NA,NA,NA,NA
59,GLP1RA main_SU main_Sudden cardiac death,LPD_Italy_20221226,0,8350,18410,0,0,0,0,0,0,0,0,0,0,0,NA,NA,NA,NA
59,GLP1RA main_SU main_Sudden cardiac death,CUIMC_20221214,0,6690,57670,0,0,0,0,0,0,0,0,0,0,0,NA,NA,NA,NA
59,GLP1RA main_SU main_Sudden cardiac death,IQVIA_France_DA_20230201,0,5799,24940,0,0,0,0,0,0,0,0,0,0,0,NA,NA,NA,NA
59,GLP1RA main_SU main_Sudden cardiac death,LPD_Spain_20220704,0,3795,12030,0,0,0,0,0,0,0,0,0,0,0,NA,NA,NA,NA
59,GLP1RA main_SU main_Sudden cardiac death,US_Hospital_20230130,0,2639,14000,0,0,0,0,0,0,0,0,0,0,0,NA,NA,NA,NA
59,GLP1RA main_SU main_Sudden cardiac death,IQVIA_Belgium_LPD_20221006,0,1773,5210,0,0,0,0,0,0,0,0,0,0,0,NA,NA,NA,NA
59,GLP1RA main_SU main_Sudden cardiac death,AUSOM_20220228,0,699,3190,0,0,0,0,0,0,0,0,0,0,0,NA,NA,NA,NA
59,GLP1RA main_SU main_Sudden cardiac death,Australia_EMR_20230317,0,586,4420,0,0,0,0,0,0,0,0,0,0,0,NA,NA,NA,NA
59,GLP1RA main_SU main_Sudden cardiac death,TMUCRD_20210406,0,433,3150,0,0,0,0,0,0,0,0,0,0,0,NA,NA,NA,NA
59,GLP1RA main_SU main_Sudden cardiac death,RED_CDM_Tufts_20221005,0,132,2180,0,0,0,0,0,0,0,0,0,0,0,NA,NA,NA,NA
59,GLP1RA main_SU main_Sudden cardiac death,Japan_HIS_20220120,0,108,2830,0,0,0,0,0,0,0,0,0,0,0,NA,NA,NA,NA
59,GLP1RA main_SU main_Sudden cardiac death,Keck_Upgraded_OMOP_v5_NA,1,15,80,0,0,0,0,0,0,0,0,0,0,0,NA,NA,NA,NA
59,GLP1RA main_SU main_Sudden cardiac death,ktph_sg_NA,1,13,20,0,0,NA,0,0,0,0,0,0,0,0,NA,NA,NA,NA
59,GLP1RA main_SU main_Sudden cardiac death,cdm_cds,2,0,0,0,0,0,0,0,0,0,0,1,0,0,NA,NA,NA,NA
59,GLP1RA main_SU main_Sudden cardiac death,Klinicki_centar_Crne_Gore_20230101,3,0,0,0,0,0,0,0,0,0,1,0,0,1,NA,NA,NA,NA
59,GLP1RA main_SU main_Sudden cardiac death,premier_2326_20230125,3,0,0,0,0,0,0,0,1,0,0,0,0,1,NA,NA,NA,NA
59,GLP1RA main_SU main_Sudden cardiac death,ccpp_v54_20210101,4,0,0,0,0,0,0,0,0,0,1,1,0,1,NA,NA,NA,NA
59,GLP1RA main_SU main_Sudden cardiac death,HKU-THIN,5,0,-12724481,1,0,NA,0,0,0,0,1,0,1,1,NA,NA,NA,NA
59,GLP1RA main_SU main_Sudden cardiac death,omop_20190828,NA,NA,48480,NA,0,NA,0,0,NA,0,NA,0,NA,0,NA,NA,NA,NA
60,SGLT2I main_SU main_Sudden cardiac death,US_OPEN_CLAIMS_20230313,0,2797753,13190780,0,0,0,0,0,0,0,0,0,0,0,NA,NA,NA,NA
60,SGLT2I main_SU main_Sudden cardiac death,US_PharMetrics_Plus_20230330,0,603199,1606870,0,0,0,0,0,0,0,0,0,0,0,NA,NA,NA,NA
60,SGLT2I main_SU main_Sudden cardiac death,optum_extended_ses_2327_20230204,0,433598,953930,0,0,0,0,0,0,0,0,0,0,0,NA,NA,NA,NA
60,SGLT2I main_SU main_Sudden cardiac death,optum_extended_dod_2323_20230201,0,433595,953920,0,0,0,0,0,0,0,0,0,0,0,NA,NA,NA,NA
60,SGLT2I main_SU main_Sudden cardiac death,truven_ccae_2324_20230201,0,397219,936040,0,0,0,0,0,0,0,0,0,0,0,NA,NA,NA,NA
60,SGLT2I main_SU main_Sudden cardiac death,optum_ehr_2247_20221205,0,262584,913790,0,0,0,0,0,0,0,0,0,0,0,NA,NA,NA,NA
60,SGLT2I main_SU main_Sudden cardiac death,truven_mdcr_2322_20230127,0,120964,150100,0,0,0,0,0,0,0,0,0,0,0,NA,NA,NA,NA
60,SGLT2I main_SU main_Sudden cardiac death,pmtx_202203_20220831,0,108591,293530,0,0,0,0,0,0,0,0,0,0,0,NA,NA,NA,NA
60,SGLT2I main_SU main_Sudden cardiac death,jmdc_2325_20230126,0,93462,186980,0,0,0,0,0,0,0,0,0,0,0,NA,NA,NA,NA
60,SGLT2I main_SU main_Sudden cardiac death,VA-OMOP_20230411,0,77503,522110,0,0,0,0,0,0,0,0,0,0,0,NA,NA,NA,NA
60,SGLT2I main_SU main_Sudden cardiac death,Japan_Claims_20230215,0,44250,128600,0,0,0,0,0,0,0,0,0,0,0,NA,NA,NA,NA
60,SGLT2I main_SU main_Sudden cardiac death,UK_IMRD_THIN_20221230,0,40675,76320,0,0,0,0,0,0,0,0,0,0,0,NA,NA,NA,NA
60,SGLT2I main_SU main_Sudden cardiac death,truven_mdcd_2359_20230215,0,36976,171320,0,0,0,0,0,0,0,0,0,0,0,NA,NA,NA,NA
60,SGLT2I main_SU main_Sudden cardiac death,IQVIA_Germany_DA_20230124,0,34376,168770,0,0,0,0,0,0,0,0,0,0,0,NA,NA,NA,NA
60,SGLT2I main_SU main_Sudden cardiac death,UK_IMRD_EMIS_20230215,0,12232,28020,0,0,0,0,0,0,0,0,0,0,0,NA,NA,NA,NA
60,SGLT2I main_SU main_Sudden cardiac death,JHM_OMOP_20230406,0,7898,21260,0,0,0,0,0,0,0,0,0,0,0,NA,NA,NA,NA
60,SGLT2I main_SU main_Sudden cardiac death,LPD_Italy_20221226,0,7179,15830,0,0,0,0,0,0,0,0,0,0,0,NA,NA,NA,NA
60,SGLT2I main_SU main_Sudden cardiac death,LPD_Spain_20220704,0,6161,19530,0,0,0,0,0,0,0,0,0,0,0,NA,NA,NA,NA
60,SGLT2I main_SU main_Sudden cardiac death,US_Hospital_20230130,0,5983,31740,0,0,0,0,0,0,0,0,0,0,0,NA,NA,NA,NA
60,SGLT2I main_SU main_Sudden cardiac death,France_LPD_20230118,0,5475,21290,0,0,0,0,0,0,0,0,0,0,0,NA,NA,NA,NA
60,SGLT2I main_SU main_Sudden cardiac death,CUIMC_20221214,0,4366,37640,0,0,0,0,0,0,0,0,0,0,0,NA,NA,NA,NA
60,SGLT2I main_SU main_Sudden cardiac death,IQVIA_Belgium_LPD_20221006,0,1773,5210,0,0,0,0,0,0,0,0,0,0,0,NA,NA,NA,NA
60,SGLT2I main_SU main_Sudden cardiac death,AUSOM_20220228,0,1500,6850,0,0,0,0,0,0,0,0,0,0,0,NA,NA,NA,NA
60,SGLT2I main_SU main_Sudden cardiac death,TMUCRD_20210406,0,1475,10740,0,0,0,0,0,0,0,0,0,0,0,NA,NA,NA,NA
60,SGLT2I main_SU main_Sudden cardiac death,IQVIA_France_DA_20230201,0,728,3130,0,0,0,0,0,0,0,0,0,0,0,NA,NA,NA,NA
60,SGLT2I main_SU main_Sudden cardiac death,Australia_EMR_20230317,0,586,4420,0,0,0,0,0,0,0,0,0,0,0,NA,NA,NA,NA
60,SGLT2I main_SU main_Sudden cardiac death,Japan_HIS_20220120,0,281,7370,0,0,0,0,0,0,0,0,0,0,0,NA,NA,NA,NA
60,SGLT2I main_SU main_Sudden cardiac death,RED_CDM_Tufts_20221005,0,83,1360,0,0,0,0,0,0,0,0,0,0,0,NA,NA,NA,NA
60,SGLT2I main_SU main_Sudden cardiac death,ktph_sg_NA,1,93,140,0,0,NA,0,0,0,0,0,0,0,0,NA,NA,NA,NA
60,SGLT2I main_SU main_Sudden cardiac death,Keck_Upgraded_OMOP_v5_NA,1,69,370,0,0,0,0,0,0,0,0,0,0,0,NA,NA,NA,NA
60,SGLT2I main_SU main_Sudden cardiac death,Klinicki_centar_Crne_Gore_20230101,2,0,0,0,0,0,0,0,0,0,1,0,0,0,NA,NA,NA,NA
60,SGLT2I main_SU main_Sudden cardiac death,cdm_cds,2,0,0,0,0,0,0,0,0,0,0,1,0,0,NA,NA,NA,NA
60,SGLT2I main_SU main_Sudden cardiac death,premier_2326_20230125,3,0,0,0,0,0,0,0,1,0,0,0,0,1,NA,NA,NA,NA
60,SGLT2I main_SU main_Sudden cardiac death,ccpp_v54_20210101,4,0,0,0,0,0,0,0,0,0,1,1,0,1,NA,NA,NA,NA
60,SGLT2I main_SU main_Sudden cardiac death,HKU-THIN,5,0,-12724481,1,0,NA,0,0,0,0,1,0,1,1,NA,NA,NA,NA
60,SGLT2I main_SU main_Sudden cardiac death,omop_20190828,NA,NA,900220,NA,0,NA,0,0,NA,0,NA,0,NA,NA,NA,NA,NA,NA
61,DPP4I main_GLP1RA main_Abnormal weight gain,US_OPEN_CLAIMS_20230313,0,1860554,14070770,0,0,0,0,0,0,0,0,0,0,0,NA,NA,0,NA
61,DPP4I main_GLP1RA main_Abnormal weight gain,truven_ccae_2324_20230201,0,626883,1477240,0,0,0,0,0,0,0,0,0,0,0,NA,NA,0,NA
61,DPP4I main_GLP1RA main_Abnormal weight gain,optum_extended_dod_2323_20230201,0,440429,1319840,0,0,0,0,0,0,0,0,0,0,0,NA,NA,0,NA
61,DPP4I main_GLP1RA main_Abnormal weight gain,optum_extended_ses_2327_20230204,0,440428,1319840,0,0,0,0,0,0,0,0,0,0,0,NA,NA,0,NA
61,DPP4I main_GLP1RA main_Abnormal weight gain,US_PharMetrics_Plus_20230330,0,424902,1455410,0,0,0,0,0,0,0,0,0,0,0,NA,NA,0,NA
61,DPP4I main_GLP1RA main_Abnormal weight gain,optum_ehr_2247_20221205,0,370449,1326580,0,0,0,0,0,0,0,0,0,0,0,NA,NA,0,NA
61,DPP4I main_GLP1RA main_Abnormal weight gain,truven_mdcr_2322_20230127,0,193421,240010,0,0,0,0,0,0,0,0,0,0,0,NA,NA,0,NA
61,DPP4I main_GLP1RA main_Abnormal weight gain,truven_mdcd_2359_20230215,0,53891,249690,0,0,0,0,0,0,0,0,0,0,0,NA,NA,0,NA
61,DPP4I main_GLP1RA main_Abnormal weight gain,UK_IMRD_THIN_20221230,0,32738,61890,0,0,0,0,0,0,0,0,0,0,0,NA,NA,0,NA
61,DPP4I main_GLP1RA main_Abnormal weight gain,IQVIA_Germany_DA_20230124,0,15574,126110,0,0,0,0,0,0,0,0,0,0,0,NA,NA,0,NA
61,DPP4I main_GLP1RA main_Abnormal weight gain,UK_IMRD_EMIS_20230215,0,12688,29840,0,0,0,0,0,0,0,0,0,0,0,NA,NA,0,NA
61,DPP4I main_GLP1RA main_Abnormal weight gain,Japan_Claims_20230215,0,9462,31930,0,0,0,0,0,0,0,0,0,0,0,NA,NA,0,NA
61,DPP4I main_GLP1RA main_Abnormal weight gain,France_LPD_20230118,0,8663,75340,0,0,0,0,0,0,0,0,0,0,0,NA,NA,0,NA
61,DPP4I main_GLP1RA main_Abnormal weight gain,jmdc_2325_20230126,0,7417,30460,0,0,0,0,0,0,0,0,0,0,0,NA,NA,0,NA
61,DPP4I main_GLP1RA main_Abnormal weight gain,LPD_Italy_20221226,0,5063,18410,0,0,0,0,0,0,0,0,0,0,0,NA,NA,0,NA
61,DPP4I main_GLP1RA main_Abnormal weight gain,LPD_Spain_20220704,0,2864,12030,0,0,0,0,0,0,0,0,0,0,0,NA,NA,0,NA
61,DPP4I main_GLP1RA main_Abnormal weight gain,IQVIA_France_DA_20230201,0,2283,24940,0,0,0,0,0,0,0,0,0,0,0,NA,NA,0,NA
61,DPP4I main_GLP1RA main_Abnormal weight gain,US_Hospital_20230130,0,2062,14000,0,0,0,0,0,0,0,0,0,0,0,NA,NA,0,NA
61,DPP4I main_GLP1RA main_Abnormal weight gain,IQVIA_Belgium_LPD_20221006,0,931,8620,0,0,0,0,0,0,0,0,0,0,0,NA,NA,0,NA
61,DPP4I main_GLP1RA main_Abnormal weight gain,Australia_EMR_20230317,0,359,6300,0,0,0,0,0,0,0,0,0,0,0,NA,NA,0,NA
61,DPP4I main_GLP1RA main_Abnormal weight gain,Japan_HIS_20220120,0,25,2830,0,0,0,0,0,0,0,0,0,0,0,NA,NA,0,NA
61,DPP4I main_GLP1RA main_Abnormal weight gain,VA-OMOP_20230411,2,0,0,0,0,0,0,0,0,0,0,0,0,0,NA,NA,1,NA
61,DPP4I main_GLP1RA main_Abnormal weight gain,Keck_Upgraded_OMOP_v5_NA,2,0,0,0,0,0,0,0,0,0,0,0,0,0,NA,NA,1,NA
61,DPP4I main_GLP1RA main_Abnormal weight gain,AUSOM_20220228,2,0,0,0,0,0,0,0,0,0,0,0,0,0,NA,NA,1,NA
61,DPP4I main_GLP1RA main_Abnormal weight gain,RED_CDM_Tufts_20221005,2,0,0,0,0,0,0,0,0,0,0,0,0,0,NA,NA,1,NA
61,DPP4I main_GLP1RA main_Abnormal weight gain,CUIMC_20221214,2,0,0,0,0,0,0,0,0,0,0,0,0,0,NA,NA,1,NA
61,DPP4I main_GLP1RA main_Abnormal weight gain,JHM_OMOP_20230406,2,0,0,0,0,0,0,0,0,0,0,0,0,0,NA,NA,1,NA
61,DPP4I main_GLP1RA main_Abnormal weight gain,pmtx_202203_20220831,2,0,0,0,0,0,0,0,0,0,0,0,0,0,NA,NA,1,NA
61,DPP4I main_GLP1RA main_Abnormal weight gain,Klinicki_centar_Crne_Gore_20230101,3,0,0,0,0,0,0,0,0,0,1,0,1,0,NA,NA,0,NA
61,DPP4I main_GLP1RA main_Abnormal weight gain,ktph_sg_NA,3,0,0,0,0,NA,0,0,0,0,0,0,1,0,NA,NA,1,NA
61,DPP4I main_GLP1RA main_Abnormal weight gain,TMUCRD_20210406,3,0,0,0,0,0,0,0,0,0,0,0,1,0,NA,NA,1,NA
61,DPP4I main_GLP1RA main_Abnormal weight gain,premier_2326_20230125,3,0,0,0,0,0,0,0,1,0,1,0,0,0,NA,NA,0,NA
61,DPP4I main_GLP1RA main_Abnormal weight gain,cdm_cds,3,0,0,0,0,0,0,0,0,0,0,1,0,0,NA,NA,1,NA
61,DPP4I main_GLP1RA main_Abnormal weight gain,ccpp_v54_20210101,6,0,0,0,0,0,0,0,0,0,1,1,1,1,NA,NA,1,NA
61,DPP4I main_GLP1RA main_Abnormal weight gain,HKU-THIN,6,0,-12724481,1,0,NA,0,0,0,0,1,0,1,1,NA,NA,1,NA
61,DPP4I main_GLP1RA main_Abnormal weight gain,omop_20190828,NA,NA,0,NA,0,NA,0,0,NA,0,0,0,0,NA,NA,NA,1,NA
62,DPP4I main_SGLT2I main_Abnormal weight gain,US_OPEN_CLAIMS_20230313,0,1744195,13190780,0,0,0,0,0,0,0,0,0,0,0,NA,NA,0,NA
62,DPP4I main_SGLT2I main_Abnormal weight gain,US_PharMetrics_Plus_20230330,0,424902,1455410,0,0,0,0,0,0,0,0,0,0,0,NA,NA,0,NA
62,DPP4I main_SGLT2I main_Abnormal weight gain,truven_ccae_2324_20230201,0,397219,936040,0,0,0,0,0,0,0,0,0,0,0,NA,NA,0,NA
62,DPP4I main_SGLT2I main_Abnormal weight gain,optum_extended_ses_2327_20230204,0,318325,953930,0,0,0,0,0,0,0,0,0,0,0,NA,NA,0,NA
62,DPP4I main_SGLT2I main_Abnormal weight gain,optum_extended_dod_2323_20230201,0,318322,953920,0,0,0,0,0,0,0,0,0,0,0,NA,NA,0,NA
62,DPP4I main_SGLT2I main_Abnormal weight gain,optum_ehr_2247_20221205,0,255177,913790,0,0,0,0,0,0,0,0,0,0,0,NA,NA,0,NA
62,DPP4I main_SGLT2I main_Abnormal weight gain,truven_mdcr_2322_20230127,0,120964,150100,0,0,0,0,0,0,0,0,0,0,0,NA,NA,0,NA
62,DPP4I main_SGLT2I main_Abnormal weight gain,jmdc_2325_20230126,0,47621,195580,0,0,0,0,0,0,0,0,0,0,0,NA,NA,0,NA
62,DPP4I main_SGLT2I main_Abnormal weight gain,UK_IMRD_THIN_20221230,0,40372,76320,0,0,0,0,0,0,0,0,0,0,0,NA,NA,0,NA
62,DPP4I main_SGLT2I main_Abnormal weight gain,Japan_Claims_20230215,0,38110,128600,0,0,0,0,0,0,0,0,0,0,0,NA,NA,0,NA
62,DPP4I main_SGLT2I main_Abnormal weight gain,truven_mdcd_2359_20230215,0,36976,171320,0,0,0,0,0,0,0,0,0,0,0,NA,NA,0,NA
62,DPP4I main_SGLT2I main_Abnormal weight gain,IQVIA_Germany_DA_20230124,0,21954,177780,0,0,0,0,0,0,0,0,0,0,0,NA,NA,0,NA
62,DPP4I main_SGLT2I main_Abnormal weight gain,UK_IMRD_EMIS_20230215,0,16353,38460,0,0,0,0,0,0,0,0,0,0,0,NA,NA,0,NA
62,DPP4I main_SGLT2I main_Abnormal weight gain,LPD_Spain_20220704,0,8010,33650,0,0,0,0,0,0,0,0,0,0,0,NA,NA,0,NA
62,DPP4I main_SGLT2I main_Abnormal weight gain,US_Hospital_20230130,0,4675,31740,0,0,0,0,0,0,0,0,0,0,0,NA,NA,0,NA
62,DPP4I main_SGLT2I main_Abnormal weight gain,LPD_Italy_20221226,0,4353,15830,0,0,0,0,0,0,0,0,0,0,0,NA,NA,0,NA
62,DPP4I main_SGLT2I main_Abnormal weight gain,France_LPD_20230118,0,2448,21290,0,0,0,0,0,0,0,0,0,0,0,NA,NA,0,NA
62,DPP4I main_SGLT2I main_Abnormal weight gain,Australia_EMR_20230317,0,1154,20240,0,0,0,0,0,0,0,0,0,0,0,NA,NA,0,NA
62,DPP4I main_SGLT2I main_Abnormal weight gain,IQVIA_Belgium_LPD_20221006,0,701,6490,0,0,0,0,0,0,0,0,0,0,0,NA,NA,0,NA
62,DPP4I main_SGLT2I main_Abnormal weight gain,IQVIA_France_DA_20230201,0,286,3130,0,0,0,0,0,0,0,0,0,0,0,NA,NA,0,NA
62,DPP4I main_SGLT2I main_Abnormal weight gain,Japan_HIS_20220120,0,64,7370,0,0,0,0,0,0,0,0,0,0,0,NA,NA,0,NA
62,DPP4I main_SGLT2I main_Abnormal weight gain,Klinicki_centar_Crne_Gore_20230101,2,4,50,0,0,0,0,0,0,0,0,0,1,0,NA,NA,0,NA
62,DPP4I main_SGLT2I main_Abnormal weight gain,VA-OMOP_20230411,2,0,0,0,0,0,0,0,0,0,0,0,0,0,NA,NA,1,NA
62,DPP4I main_SGLT2I main_Abnormal weight gain,Keck_Upgraded_OMOP_v5_NA,2,0,0,0,0,0,0,0,0,0,0,0,0,0,NA,NA,1,NA
62,DPP4I main_SGLT2I main_Abnormal weight gain,AUSOM_20220228,2,0,0,0,0,0,0,0,0,0,0,0,0,0,NA,NA,1,NA
62,DPP4I main_SGLT2I main_Abnormal weight gain,RED_CDM_Tufts_20221005,2,0,0,0,0,0,0,0,0,0,0,0,0,0,NA,NA,1,NA
62,DPP4I main_SGLT2I main_Abnormal weight gain,CUIMC_20221214,2,0,0,0,0,0,0,0,0,0,0,0,0,0,NA,NA,1,NA
62,DPP4I main_SGLT2I main_Abnormal weight gain,JHM_OMOP_20230406,2,0,0,0,0,0,0,0,0,0,0,0,0,0,NA,NA,1,NA
62,DPP4I main_SGLT2I main_Abnormal weight gain,pmtx_202203_20220831,2,0,0,0,0,0,0,0,0,0,0,0,0,0,NA,NA,1,NA
62,DPP4I main_SGLT2I main_Abnormal weight gain,ktph_sg_NA,3,0,0,0,0,NA,0,0,0,0,0,0,1,0,NA,NA,1,NA
62,DPP4I main_SGLT2I main_Abnormal weight gain,TMUCRD_20210406,3,0,0,0,0,0,0,0,0,0,0,0,1,0,NA,NA,1,NA
62,DPP4I main_SGLT2I main_Abnormal weight gain,premier_2326_20230125,3,0,0,0,0,0,0,0,1,0,1,0,0,0,NA,NA,0,NA
62,DPP4I main_SGLT2I main_Abnormal weight gain,cdm_cds,3,0,0,0,0,0,0,0,0,0,0,1,0,0,NA,NA,1,NA
62,DPP4I main_SGLT2I main_Abnormal weight gain,ccpp_v54_20210101,6,0,0,0,0,0,0,0,0,0,1,1,1,1,NA,NA,1,NA
62,DPP4I main_SGLT2I main_Abnormal weight gain,HKU-THIN,6,0,-12724481,1,0,NA,0,0,0,0,1,0,1,1,NA,NA,1,NA
62,DPP4I main_SGLT2I main_Abnormal weight gain,omop_20190828,NA,NA,0,NA,0,NA,0,0,NA,0,NA,0,0,NA,NA,NA,1,NA
63,DPP4I main_SU main_Abnormal weight gain,US_OPEN_CLAIMS_20230313,0,1860554,14070770,0,0,0,0,0,0,0,0,0,0,0,NA,NA,0,NA
63,DPP4I main_SU main_Abnormal weight gain,truven_ccae_2324_20230201,0,626883,1477240,0,0,0,0,0,0,0,0,0,0,0,NA,NA,0,NA
63,DPP4I main_SU main_Abnormal weight gain,optum_extended_dod_2323_20230201,0,440429,1319840,0,0,0,0,0,0,0,0,0,0,0,NA,NA,0,NA
63,DPP4I main_SU main_Abnormal weight gain,optum_extended_ses_2327_20230204,0,440428,1319840,0,0,0,0,0,0,0,0,0,0,0,NA,NA,0,NA
63,DPP4I main_SU main_Abnormal weight gain,optum_ehr_2247_20221205,0,437257,1565820,0,0,0,0,0,0,0,0,0,0,0,NA,NA,0,NA
63,DPP4I main_SU main_Abnormal weight gain,US_PharMetrics_Plus_20230330,0,424902,1455410,0,0,0,0,0,0,0,0,0,0,0,NA,NA,0,NA
63,DPP4I main_SU main_Abnormal weight gain,truven_mdcr_2322_20230127,0,388236,481750,0,0,0,0,0,0,0,0,0,0,0,NA,NA,0,NA
63,DPP4I main_SU main_Abnormal weight gain,Japan_Claims_20230215,0,54486,183860,0,0,0,0,0,0,0,0,0,0,0,NA,NA,0,NA
63,DPP4I main_SU main_Abnormal weight gain,truven_mdcd_2359_20230215,0,53891,249690,0,0,0,0,0,0,0,0,0,0,0,NA,NA,0,NA
63,DPP4I main_SU main_Abnormal weight gain,US_Hospital_20230130,0,49058,333060,0,0,0,0,0,0,0,0,0,0,0,NA,NA,0,NA
63,DPP4I main_SU main_Abnormal weight gain,UK_IMRD_THIN_20221230,0,45878,86730,0,0,0,0,0,0,0,0,0,0,0,NA,NA,0,NA
63,DPP4I main_SU main_Abnormal weight gain,jmdc_2325_20230126,0,45527,186980,0,0,0,0,0,0,0,0,0,0,0,NA,NA,0,NA
63,DPP4I main_SU main_Abnormal weight gain,IQVIA_Germany_DA_20230124,0,20842,168770,0,0,0,0,0,0,0,0,0,0,0,NA,NA,0,NA
63,DPP4I main_SU main_Abnormal weight gain,UK_IMRD_EMIS_20230215,0,11914,28020,0,0,0,0,0,0,0,0,0,0,0,NA,NA,0,NA
63,DPP4I main_SU main_Abnormal weight gain,LPD_Italy_20221226,0,9504,34560,0,0,0,0,0,0,0,0,0,0,0,NA,NA,0,NA
63,DPP4I main_SU main_Abnormal weight gain,France_LPD_20230118,0,8034,69870,0,0,0,0,0,0,0,0,0,0,0,NA,NA,0,NA
63,DPP4I main_SU main_Abnormal weight gain,LPD_Spain_20220704,0,4649,19530,0,0,0,0,0,0,0,0,0,0,0,NA,NA,0,NA
63,DPP4I main_SU main_Abnormal weight gain,IQVIA_France_DA_20230201,0,3246,35460,0,0,0,0,0,0,0,0,0,0,0,NA,NA,0,NA
63,DPP4I main_SU main_Abnormal weight gain,IQVIA_Belgium_LPD_20221006,0,562,5210,0,0,0,0,0,0,0,0,0,0,0,NA,NA,0,NA
63,DPP4I main_SU main_Abnormal weight gain,Australia_EMR_20230317,0,252,4420,0,0,0,0,0,0,0,0,0,0,0,NA,NA,0,NA
63,DPP4I main_SU main_Abnormal weight gain,Japan_HIS_20220120,0,102,11790,0,0,0,0,0,0,0,0,0,0,0,NA,NA,0,NA
63,DPP4I main_SU main_Abnormal weight gain,premier_2326_20230125,1,6525,914680,0,0,0,0,0,1,0,0,0,0,0,NA,NA,0,NA
63,DPP4I main_SU main_Abnormal weight gain,VA-OMOP_20230411,2,0,0,0,0,0,0,0,0,0,0,0,0,0,NA,NA,1,NA
63,DPP4I main_SU main_Abnormal weight gain,Keck_Upgraded_OMOP_v5_NA,2,0,0,0,0,0,0,0,0,0,0,0,0,0,NA,NA,1,NA
63,DPP4I main_SU main_Abnormal weight gain,AUSOM_20220228,2,0,0,0,0,0,0,0,0,0,0,0,0,0,NA,NA,1,NA
63,DPP4I main_SU main_Abnormal weight gain,RED_CDM_Tufts_20221005,2,0,0,0,0,0,0,0,0,0,0,0,0,0,NA,NA,1,NA
63,DPP4I main_SU main_Abnormal weight gain,CUIMC_20221214,2,0,0,0,0,0,0,0,0,0,0,0,0,0,NA,NA,1,NA
63,DPP4I main_SU main_Abnormal weight gain,JHM_OMOP_20230406,2,0,0,0,0,0,0,0,0,0,0,0,0,0,NA,NA,1,NA
63,DPP4I main_SU main_Abnormal weight gain,pmtx_202203_20220831,2,0,0,0,0,0,0,0,0,0,0,0,0,0,NA,NA,1,NA
63,DPP4I main_SU main_Abnormal weight gain,Klinicki_centar_Crne_Gore_20230101,3,0,0,0,0,0,0,0,0,0,1,0,1,0,NA,NA,0,NA
63,DPP4I main_SU main_Abnormal weight gain,ktph_sg_NA,3,0,0,0,0,NA,0,0,0,0,0,0,1,0,NA,NA,1,NA
63,DPP4I main_SU main_Abnormal weight gain,TMUCRD_20210406,3,0,0,0,0,0,0,0,0,0,0,0,1,0,NA,NA,1,NA
63,DPP4I main_SU main_Abnormal weight gain,cdm_cds,3,0,0,0,0,0,0,0,0,0,0,1,0,0,NA,NA,1,NA
63,DPP4I main_SU main_Abnormal weight gain,ccpp_v54_20210101,6,0,0,0,0,0,0,0,0,0,1,1,1,1,NA,NA,1,NA
63,DPP4I main_SU main_Abnormal weight gain,HKU-THIN,6,0,-12724481,1,0,NA,0,0,0,0,1,0,1,1,NA,NA,1,NA
63,DPP4I main_SU main_Abnormal weight gain,omop_20190828,NA,NA,0,NA,0,NA,0,0,NA,0,NA,0,0,NA,NA,NA,1,NA
64,GLP1RA main_SGLT2I main_Abnormal weight gain,US_OPEN_CLAIMS_20230313,0,1744195,13190780,0,0,0,0,0,0,0,0,0,0,0,NA,NA,0,NA
64,GLP1RA main_SGLT2I main_Abnormal weight gain,US_PharMetrics_Plus_20230330,0,469120,1606870,0,0,0,0,0,0,0,0,0,0,0,NA,NA,0,NA
64,GLP1RA main_SGLT2I main_Abnormal weight gain,truven_ccae_2324_20230201,0,397219,936040,0,0,0,0,0,0,0,0,0,0,0,NA,NA,0,NA
64,GLP1RA main_SGLT2I main_Abnormal weight gain,optum_extended_ses_2327_20230204,0,318325,953930,0,0,0,0,0,0,0,0,0,0,0,NA,NA,0,NA
64,GLP1RA main_SGLT2I main_Abnormal weight gain,optum_extended_dod_2323_20230201,0,318322,953920,0,0,0,0,0,0,0,0,0,0,0,NA,NA,0,NA
64,GLP1RA main_SGLT2I main_Abnormal weight gain,optum_ehr_2247_20221205,0,255177,913790,0,0,0,0,0,0,0,0,0,0,0,NA,NA,0,NA
64,GLP1RA main_SGLT2I main_Abnormal weight gain,truven_mdcr_2322_20230127,0,120964,150100,0,0,0,0,0,0,0,0,0,0,0,NA,NA,0,NA
64,GLP1RA main_SGLT2I main_Abnormal weight gain,truven_mdcd_2359_20230215,0,36976,171320,0,0,0,0,0,0,0,0,0,0,0,NA,NA,0,NA
64,GLP1RA main_SGLT2I main_Abnormal weight gain,UK_IMRD_THIN_20221230,0,32738,61890,0,0,0,0,0,0,0,0,0,0,0,NA,NA,0,NA
64,GLP1RA main_SGLT2I main_Abnormal weight gain,IQVIA_Germany_DA_20230124,0,15574,126110,0,0,0,0,0,0,0,0,0,0,0,NA,NA,0,NA
64,GLP1RA main_SGLT2I main_Abnormal weight gain,UK_IMRD_EMIS_20230215,0,12688,29840,0,0,0,0,0,0,0,0,0,0,0,NA,NA,0,NA
64,GLP1RA main_SGLT2I main_Abnormal weight gain,Japan_Claims_20230215,0,9462,31930,0,0,0,0,0,0,0,0,0,0,0,NA,NA,0,NA
64,GLP1RA main_SGLT2I main_Abnormal weight gain,jmdc_2325_20230126,0,7417,30460,0,0,0,0,0,0,0,0,0,0,0,NA,NA,0,NA
64,GLP1RA main_SGLT2I main_Abnormal weight gain,LPD_Italy_20221226,0,4353,15830,0,0,0,0,0,0,0,0,0,0,0,NA,NA,0,NA
64,GLP1RA main_SGLT2I main_Abnormal weight gain,LPD_Spain_20220704,0,2864,12030,0,0,0,0,0,0,0,0,0,0,0,NA,NA,0,NA
64,GLP1RA main_SGLT2I main_Abnormal weight gain,France_LPD_20230118,0,2448,21290,0,0,0,0,0,0,0,0,0,0,0,NA,NA,0,NA
64,GLP1RA main_SGLT2I main_Abnormal weight gain,US_Hospital_20230130,0,2062,14000,0,0,0,0,0,0,0,0,0,0,0,NA,NA,0,NA
64,GLP1RA main_SGLT2I main_Abnormal weight gain,IQVIA_Belgium_LPD_20221006,0,701,6490,0,0,0,0,0,0,0,0,0,0,0,NA,NA,0,NA
64,GLP1RA main_SGLT2I main_Abnormal weight gain,Australia_EMR_20230317,0,359,6300,0,0,0,0,0,0,0,0,0,0,0,NA,NA,0,NA
64,GLP1RA main_SGLT2I main_Abnormal weight gain,IQVIA_France_DA_20230201,0,286,3130,0,0,0,0,0,0,0,0,0,0,0,NA,NA,0,NA
64,GLP1RA main_SGLT2I main_Abnormal weight gain,Japan_HIS_20220120,0,25,2830,0,0,0,0,0,0,0,0,0,0,0,NA,NA,0,NA
64,GLP1RA main_SGLT2I main_Abnormal weight gain,VA-OMOP_20230411,2,0,0,0,0,0,0,0,0,0,0,0,0,0,NA,NA,1,NA
64,GLP1RA main_SGLT2I main_Abnormal weight gain,Keck_Upgraded_OMOP_v5_NA,2,0,0,0,0,0,0,0,0,0,0,0,0,0,NA,NA,1,NA
64,GLP1RA main_SGLT2I main_Abnormal weight gain,AUSOM_20220228,2,0,0,0,0,0,0,0,0,0,0,0,0,0,NA,NA,1,NA
64,GLP1RA main_SGLT2I main_Abnormal weight gain,RED_CDM_Tufts_20221005,2,0,0,0,0,0,0,0,0,0,0,0,0,0,NA,NA,1,NA
64,GLP1RA main_SGLT2I main_Abnormal weight gain,CUIMC_20221214,2,0,0,0,0,0,0,0,0,0,0,0,0,0,NA,NA,1,NA
64,GLP1RA main_SGLT2I main_Abnormal weight gain,JHM_OMOP_20230406,2,0,0,0,0,0,0,0,0,0,0,0,0,0,NA,NA,1,NA
64,GLP1RA main_SGLT2I main_Abnormal weight gain,pmtx_202203_20220831,2,0,0,0,0,0,0,0,0,0,0,0,0,0,NA,NA,1,NA
64,GLP1RA main_SGLT2I main_Abnormal weight gain,Klinicki_centar_Crne_Gore_20230101,3,0,0,0,0,0,0,0,0,0,0,0,1,1,NA,NA,0,NA
64,GLP1RA main_SGLT2I main_Abnormal weight gain,ktph_sg_NA,3,0,0,0,0,NA,0,0,0,0,0,0,1,0,NA,NA,1,NA
64,GLP1RA main_SGLT2I main_Abnormal weight gain,TMUCRD_20210406,3,0,0,0,0,0,0,0,0,0,0,0,1,0,NA,NA,1,NA
64,GLP1RA main_SGLT2I main_Abnormal weight gain,cdm_cds,3,0,0,0,0,0,0,0,0,0,0,1,0,0,NA,NA,1,NA
64,GLP1RA main_SGLT2I main_Abnormal weight gain,premier_2326_20230125,4,0,0,0,0,0,0,0,1,0,1,0,0,1,NA,NA,0,NA
64,GLP1RA main_SGLT2I main_Abnormal weight gain,ccpp_v54_20210101,6,0,0,0,0,0,0,0,0,0,1,1,1,1,NA,NA,1,NA
64,GLP1RA main_SGLT2I main_Abnormal weight gain,HKU-THIN,6,0,-12724481,1,0,NA,0,0,0,0,1,0,1,1,NA,NA,1,NA
64,GLP1RA main_SGLT2I main_Abnormal weight gain,omop_20190828,NA,NA,0,NA,0,NA,0,0,NA,0,NA,0,0,0,NA,NA,1,NA
65,GLP1RA main_SU main_Abnormal weight gain,US_OPEN_CLAIMS_20230313,0,2564982,19398130,0,0,0,0,0,0,0,0,0,0,0,NA,NA,0,NA
65,GLP1RA main_SU main_Abnormal weight gain,truven_ccae_2324_20230201,0,772045,1819310,0,0,0,0,0,0,0,0,0,0,0,NA,NA,0,NA
65,GLP1RA main_SU main_Abnormal weight gain,US_PharMetrics_Plus_20230330,0,657533,2252240,0,0,0,0,0,0,0,0,0,0,0,NA,NA,0,NA
65,GLP1RA main_SU main_Abnormal weight gain,optum_extended_dod_2323_20230201,0,478708,1434550,0,0,0,0,0,0,0,0,0,0,0,NA,NA,0,NA
65,GLP1RA main_SU main_Abnormal weight gain,optum_extended_ses_2327_20230204,0,478700,1434530,0,0,0,0,0,0,0,0,0,0,0,NA,NA,0,NA
65,GLP1RA main_SU main_Abnormal weight gain,optum_ehr_2247_20221205,0,370449,1326580,0,0,0,0,0,0,0,0,0,0,0,NA,NA,0,NA
65,GLP1RA main_SU main_Abnormal weight gain,truven_mdcr_2322_20230127,0,193421,240010,0,0,0,0,0,0,0,0,0,0,0,NA,NA,0,NA
65,GLP1RA main_SU main_Abnormal weight gain,truven_mdcd_2359_20230215,0,58097,269180,0,0,0,0,0,0,0,0,0,0,0,NA,NA,0,NA
65,GLP1RA main_SU main_Abnormal weight gain,UK_IMRD_THIN_20221230,0,32738,61890,0,0,0,0,0,0,0,0,0,0,0,NA,NA,0,NA
65,GLP1RA main_SU main_Abnormal weight gain,IQVIA_Germany_DA_20230124,0,15574,126110,0,0,0,0,0,0,0,0,0,0,0,NA,NA,0,NA
65,GLP1RA main_SU main_Abnormal weight gain,UK_IMRD_EMIS_20230215,0,11914,28020,0,0,0,0,0,0,0,0,0,0,0,NA,NA,0,NA
65,GLP1RA main_SU main_Abnormal weight gain,Japan_Claims_20230215,0,9462,31930,0,0,0,0,0,0,0,0,0,0,0,NA,NA,0,NA
65,GLP1RA main_SU main_Abnormal weight gain,France_LPD_20230118,0,8034,69870,0,0,0,0,0,0,0,0,0,0,0,NA,NA,0,NA
65,GLP1RA main_SU main_Abnormal weight gain,jmdc_2325_20230126,0,7417,30460,0,0,0,0,0,0,0,0,0,0,0,NA,NA,0,NA
65,GLP1RA main_SU main_Abnormal weight gain,LPD_Italy_20221226,0,5063,18410,0,0,0,0,0,0,0,0,0,0,0,NA,NA,0,NA
65,GLP1RA main_SU main_Abnormal weight gain,LPD_Spain_20220704,0,2864,12030,0,0,0,0,0,0,0,0,0,0,0,NA,NA,0,NA
65,GLP1RA main_SU main_Abnormal weight gain,IQVIA_France_DA_20230201,0,2283,24940,0,0,0,0,0,0,0,0,0,0,0,NA,NA,0,NA
65,GLP1RA main_SU main_Abnormal weight gain,US_Hospital_20230130,0,2062,14000,0,0,0,0,0,0,0,0,0,0,0,NA,NA,0,NA
65,GLP1RA main_SU main_Abnormal weight gain,IQVIA_Belgium_LPD_20221006,0,562,5210,0,0,0,0,0,0,0,0,0,0,0,NA,NA,0,NA
65,GLP1RA main_SU main_Abnormal weight gain,Australia_EMR_20230317,0,252,4420,0,0,0,0,0,0,0,0,0,0,0,NA,NA,0,NA
65,GLP1RA main_SU main_Abnormal weight gain,Japan_HIS_20220120,0,25,2830,0,0,0,0,0,0,0,0,0,0,0,NA,NA,0,NA
65,GLP1RA main_SU main_Abnormal weight gain,VA-OMOP_20230411,2,0,0,0,0,0,0,0,0,0,0,0,0,0,NA,NA,1,NA
65,GLP1RA main_SU main_Abnormal weight gain,Keck_Upgraded_OMOP_v5_NA,2,0,0,0,0,0,0,0,0,0,0,0,0,0,NA,NA,1,NA
65,GLP1RA main_SU main_Abnormal weight gain,AUSOM_20220228,2,0,0,0,0,0,0,0,0,0,0,0,0,0,NA,NA,1,NA
65,GLP1RA main_SU main_Abnormal weight gain,RED_CDM_Tufts_20221005,2,0,0,0,0,0,0,0,0,0,0,0,0,0,NA,NA,1,NA
65,GLP1RA main_SU main_Abnormal weight gain,CUIMC_20221214,2,0,0,0,0,0,0,0,0,0,0,0,0,0,NA,NA,1,NA
65,GLP1RA main_SU main_Abnormal weight gain,JHM_OMOP_20230406,2,0,0,0,0,0,0,0,0,0,0,0,0,0,NA,NA,1,NA
65,GLP1RA main_SU main_Abnormal weight gain,pmtx_202203_20220831,2,0,0,0,0,0,0,0,0,0,0,0,0,0,NA,NA,1,NA
65,GLP1RA main_SU main_Abnormal weight gain,ktph_sg_NA,3,0,0,0,0,NA,0,0,0,0,0,0,1,0,NA,NA,1,NA
65,GLP1RA main_SU main_Abnormal weight gain,TMUCRD_20210406,3,0,0,0,0,0,0,0,0,0,0,0,1,0,NA,NA,1,NA
65,GLP1RA main_SU main_Abnormal weight gain,premier_2326_20230125,3,0,0,0,0,0,0,0,1,0,0,0,0,1,NA,NA,0,NA
65,GLP1RA main_SU main_Abnormal weight gain,cdm_cds,3,0,0,0,0,0,0,0,0,0,0,1,0,0,NA,NA,1,NA
65,GLP1RA main_SU main_Abnormal weight gain,Klinicki_centar_Crne_Gore_20230101,4,0,0,0,0,0,0,0,0,0,1,0,1,1,NA,NA,0,NA
65,GLP1RA main_SU main_Abnormal weight gain,ccpp_v54_20210101,6,0,0,0,0,0,0,0,0,0,1,1,1,1,NA,NA,1,NA
65,GLP1RA main_SU main_Abnormal weight gain,HKU-THIN,6,0,-12724481,1,0,NA,0,0,0,0,1,0,1,1,NA,NA,1,NA
65,GLP1RA main_SU main_Abnormal weight gain,omop_20190828,NA,NA,0,NA,0,NA,0,0,NA,0,NA,0,0,0,NA,NA,1,NA
66,SGLT2I main_SU main_Abnormal weight gain,US_OPEN_CLAIMS_20230313,0,1744195,13190780,0,0,0,0,0,0,0,0,0,0,0,NA,NA,0,NA
66,SGLT2I main_SU main_Abnormal weight gain,US_PharMetrics_Plus_20230330,0,469120,1606870,0,0,0,0,0,0,0,0,0,0,0,NA,NA,0,NA
66,SGLT2I main_SU main_Abnormal weight gain,truven_ccae_2324_20230201,0,397219,936040,0,0,0,0,0,0,0,0,0,0,0,NA,NA,0,NA
66,SGLT2I main_SU main_Abnormal weight gain,optum_extended_ses_2327_20230204,0,318325,953930,0,0,0,0,0,0,0,0,0,0,0,NA,NA,0,NA
66,SGLT2I main_SU main_Abnormal weight gain,optum_extended_dod_2323_20230201,0,318322,953920,0,0,0,0,0,0,0,0,0,0,0,NA,NA,0,NA
66,SGLT2I main_SU main_Abnormal weight gain,optum_ehr_2247_20221205,0,255177,913790,0,0,0,0,0,0,0,0,0,0,0,NA,NA,0,NA
66,SGLT2I main_SU main_Abnormal weight gain,truven_mdcr_2322_20230127,0,120964,150100,0,0,0,0,0,0,0,0,0,0,0,NA,NA,0,NA
66,SGLT2I main_SU main_Abnormal weight gain,jmdc_2325_20230126,0,45527,186980,0,0,0,0,0,0,0,0,0,0,0,NA,NA,0,NA
66,SGLT2I main_SU main_Abnormal weight gain,UK_IMRD_THIN_20221230,0,40372,76320,0,0,0,0,0,0,0,0,0,0,0,NA,NA,0,NA
66,SGLT2I main_SU main_Abnormal weight gain,Japan_Claims_20230215,0,38110,128600,0,0,0,0,0,0,0,0,0,0,0,NA,NA,0,NA
66,SGLT2I main_SU main_Abnormal weight gain,truven_mdcd_2359_20230215,0,36976,171320,0,0,0,0,0,0,0,0,0,0,0,NA,NA,0,NA
66,SGLT2I main_SU main_Abnormal weight gain,IQVIA_Germany_DA_20230124,0,20842,168770,0,0,0,0,0,0,0,0,0,0,0,NA,NA,0,NA
66,SGLT2I main_SU main_Abnormal weight gain,UK_IMRD_EMIS_20230215,0,11914,28020,0,0,0,0,0,0,0,0,0,0,0,NA,NA,0,NA
66,SGLT2I main_SU main_Abnormal weight gain,US_Hospital_20230130,0,4675,31740,0,0,0,0,0,0,0,0,0,0,0,NA,NA,0,NA
66,SGLT2I main_SU main_Abnormal weight gain,LPD_Spain_20220704,0,4649,19530,0,0,0,0,0,0,0,0,0,0,0,NA,NA,0,NA
66,SGLT2I main_SU main_Abnormal weight gain,LPD_Italy_20221226,0,4353,15830,0,0,0,0,0,0,0,0,0,0,0,NA,NA,0,NA
66,SGLT2I main_SU main_Abnormal weight gain,France_LPD_20230118,0,2448,21290,0,0,0,0,0,0,0,0,0,0,0,NA,NA,0,NA
66,SGLT2I main_SU main_Abnormal weight gain,IQVIA_Belgium_LPD_20221006,0,562,5210,0,0,0,0,0,0,0,0,0,0,0,NA,NA,0,NA
66,SGLT2I main_SU main_Abnormal weight gain,IQVIA_France_DA_20230201,0,286,3130,0,0,0,0,0,0,0,0,0,0,0,NA,NA,0,NA
66,SGLT2I main_SU main_Abnormal weight gain,Australia_EMR_20230317,0,252,4420,0,0,0,0,0,0,0,0,0,0,0,NA,NA,0,NA
66,SGLT2I main_SU main_Abnormal weight gain,Japan_HIS_20220120,0,64,7370,0,0,0,0,0,0,0,0,0,0,0,NA,NA,0,NA
66,SGLT2I main_SU main_Abnormal weight gain,VA-OMOP_20230411,2,0,0,0,0,0,0,0,0,0,0,0,0,0,NA,NA,1,NA
66,SGLT2I main_SU main_Abnormal weight gain,Keck_Upgraded_OMOP_v5_NA,2,0,0,0,0,0,0,0,0,0,0,0,0,0,NA,NA,1,NA
66,SGLT2I main_SU main_Abnormal weight gain,AUSOM_20220228,2,0,0,0,0,0,0,0,0,0,0,0,0,0,NA,NA,1,NA
66,SGLT2I main_SU main_Abnormal weight gain,RED_CDM_Tufts_20221005,2,0,0,0,0,0,0,0,0,0,0,0,0,0,NA,NA,1,NA
66,SGLT2I main_SU main_Abnormal weight gain,CUIMC_20221214,2,0,0,0,0,0,0,0,0,0,0,0,0,0,NA,NA,1,NA
66,SGLT2I main_SU main_Abnormal weight gain,JHM_OMOP_20230406,2,0,0,0,0,0,0,0,0,0,0,0,0,0,NA,NA,1,NA
66,SGLT2I main_SU main_Abnormal weight gain,pmtx_202203_20220831,2,0,0,0,0,0,0,0,0,0,0,0,0,0,NA,NA,1,NA
66,SGLT2I main_SU main_Abnormal weight gain,Klinicki_centar_Crne_Gore_20230101,3,0,0,0,0,0,0,0,0,0,1,0,1,0,NA,NA,0,NA
66,SGLT2I main_SU main_Abnormal weight gain,ktph_sg_NA,3,0,0,0,0,NA,0,0,0,0,0,0,1,0,NA,NA,1,NA
66,SGLT2I main_SU main_Abnormal weight gain,TMUCRD_20210406,3,0,0,0,0,0,0,0,0,0,0,0,1,0,NA,NA,1,NA
66,SGLT2I main_SU main_Abnormal weight gain,premier_2326_20230125,3,0,0,0,0,0,0,0,1,0,0,0,0,1,NA,NA,0,NA
66,SGLT2I main_SU main_Abnormal weight gain,cdm_cds,3,0,0,0,0,0,0,0,0,0,0,1,0,0,NA,NA,1,NA
66,SGLT2I main_SU main_Abnormal weight gain,ccpp_v54_20210101,6,0,0,0,0,0,0,0,0,0,1,1,1,1,NA,NA,1,NA
66,SGLT2I main_SU main_Abnormal weight gain,HKU-THIN,6,0,-12724481,1,0,NA,0,0,0,0,1,0,1,1,NA,NA,1,NA
66,SGLT2I main_SU main_Abnormal weight gain,omop_20190828,NA,NA,0,NA,0,NA,0,0,NA,0,NA,0,0,NA,NA,NA,1,NA
67,DPP4I main_GLP1RA main_Abnormal weight loss,US_OPEN_CLAIMS_20230313,0,1860554,14070770,0,0,0,0,0,0,0,0,0,0,0,NA,NA,0,NA
67,DPP4I main_GLP1RA main_Abnormal weight loss,truven_ccae_2324_20230201,0,626883,1477240,0,0,0,0,0,0,0,0,0,0,0,NA,NA,0,NA
67,DPP4I main_GLP1RA main_Abnormal weight loss,optum_extended_dod_2323_20230201,0,440429,1319840,0,0,0,0,0,0,0,0,0,0,0,NA,NA,0,NA
67,DPP4I main_GLP1RA main_Abnormal weight loss,optum_extended_ses_2327_20230204,0,440428,1319840,0,0,0,0,0,0,0,0,0,0,0,NA,NA,0,NA
67,DPP4I main_GLP1RA main_Abnormal weight loss,US_PharMetrics_Plus_20230330,0,424902,1455410,0,0,0,0,0,0,0,0,0,0,0,NA,NA,0,NA
67,DPP4I main_GLP1RA main_Abnormal weight loss,optum_ehr_2247_20221205,0,370449,1326580,0,0,0,0,0,0,0,0,0,0,0,NA,NA,0,NA
67,DPP4I main_GLP1RA main_Abnormal weight loss,truven_mdcr_2322_20230127,0,193421,240010,0,0,0,0,0,0,0,0,0,0,0,NA,NA,0,NA
67,DPP4I main_GLP1RA main_Abnormal weight loss,truven_mdcd_2359_20230215,0,53891,249690,0,0,0,0,0,0,0,0,0,0,0,NA,NA,0,NA
67,DPP4I main_GLP1RA main_Abnormal weight loss,UK_IMRD_THIN_20221230,0,32738,61890,0,0,0,0,0,0,0,0,0,0,0,NA,NA,0,NA
67,DPP4I main_GLP1RA main_Abnormal weight loss,IQVIA_Germany_DA_20230124,0,15574,126110,0,0,0,0,0,0,0,0,0,0,0,NA,NA,0,NA
67,DPP4I main_GLP1RA main_Abnormal weight loss,UK_IMRD_EMIS_20230215,0,12688,29840,0,0,0,0,0,0,0,0,0,0,0,NA,NA,0,NA
67,DPP4I main_GLP1RA main_Abnormal weight loss,Japan_Claims_20230215,0,9462,31930,0,0,0,0,0,0,0,0,0,0,0,NA,NA,0,NA
67,DPP4I main_GLP1RA main_Abnormal weight loss,France_LPD_20230118,0,8663,75340,0,0,0,0,0,0,0,0,0,0,0,NA,NA,0,NA
67,DPP4I main_GLP1RA main_Abnormal weight loss,jmdc_2325_20230126,0,7417,30460,0,0,0,0,0,0,0,0,0,0,0,NA,NA,0,NA
67,DPP4I main_GLP1RA main_Abnormal weight loss,LPD_Italy_20221226,0,5063,18410,0,0,0,0,0,0,0,0,0,0,0,NA,NA,0,NA
67,DPP4I main_GLP1RA main_Abnormal weight loss,LPD_Spain_20220704,0,2864,12030,0,0,0,0,0,0,0,0,0,0,0,NA,NA,0,NA
67,DPP4I main_GLP1RA main_Abnormal weight loss,IQVIA_France_DA_20230201,0,2283,24940,0,0,0,0,0,0,0,0,0,0,0,NA,NA,0,NA
67,DPP4I main_GLP1RA main_Abnormal weight loss,US_Hospital_20230130,0,2062,14000,0,0,0,0,0,0,0,0,0,0,0,NA,NA,0,NA
67,DPP4I main_GLP1RA main_Abnormal weight loss,IQVIA_Belgium_LPD_20221006,0,931,8620,0,0,0,0,0,0,0,0,0,0,0,NA,NA,0,NA
67,DPP4I main_GLP1RA main_Abnormal weight loss,Australia_EMR_20230317,0,359,6300,0,0,0,0,0,0,0,0,0,0,0,NA,NA,0,NA
67,DPP4I main_GLP1RA main_Abnormal weight loss,Japan_HIS_20220120,0,25,2830,0,0,0,0,0,0,0,0,0,0,0,NA,NA,0,NA
67,DPP4I main_GLP1RA main_Abnormal weight loss,VA-OMOP_20230411,2,0,0,0,0,0,0,0,0,0,0,0,0,0,NA,NA,1,NA
67,DPP4I main_GLP1RA main_Abnormal weight loss,Keck_Upgraded_OMOP_v5_NA,2,0,0,0,0,0,0,0,0,0,0,0,0,0,NA,NA,1,NA
67,DPP4I main_GLP1RA main_Abnormal weight loss,AUSOM_20220228,2,0,0,0,0,0,0,0,0,0,0,0,0,0,NA,NA,1,NA
67,DPP4I main_GLP1RA main_Abnormal weight loss,RED_CDM_Tufts_20221005,2,0,0,0,0,0,0,0,0,0,0,0,0,0,NA,NA,1,NA
67,DPP4I main_GLP1RA main_Abnormal weight loss,CUIMC_20221214,2,0,0,0,0,0,0,0,0,0,0,0,0,0,NA,NA,1,NA
67,DPP4I main_GLP1RA main_Abnormal weight loss,JHM_OMOP_20230406,2,0,0,0,0,0,0,0,0,0,0,0,0,0,NA,NA,1,NA
67,DPP4I main_GLP1RA main_Abnormal weight loss,pmtx_202203_20220831,2,0,0,0,0,0,0,0,0,0,0,0,0,0,NA,NA,1,NA
67,DPP4I main_GLP1RA main_Abnormal weight loss,Klinicki_centar_Crne_Gore_20230101,3,0,0,0,0,0,0,0,0,0,1,0,1,0,NA,NA,0,NA
67,DPP4I main_GLP1RA main_Abnormal weight loss,ktph_sg_NA,3,0,0,0,0,NA,0,0,0,0,0,0,1,0,NA,NA,1,NA
67,DPP4I main_GLP1RA main_Abnormal weight loss,TMUCRD_20210406,3,0,0,0,0,0,0,0,0,0,0,0,1,0,NA,NA,1,NA
67,DPP4I main_GLP1RA main_Abnormal weight loss,premier_2326_20230125,3,0,0,0,0,0,0,0,1,0,1,0,0,0,NA,NA,0,NA
67,DPP4I main_GLP1RA main_Abnormal weight loss,cdm_cds,3,0,0,0,0,0,0,0,0,0,0,1,0,0,NA,NA,1,NA
67,DPP4I main_GLP1RA main_Abnormal weight loss,ccpp_v54_20210101,6,0,0,0,0,0,0,0,0,0,1,1,1,1,NA,NA,1,NA
67,DPP4I main_GLP1RA main_Abnormal weight loss,HKU-THIN,6,0,-12724481,1,0,NA,0,0,0,0,1,0,1,1,NA,NA,1,NA
67,DPP4I main_GLP1RA main_Abnormal weight loss,omop_20190828,NA,NA,0,NA,0,NA,0,0,NA,0,0,0,NA,NA,NA,NA,1,NA
68,DPP4I main_SGLT2I main_Abnormal weight loss,US_OPEN_CLAIMS_20230313,0,1744195,13190780,0,0,0,0,0,0,0,0,0,0,0,NA,NA,0,NA
68,DPP4I main_SGLT2I main_Abnormal weight loss,US_PharMetrics_Plus_20230330,0,424902,1455410,0,0,0,0,0,0,0,0,0,0,0,NA,NA,0,NA
68,DPP4I main_SGLT2I main_Abnormal weight loss,truven_ccae_2324_20230201,0,397219,936040,0,0,0,0,0,0,0,0,0,0,0,NA,NA,0,NA
68,DPP4I main_SGLT2I main_Abnormal weight loss,optum_extended_ses_2327_20230204,0,318325,953930,0,0,0,0,0,0,0,0,0,0,0,NA,NA,0,NA
68,DPP4I main_SGLT2I main_Abnormal weight loss,optum_extended_dod_2323_20230201,0,318322,953920,0,0,0,0,0,0,0,0,0,0,0,NA,NA,0,NA
68,DPP4I main_SGLT2I main_Abnormal weight loss,optum_ehr_2247_20221205,0,255177,913790,0,0,0,0,0,0,0,0,0,0,0,NA,NA,0,NA
68,DPP4I main_SGLT2I main_Abnormal weight loss,truven_mdcr_2322_20230127,0,120964,150100,0,0,0,0,0,0,0,0,0,0,0,NA,NA,0,NA
68,DPP4I main_SGLT2I main_Abnormal weight loss,jmdc_2325_20230126,0,47621,195580,0,0,0,0,0,0,0,0,0,0,0,NA,NA,0,NA
68,DPP4I main_SGLT2I main_Abnormal weight loss,UK_IMRD_THIN_20221230,0,40372,76320,0,0,0,0,0,0,0,0,0,0,0,NA,NA,0,NA
68,DPP4I main_SGLT2I main_Abnormal weight loss,Japan_Claims_20230215,0,38110,128600,0,0,0,0,0,0,0,0,0,0,0,NA,NA,0,NA
68,DPP4I main_SGLT2I main_Abnormal weight loss,truven_mdcd_2359_20230215,0,36976,171320,0,0,0,0,0,0,0,0,0,0,0,NA,NA,0,NA
68,DPP4I main_SGLT2I main_Abnormal weight loss,IQVIA_Germany_DA_20230124,0,21954,177780,0,0,0,0,0,0,0,0,0,0,0,NA,NA,0,NA
68,DPP4I main_SGLT2I main_Abnormal weight loss,UK_IMRD_EMIS_20230215,0,16353,38460,0,0,0,0,0,0,0,0,0,0,0,NA,NA,0,NA
68,DPP4I main_SGLT2I main_Abnormal weight loss,LPD_Spain_20220704,0,8010,33650,0,0,0,0,0,0,0,0,0,0,0,NA,NA,0,NA
68,DPP4I main_SGLT2I main_Abnormal weight loss,US_Hospital_20230130,0,4675,31740,0,0,0,0,0,0,0,0,0,0,0,NA,NA,0,NA
68,DPP4I main_SGLT2I main_Abnormal weight loss,LPD_Italy_20221226,0,4353,15830,0,0,0,0,0,0,0,0,0,0,0,NA,NA,0,NA
68,DPP4I main_SGLT2I main_Abnormal weight loss,France_LPD_20230118,0,2448,21290,0,0,0,0,0,0,0,0,0,0,0,NA,NA,0,NA
68,DPP4I main_SGLT2I main_Abnormal weight loss,Australia_EMR_20230317,0,1154,20240,0,0,0,0,0,0,0,0,0,0,0,NA,NA,0,NA
68,DPP4I main_SGLT2I main_Abnormal weight loss,IQVIA_Belgium_LPD_20221006,0,701,6490,0,0,0,0,0,0,0,0,0,0,0,NA,NA,0,NA
68,DPP4I main_SGLT2I main_Abnormal weight loss,IQVIA_France_DA_20230201,0,286,3130,0,0,0,0,0,0,0,0,0,0,0,NA,NA,0,NA
68,DPP4I main_SGLT2I main_Abnormal weight loss,Japan_HIS_20220120,0,64,7370,0,0,0,0,0,0,0,0,0,0,0,NA,NA,0,NA
68,DPP4I main_SGLT2I main_Abnormal weight loss,Klinicki_centar_Crne_Gore_20230101,2,4,50,0,0,0,0,0,0,0,0,0,1,0,NA,NA,0,NA
68,DPP4I main_SGLT2I main_Abnormal weight loss,VA-OMOP_20230411,2,0,0,0,0,0,0,0,0,0,0,0,0,0,NA,NA,1,NA
68,DPP4I main_SGLT2I main_Abnormal weight loss,Keck_Upgraded_OMOP_v5_NA,2,0,0,0,0,0,0,0,0,0,0,0,0,0,NA,NA,1,NA
68,DPP4I main_SGLT2I main_Abnormal weight loss,AUSOM_20220228,2,0,0,0,0,0,0,0,0,0,0,0,0,0,NA,NA,1,NA
68,DPP4I main_SGLT2I main_Abnormal weight loss,RED_CDM_Tufts_20221005,2,0,0,0,0,0,0,0,0,0,0,0,0,0,NA,NA,1,NA
68,DPP4I main_SGLT2I main_Abnormal weight loss,CUIMC_20221214,2,0,0,0,0,0,0,0,0,0,0,0,0,0,NA,NA,1,NA
68,DPP4I main_SGLT2I main_Abnormal weight loss,JHM_OMOP_20230406,2,0,0,0,0,0,0,0,0,0,0,0,0,0,NA,NA,1,NA
68,DPP4I main_SGLT2I main_Abnormal weight loss,pmtx_202203_20220831,2,0,0,0,0,0,0,0,0,0,0,0,0,0,NA,NA,1,NA
68,DPP4I main_SGLT2I main_Abnormal weight loss,ktph_sg_NA,3,0,0,0,0,NA,0,0,0,0,0,0,1,0,NA,NA,1,NA
68,DPP4I main_SGLT2I main_Abnormal weight loss,TMUCRD_20210406,3,0,0,0,0,0,0,0,0,0,0,0,1,0,NA,NA,1,NA
68,DPP4I main_SGLT2I main_Abnormal weight loss,premier_2326_20230125,3,0,0,0,0,0,0,0,1,0,1,0,0,0,NA,NA,0,NA
68,DPP4I main_SGLT2I main_Abnormal weight loss,cdm_cds,3,0,0,0,0,0,0,0,0,0,0,1,0,0,NA,NA,1,NA
68,DPP4I main_SGLT2I main_Abnormal weight loss,ccpp_v54_20210101,6,0,0,0,0,0,0,0,0,0,1,1,1,1,NA,NA,1,NA
68,DPP4I main_SGLT2I main_Abnormal weight loss,HKU-THIN,6,0,-12724481,1,0,NA,0,0,0,0,1,0,1,1,NA,NA,1,NA
68,DPP4I main_SGLT2I main_Abnormal weight loss,omop_20190828,NA,NA,0,NA,0,NA,0,0,NA,0,NA,0,NA,NA,NA,NA,1,NA
69,DPP4I main_SU main_Abnormal weight loss,US_OPEN_CLAIMS_20230313,0,1860554,14070770,0,0,0,0,0,0,0,0,0,0,0,NA,NA,0,NA
69,DPP4I main_SU main_Abnormal weight loss,truven_ccae_2324_20230201,0,626883,1477240,0,0,0,0,0,0,0,0,0,0,0,NA,NA,0,NA
69,DPP4I main_SU main_Abnormal weight loss,optum_extended_dod_2323_20230201,0,440429,1319840,0,0,0,0,0,0,0,0,0,0,0,NA,NA,0,NA
69,DPP4I main_SU main_Abnormal weight loss,optum_extended_ses_2327_20230204,0,440428,1319840,0,0,0,0,0,0,0,0,0,0,0,NA,NA,0,NA
69,DPP4I main_SU main_Abnormal weight loss,optum_ehr_2247_20221205,0,437257,1565820,0,0,0,0,0,0,0,0,0,0,0,NA,NA,0,NA
69,DPP4I main_SU main_Abnormal weight loss,US_PharMetrics_Plus_20230330,0,424902,1455410,0,0,0,0,0,0,0,0,0,0,0,NA,NA,0,NA
69,DPP4I main_SU main_Abnormal weight loss,truven_mdcr_2322_20230127,0,388236,481750,0,0,0,0,0,0,0,0,0,0,0,NA,NA,0,NA
69,DPP4I main_SU main_Abnormal weight loss,Japan_Claims_20230215,0,54486,183860,0,0,0,0,0,0,0,0,0,0,0,NA,NA,0,NA
69,DPP4I main_SU main_Abnormal weight loss,truven_mdcd_2359_20230215,0,53891,249690,0,0,0,0,0,0,0,0,0,0,0,NA,NA,0,NA
69,DPP4I main_SU main_Abnormal weight loss,US_Hospital_20230130,0,49058,333060,0,0,0,0,0,0,0,0,0,0,0,NA,NA,0,NA
69,DPP4I main_SU main_Abnormal weight loss,UK_IMRD_THIN_20221230,0,45878,86730,0,0,0,0,0,0,0,0,0,0,0,NA,NA,0,NA
69,DPP4I main_SU main_Abnormal weight loss,jmdc_2325_20230126,0,45527,186980,0,0,0,0,0,0,0,0,0,0,0,NA,NA,0,NA
69,DPP4I main_SU main_Abnormal weight loss,IQVIA_Germany_DA_20230124,0,20842,168770,0,0,0,0,0,0,0,0,0,0,0,NA,NA,0,NA
69,DPP4I main_SU main_Abnormal weight loss,UK_IMRD_EMIS_20230215,0,11914,28020,0,0,0,0,0,0,0,0,0,0,0,NA,NA,0,NA
69,DPP4I main_SU main_Abnormal weight loss,LPD_Italy_20221226,0,9504,34560,0,0,0,0,0,0,0,0,0,0,0,NA,NA,0,NA
69,DPP4I main_SU main_Abnormal weight loss,France_LPD_20230118,0,8034,69870,0,0,0,0,0,0,0,0,0,0,0,NA,NA,0,NA
69,DPP4I main_SU main_Abnormal weight loss,LPD_Spain_20220704,0,4649,19530,0,0,0,0,0,0,0,0,0,0,0,NA,NA,0,NA
69,DPP4I main_SU main_Abnormal weight loss,IQVIA_France_DA_20230201,0,3246,35460,0,0,0,0,0,0,0,0,0,0,0,NA,NA,0,NA
69,DPP4I main_SU main_Abnormal weight loss,IQVIA_Belgium_LPD_20221006,0,562,5210,0,0,0,0,0,0,0,0,0,0,0,NA,NA,0,NA
69,DPP4I main_SU main_Abnormal weight loss,Australia_EMR_20230317,0,252,4420,0,0,0,0,0,0,0,0,0,0,0,NA,NA,0,NA
69,DPP4I main_SU main_Abnormal weight loss,Japan_HIS_20220120,0,102,11790,0,0,0,0,0,0,0,0,0,0,0,NA,NA,0,NA
69,DPP4I main_SU main_Abnormal weight loss,premier_2326_20230125,1,6525,914680,0,0,0,0,0,1,0,0,0,0,0,NA,NA,0,NA
69,DPP4I main_SU main_Abnormal weight loss,VA-OMOP_20230411,2,0,0,0,0,0,0,0,0,0,0,0,0,0,NA,NA,1,NA
69,DPP4I main_SU main_Abnormal weight loss,Keck_Upgraded_OMOP_v5_NA,2,0,0,0,0,0,0,0,0,0,0,0,0,0,NA,NA,1,NA
69,DPP4I main_SU main_Abnormal weight loss,AUSOM_20220228,2,0,0,0,0,0,0,0,0,0,0,0,0,0,NA,NA,1,NA
69,DPP4I main_SU main_Abnormal weight loss,RED_CDM_Tufts_20221005,2,0,0,0,0,0,0,0,0,0,0,0,0,0,NA,NA,1,NA
69,DPP4I main_SU main_Abnormal weight loss,CUIMC_20221214,2,0,0,0,0,0,0,0,0,0,0,0,0,0,NA,NA,1,NA
69,DPP4I main_SU main_Abnormal weight loss,JHM_OMOP_20230406,2,0,0,0,0,0,0,0,0,0,0,0,0,0,NA,NA,1,NA
69,DPP4I main_SU main_Abnormal weight loss,pmtx_202203_20220831,2,0,0,0,0,0,0,0,0,0,0,0,0,0,NA,NA,1,NA
69,DPP4I main_SU main_Abnormal weight loss,Klinicki_centar_Crne_Gore_20230101,3,0,0,0,0,0,0,0,0,0,1,0,1,0,NA,NA,0,NA
69,DPP4I main_SU main_Abnormal weight loss,ktph_sg_NA,3,0,0,0,0,NA,0,0,0,0,0,0,1,0,NA,NA,1,NA
69,DPP4I main_SU main_Abnormal weight loss,TMUCRD_20210406,3,0,0,0,0,0,0,0,0,0,0,0,1,0,NA,NA,1,NA
69,DPP4I main_SU main_Abnormal weight loss,cdm_cds,3,0,0,0,0,0,0,0,0,0,0,1,0,0,NA,NA,1,NA
69,DPP4I main_SU main_Abnormal weight loss,ccpp_v54_20210101,6,0,0,0,0,0,0,0,0,0,1,1,1,1,NA,NA,1,NA
69,DPP4I main_SU main_Abnormal weight loss,HKU-THIN,6,0,-12724481,1,0,NA,0,0,0,0,1,0,1,1,NA,NA,1,NA
69,DPP4I main_SU main_Abnormal weight loss,omop_20190828,NA,NA,0,NA,0,NA,0,0,NA,0,NA,0,NA,NA,NA,NA,1,NA
70,GLP1RA main_SGLT2I main_Abnormal weight loss,US_OPEN_CLAIMS_20230313,0,1744195,13190780,0,0,0,0,0,0,0,0,0,0,0,NA,NA,0,NA
70,GLP1RA main_SGLT2I main_Abnormal weight loss,US_PharMetrics_Plus_20230330,0,469120,1606870,0,0,0,0,0,0,0,0,0,0,0,NA,NA,0,NA
70,GLP1RA main_SGLT2I main_Abnormal weight loss,truven_ccae_2324_20230201,0,397219,936040,0,0,0,0,0,0,0,0,0,0,0,NA,NA,0,NA
70,GLP1RA main_SGLT2I main_Abnormal weight loss,optum_extended_ses_2327_20230204,0,318325,953930,0,0,0,0,0,0,0,0,0,0,0,NA,NA,0,NA
70,GLP1RA main_SGLT2I main_Abnormal weight loss,optum_extended_dod_2323_20230201,0,318322,953920,0,0,0,0,0,0,0,0,0,0,0,NA,NA,0,NA
70,GLP1RA main_SGLT2I main_Abnormal weight loss,optum_ehr_2247_20221205,0,255177,913790,0,0,0,0,0,0,0,0,0,0,0,NA,NA,0,NA
70,GLP1RA main_SGLT2I main_Abnormal weight loss,truven_mdcr_2322_20230127,0,120964,150100,0,0,0,0,0,0,0,0,0,0,0,NA,NA,0,NA
70,GLP1RA main_SGLT2I main_Abnormal weight loss,truven_mdcd_2359_20230215,0,36976,171320,0,0,0,0,0,0,0,0,0,0,0,NA,NA,0,NA
70,GLP1RA main_SGLT2I main_Abnormal weight loss,UK_IMRD_THIN_20221230,0,32738,61890,0,0,0,0,0,0,0,0,0,0,0,NA,NA,0,NA
70,GLP1RA main_SGLT2I main_Abnormal weight loss,IQVIA_Germany_DA_20230124,0,15574,126110,0,0,0,0,0,0,0,0,0,0,0,NA,NA,0,NA
70,GLP1RA main_SGLT2I main_Abnormal weight loss,UK_IMRD_EMIS_20230215,0,12688,29840,0,0,0,0,0,0,0,0,0,0,0,NA,NA,0,NA
70,GLP1RA main_SGLT2I main_Abnormal weight loss,Japan_Claims_20230215,0,9462,31930,0,0,0,0,0,0,0,0,0,0,0,NA,NA,0,NA
70,GLP1RA main_SGLT2I main_Abnormal weight loss,jmdc_2325_20230126,0,7417,30460,0,0,0,0,0,0,0,0,0,0,0,NA,NA,0,NA
70,GLP1RA main_SGLT2I main_Abnormal weight loss,LPD_Italy_20221226,0,4353,15830,0,0,0,0,0,0,0,0,0,0,0,NA,NA,0,NA
70,GLP1RA main_SGLT2I main_Abnormal weight loss,LPD_Spain_20220704,0,2864,12030,0,0,0,0,0,0,0,0,0,0,0,NA,NA,0,NA
70,GLP1RA main_SGLT2I main_Abnormal weight loss,France_LPD_20230118,0,2448,21290,0,0,0,0,0,0,0,0,0,0,0,NA,NA,0,NA
70,GLP1RA main_SGLT2I main_Abnormal weight loss,US_Hospital_20230130,0,2062,14000,0,0,0,0,0,0,0,0,0,0,0,NA,NA,0,NA
70,GLP1RA main_SGLT2I main_Abnormal weight loss,IQVIA_Belgium_LPD_20221006,0,701,6490,0,0,0,0,0,0,0,0,0,0,0,NA,NA,0,NA
70,GLP1RA main_SGLT2I main_Abnormal weight loss,Australia_EMR_20230317,0,359,6300,0,0,0,0,0,0,0,0,0,0,0,NA,NA,0,NA
70,GLP1RA main_SGLT2I main_Abnormal weight loss,IQVIA_France_DA_20230201,0,286,3130,0,0,0,0,0,0,0,0,0,0,0,NA,NA,0,NA
70,GLP1RA main_SGLT2I main_Abnormal weight loss,Japan_HIS_20220120,0,25,2830,0,0,0,0,0,0,0,0,0,0,0,NA,NA,0,NA
70,GLP1RA main_SGLT2I main_Abnormal weight loss,VA-OMOP_20230411,2,0,0,0,0,0,0,0,0,0,0,0,0,0,NA,NA,1,NA
70,GLP1RA main_SGLT2I main_Abnormal weight loss,Keck_Upgraded_OMOP_v5_NA,2,0,0,0,0,0,0,0,0,0,0,0,0,0,NA,NA,1,NA
70,GLP1RA main_SGLT2I main_Abnormal weight loss,AUSOM_20220228,2,0,0,0,0,0,0,0,0,0,0,0,0,0,NA,NA,1,NA
70,GLP1RA main_SGLT2I main_Abnormal weight loss,RED_CDM_Tufts_20221005,2,0,0,0,0,0,0,0,0,0,0,0,0,0,NA,NA,1,NA
70,GLP1RA main_SGLT2I main_Abnormal weight loss,CUIMC_20221214,2,0,0,0,0,0,0,0,0,0,0,0,0,0,NA,NA,1,NA
70,GLP1RA main_SGLT2I main_Abnormal weight loss,JHM_OMOP_20230406,2,0,0,0,0,0,0,0,0,0,0,0,0,0,NA,NA,1,NA
70,GLP1RA main_SGLT2I main_Abnormal weight loss,pmtx_202203_20220831,2,0,0,0,0,0,0,0,0,0,0,0,0,0,NA,NA,1,NA
70,GLP1RA main_SGLT2I main_Abnormal weight loss,Klinicki_centar_Crne_Gore_20230101,3,0,0,0,0,0,0,0,0,0,0,0,1,1,NA,NA,0,NA
70,GLP1RA main_SGLT2I main_Abnormal weight loss,ktph_sg_NA,3,0,0,0,0,NA,0,0,0,0,0,0,1,0,NA,NA,1,NA
70,GLP1RA main_SGLT2I main_Abnormal weight loss,TMUCRD_20210406,3,0,0,0,0,0,0,0,0,0,0,0,1,0,NA,NA,1,NA
70,GLP1RA main_SGLT2I main_Abnormal weight loss,cdm_cds,3,0,0,0,0,0,0,0,0,0,0,1,0,0,NA,NA,1,NA
70,GLP1RA main_SGLT2I main_Abnormal weight loss,premier_2326_20230125,4,0,0,0,0,0,0,0,1,0,1,0,0,1,NA,NA,0,NA
70,GLP1RA main_SGLT2I main_Abnormal weight loss,ccpp_v54_20210101,6,0,0,0,0,0,0,0,0,0,1,1,1,1,NA,NA,1,NA
70,GLP1RA main_SGLT2I main_Abnormal weight loss,HKU-THIN,6,0,-12724481,1,0,NA,0,0,0,0,1,0,1,1,NA,NA,1,NA
70,GLP1RA main_SGLT2I main_Abnormal weight loss,omop_20190828,NA,NA,0,NA,0,NA,0,0,NA,0,NA,0,NA,0,NA,NA,1,NA
71,GLP1RA main_SU main_Abnormal weight loss,US_OPEN_CLAIMS_20230313,0,2564982,19398130,0,0,0,0,0,0,0,0,0,0,0,NA,NA,0,NA
71,GLP1RA main_SU main_Abnormal weight loss,truven_ccae_2324_20230201,0,772045,1819310,0,0,0,0,0,0,0,0,0,0,0,NA,NA,0,NA
71,GLP1RA main_SU main_Abnormal weight loss,US_PharMetrics_Plus_20230330,0,657533,2252240,0,0,0,0,0,0,0,0,0,0,0,NA,NA,0,NA
71,GLP1RA main_SU main_Abnormal weight loss,optum_extended_dod_2323_20230201,0,478708,1434550,0,0,0,0,0,0,0,0,0,0,0,NA,NA,0,NA
71,GLP1RA main_SU main_Abnormal weight loss,optum_extended_ses_2327_20230204,0,478700,1434530,0,0,0,0,0,0,0,0,0,0,0,NA,NA,0,NA
71,GLP1RA main_SU main_Abnormal weight loss,optum_ehr_2247_20221205,0,370449,1326580,0,0,0,0,0,0,0,0,0,0,0,NA,NA,0,NA
71,GLP1RA main_SU main_Abnormal weight loss,truven_mdcr_2322_20230127,0,193421,240010,0,0,0,0,0,0,0,0,0,0,0,NA,NA,0,NA
71,GLP1RA main_SU main_Abnormal weight loss,truven_mdcd_2359_20230215,0,58097,269180,0,0,0,0,0,0,0,0,0,0,0,NA,NA,0,NA
71,GLP1RA main_SU main_Abnormal weight loss,UK_IMRD_THIN_20221230,0,32738,61890,0,0,0,0,0,0,0,0,0,0,0,NA,NA,0,NA
71,GLP1RA main_SU main_Abnormal weight loss,IQVIA_Germany_DA_20230124,0,15574,126110,0,0,0,0,0,0,0,0,0,0,0,NA,NA,0,NA
71,GLP1RA main_SU main_Abnormal weight loss,UK_IMRD_EMIS_20230215,0,11914,28020,0,0,0,0,0,0,0,0,0,0,0,NA,NA,0,NA
71,GLP1RA main_SU main_Abnormal weight loss,Japan_Claims_20230215,0,9462,31930,0,0,0,0,0,0,0,0,0,0,0,NA,NA,0,NA
71,GLP1RA main_SU main_Abnormal weight loss,France_LPD_20230118,0,8034,69870,0,0,0,0,0,0,0,0,0,0,0,NA,NA,0,NA
71,GLP1RA main_SU main_Abnormal weight loss,jmdc_2325_20230126,0,7417,30460,0,0,0,0,0,0,0,0,0,0,0,NA,NA,0,NA
71,GLP1RA main_SU main_Abnormal weight loss,LPD_Italy_20221226,0,5063,18410,0,0,0,0,0,0,0,0,0,0,0,NA,NA,0,NA
71,GLP1RA main_SU main_Abnormal weight loss,LPD_Spain_20220704,0,2864,12030,0,0,0,0,0,0,0,0,0,0,0,NA,NA,0,NA
71,GLP1RA main_SU main_Abnormal weight loss,IQVIA_France_DA_20230201,0,2283,24940,0,0,0,0,0,0,0,0,0,0,0,NA,NA,0,NA
71,GLP1RA main_SU main_Abnormal weight loss,US_Hospital_20230130,0,2062,14000,0,0,0,0,0,0,0,0,0,0,0,NA,NA,0,NA
71,GLP1RA main_SU main_Abnormal weight loss,IQVIA_Belgium_LPD_20221006,0,562,5210,0,0,0,0,0,0,0,0,0,0,0,NA,NA,0,NA
71,GLP1RA main_SU main_Abnormal weight loss,Australia_EMR_20230317,0,252,4420,0,0,0,0,0,0,0,0,0,0,0,NA,NA,0,NA
71,GLP1RA main_SU main_Abnormal weight loss,Japan_HIS_20220120,0,25,2830,0,0,0,0,0,0,0,0,0,0,0,NA,NA,0,NA
71,GLP1RA main_SU main_Abnormal weight loss,VA-OMOP_20230411,2,0,0,0,0,0,0,0,0,0,0,0,0,0,NA,NA,1,NA
71,GLP1RA main_SU main_Abnormal weight loss,Keck_Upgraded_OMOP_v5_NA,2,0,0,0,0,0,0,0,0,0,0,0,0,0,NA,NA,1,NA
71,GLP1RA main_SU main_Abnormal weight loss,AUSOM_20220228,2,0,0,0,0,0,0,0,0,0,0,0,0,0,NA,NA,1,NA
71,GLP1RA main_SU main_Abnormal weight loss,RED_CDM_Tufts_20221005,2,0,0,0,0,0,0,0,0,0,0,0,0,0,NA,NA,1,NA
71,GLP1RA main_SU main_Abnormal weight loss,CUIMC_20221214,2,0,0,0,0,0,0,0,0,0,0,0,0,0,NA,NA,1,NA
71,GLP1RA main_SU main_Abnormal weight loss,JHM_OMOP_20230406,2,0,0,0,0,0,0,0,0,0,0,0,0,0,NA,NA,1,NA
71,GLP1RA main_SU main_Abnormal weight loss,pmtx_202203_20220831,2,0,0,0,0,0,0,0,0,0,0,0,0,0,NA,NA,1,NA
71,GLP1RA main_SU main_Abnormal weight loss,ktph_sg_NA,3,0,0,0,0,NA,0,0,0,0,0,0,1,0,NA,NA,1,NA
71,GLP1RA main_SU main_Abnormal weight loss,TMUCRD_20210406,3,0,0,0,0,0,0,0,0,0,0,0,1,0,NA,NA,1,NA
71,GLP1RA main_SU main_Abnormal weight loss,premier_2326_20230125,3,0,0,0,0,0,0,0,1,0,0,0,0,1,NA,NA,0,NA
71,GLP1RA main_SU main_Abnormal weight loss,cdm_cds,3,0,0,0,0,0,0,0,0,0,0,1,0,0,NA,NA,1,NA
71,GLP1RA main_SU main_Abnormal weight loss,Klinicki_centar_Crne_Gore_20230101,4,0,0,0,0,0,0,0,0,0,1,0,1,1,NA,NA,0,NA
71,GLP1RA main_SU main_Abnormal weight loss,ccpp_v54_20210101,6,0,0,0,0,0,0,0,0,0,1,1,1,1,NA,NA,1,NA
71,GLP1RA main_SU main_Abnormal weight loss,HKU-THIN,6,0,-12724481,1,0,NA,0,0,0,0,1,0,1,1,NA,NA,1,NA
71,GLP1RA main_SU main_Abnormal weight loss,omop_20190828,NA,NA,0,NA,0,NA,0,0,NA,0,NA,0,NA,0,NA,NA,1,NA
72,SGLT2I main_SU main_Abnormal weight loss,US_OPEN_CLAIMS_20230313,0,1744195,13190780,0,0,0,0,0,0,0,0,0,0,0,NA,NA,0,NA
72,SGLT2I main_SU main_Abnormal weight loss,US_PharMetrics_Plus_20230330,0,469120,1606870,0,0,0,0,0,0,0,0,0,0,0,NA,NA,0,NA
72,SGLT2I main_SU main_Abnormal weight loss,truven_ccae_2324_20230201,0,397219,936040,0,0,0,0,0,0,0,0,0,0,0,NA,NA,0,NA
72,SGLT2I main_SU main_Abnormal weight loss,optum_extended_ses_2327_20230204,0,318325,953930,0,0,0,0,0,0,0,0,0,0,0,NA,NA,0,NA
72,SGLT2I main_SU main_Abnormal weight loss,optum_extended_dod_2323_20230201,0,318322,953920,0,0,0,0,0,0,0,0,0,0,0,NA,NA,0,NA
72,SGLT2I main_SU main_Abnormal weight loss,optum_ehr_2247_20221205,0,255177,913790,0,0,0,0,0,0,0,0,0,0,0,NA,NA,0,NA
72,SGLT2I main_SU main_Abnormal weight loss,truven_mdcr_2322_20230127,0,120964,150100,0,0,0,0,0,0,0,0,0,0,0,NA,NA,0,NA
72,SGLT2I main_SU main_Abnormal weight loss,jmdc_2325_20230126,0,45527,186980,0,0,0,0,0,0,0,0,0,0,0,NA,NA,0,NA
72,SGLT2I main_SU main_Abnormal weight loss,UK_IMRD_THIN_20221230,0,40372,76320,0,0,0,0,0,0,0,0,0,0,0,NA,NA,0,NA
72,SGLT2I main_SU main_Abnormal weight loss,Japan_Claims_20230215,0,38110,128600,0,0,0,0,0,0,0,0,0,0,0,NA,NA,0,NA
72,SGLT2I main_SU main_Abnormal weight loss,truven_mdcd_2359_20230215,0,36976,171320,0,0,0,0,0,0,0,0,0,0,0,NA,NA,0,NA
72,SGLT2I main_SU main_Abnormal weight loss,IQVIA_Germany_DA_20230124,0,20842,168770,0,0,0,0,0,0,0,0,0,0,0,NA,NA,0,NA
72,SGLT2I main_SU main_Abnormal weight loss,UK_IMRD_EMIS_20230215,0,11914,28020,0,0,0,0,0,0,0,0,0,0,0,NA,NA,0,NA
72,SGLT2I main_SU main_Abnormal weight loss,US_Hospital_20230130,0,4675,31740,0,0,0,0,0,0,0,0,0,0,0,NA,NA,0,NA
72,SGLT2I main_SU main_Abnormal weight loss,LPD_Spain_20220704,0,4649,19530,0,0,0,0,0,0,0,0,0,0,0,NA,NA,0,NA
72,SGLT2I main_SU main_Abnormal weight loss,LPD_Italy_20221226,0,4353,15830,0,0,0,0,0,0,0,0,0,0,0,NA,NA,0,NA
72,SGLT2I main_SU main_Abnormal weight loss,France_LPD_20230118,0,2448,21290,0,0,0,0,0,0,0,0,0,0,0,NA,NA,0,NA
72,SGLT2I main_SU main_Abnormal weight loss,IQVIA_Belgium_LPD_20221006,0,562,5210,0,0,0,0,0,0,0,0,0,0,0,NA,NA,0,NA
72,SGLT2I main_SU main_Abnormal weight loss,IQVIA_France_DA_20230201,0,286,3130,0,0,0,0,0,0,0,0,0,0,0,NA,NA,0,NA
72,SGLT2I main_SU main_Abnormal weight loss,Australia_EMR_20230317,0,252,4420,0,0,0,0,0,0,0,0,0,0,0,NA,NA,0,NA
72,SGLT2I main_SU main_Abnormal weight loss,Japan_HIS_20220120,0,64,7370,0,0,0,0,0,0,0,0,0,0,0,NA,NA,0,NA
72,SGLT2I main_SU main_Abnormal weight loss,VA-OMOP_20230411,2,0,0,0,0,0,0,0,0,0,0,0,0,0,NA,NA,1,NA
72,SGLT2I main_SU main_Abnormal weight loss,Keck_Upgraded_OMOP_v5_NA,2,0,0,0,0,0,0,0,0,0,0,0,0,0,NA,NA,1,NA
72,SGLT2I main_SU main_Abnormal weight loss,AUSOM_20220228,2,0,0,0,0,0,0,0,0,0,0,0,0,0,NA,NA,1,NA
72,SGLT2I main_SU main_Abnormal weight loss,RED_CDM_Tufts_20221005,2,0,0,0,0,0,0,0,0,0,0,0,0,0,NA,NA,1,NA
72,SGLT2I main_SU main_Abnormal weight loss,CUIMC_20221214,2,0,0,0,0,0,0,0,0,0,0,0,0,0,NA,NA,1,NA
72,SGLT2I main_SU main_Abnormal weight loss,JHM_OMOP_20230406,2,0,0,0,0,0,0,0,0,0,0,0,0,0,NA,NA,1,NA
72,SGLT2I main_SU main_Abnormal weight loss,pmtx_202203_20220831,2,0,0,0,0,0,0,0,0,0,0,0,0,0,NA,NA,1,NA
72,SGLT2I main_SU main_Abnormal weight loss,Klinicki_centar_Crne_Gore_20230101,3,0,0,0,0,0,0,0,0,0,1,0,1,0,NA,NA,0,NA
72,SGLT2I main_SU main_Abnormal weight loss,ktph_sg_NA,3,0,0,0,0,NA,0,0,0,0,0,0,1,0,NA,NA,1,NA
72,SGLT2I main_SU main_Abnormal weight loss,TMUCRD_20210406,3,0,0,0,0,0,0,0,0,0,0,0,1,0,NA,NA,1,NA
72,SGLT2I main_SU main_Abnormal weight loss,premier_2326_20230125,3,0,0,0,0,0,0,0,1,0,0,0,0,1,NA,NA,0,NA
72,SGLT2I main_SU main_Abnormal weight loss,cdm_cds,3,0,0,0,0,0,0,0,0,0,0,1,0,0,NA,NA,1,NA
72,SGLT2I main_SU main_Abnormal weight loss,ccpp_v54_20210101,6,0,0,0,0,0,0,0,0,0,1,1,1,1,NA,NA,1,NA
72,SGLT2I main_SU main_Abnormal weight loss,HKU-THIN,6,0,-12724481,1,0,NA,0,0,0,0,1,0,1,1,NA,NA,1,NA
72,SGLT2I main_SU main_Abnormal weight loss,omop_20190828,NA,NA,0,NA,0,NA,0,0,NA,0,NA,0,NA,NA,NA,NA,1,NA
73,DPP4I main_GLP1RA main_Acute pancreatitis,US_OPEN_CLAIMS_20230313,0,2984398,14070770,0,0,0,0,0,0,0,0,0,0,0,NA,NA,NA,NA
73,DPP4I main_GLP1RA main_Acute pancreatitis,truven_ccae_2324_20230201,0,626883,1477240,0,0,0,0,0,0,0,0,0,0,0,NA,NA,NA,NA
73,DPP4I main_GLP1RA main_Acute pancreatitis,optum_extended_dod_2323_20230201,0,599920,1319840,0,0,0,0,0,0,0,0,0,0,0,NA,NA,NA,NA
73,DPP4I main_GLP1RA main_Acute pancreatitis,optum_extended_ses_2327_20230204,0,599919,1319840,0,0,0,0,0,0,0,0,0,0,0,NA,NA,NA,NA
73,DPP4I main_GLP1RA main_Acute pancreatitis,US_PharMetrics_Plus_20230330,0,546343,1455410,0,0,0,0,0,0,0,0,0,0,0,NA,NA,NA,NA
73,DPP4I main_GLP1RA main_Acute pancreatitis,optum_ehr_2247_20221205,0,381202,1326580,0,0,0,0,0,0,0,0,0,0,0,NA,NA,NA,NA
73,DPP4I main_GLP1RA main_Acute pancreatitis,truven_mdcr_2322_20230127,0,193421,240010,0,0,0,0,0,0,0,0,0,0,0,NA,NA,NA,NA
73,DPP4I main_GLP1RA main_Acute pancreatitis,pmtx_202203_20220831,0,113907,307900,0,0,0,0,0,0,0,0,0,0,0,NA,NA,NA,NA
73,DPP4I main_GLP1RA main_Acute pancreatitis,VA-OMOP_20230411,0,74531,502090,0,0,0,0,0,0,0,0,0,0,0,NA,NA,NA,NA
73,DPP4I main_GLP1RA main_Acute pancreatitis,truven_mdcd_2359_20230215,0,53891,249690,0,0,0,0,0,0,0,0,0,0,0,NA,NA,NA,NA
73,DPP4I main_GLP1RA main_Acute pancreatitis,UK_IMRD_THIN_20221230,0,32984,61890,0,0,0,0,0,0,0,0,0,0,0,NA,NA,NA,NA
73,DPP4I main_GLP1RA main_Acute pancreatitis,IQVIA_Germany_DA_20230124,0,25687,126110,0,0,0,0,0,0,0,0,0,0,0,NA,NA,NA,NA
73,DPP4I main_GLP1RA main_Acute pancreatitis,France_LPD_20230118,0,19374,75340,0,0,0,0,0,0,0,0,0,0,0,NA,NA,NA,NA
73,DPP4I main_GLP1RA main_Acute pancreatitis,jmdc_2325_20230126,0,15225,30460,0,0,0,0,0,0,0,0,0,0,0,NA,NA,NA,NA
73,DPP4I main_GLP1RA main_Acute pancreatitis,UK_IMRD_EMIS_20230215,0,13027,29840,0,0,0,0,0,0,0,0,0,0,0,NA,NA,NA,NA
73,DPP4I main_GLP1RA main_Acute pancreatitis,Japan_Claims_20230215,0,10987,31930,0,0,0,0,0,0,0,0,0,0,0,NA,NA,NA,NA
73,DPP4I main_GLP1RA main_Acute pancreatitis,LPD_Italy_20221226,0,8350,18410,0,0,0,0,0,0,0,0,0,0,0,NA,NA,NA,NA
73,DPP4I main_GLP1RA main_Acute pancreatitis,JHM_OMOP_20230406,0,7300,19650,0,0,0,0,0,0,0,0,0,0,0,NA,NA,NA,NA
73,DPP4I main_GLP1RA main_Acute pancreatitis,CUIMC_20221214,0,6690,57670,0,0,0,0,0,0,0,0,0,0,0,NA,NA,NA,NA
73,DPP4I main_GLP1RA main_Acute pancreatitis,IQVIA_France_DA_20230201,0,5799,24940,0,0,0,0,0,0,0,0,0,0,0,NA,NA,NA,NA
73,DPP4I main_GLP1RA main_Acute pancreatitis,LPD_Spain_20220704,0,3795,12030,0,0,0,0,0,0,0,0,0,0,0,NA,NA,NA,NA
73,DPP4I main_GLP1RA main_Acute pancreatitis,IQVIA_Belgium_LPD_20221006,0,2933,8620,0,0,0,0,0,0,0,0,0,0,0,NA,NA,NA,NA
73,DPP4I main_GLP1RA main_Acute pancreatitis,US_Hospital_20230130,0,2639,14000,0,0,0,0,0,0,0,0,0,0,0,NA,NA,NA,NA
73,DPP4I main_GLP1RA main_Acute pancreatitis,Australia_EMR_20230317,0,835,6300,0,0,0,0,0,0,0,0,0,0,0,NA,NA,NA,NA
73,DPP4I main_GLP1RA main_Acute pancreatitis,AUSOM_20220228,0,699,3190,0,0,0,0,0,0,0,0,0,0,0,NA,NA,NA,NA
73,DPP4I main_GLP1RA main_Acute pancreatitis,TMUCRD_20210406,0,433,3150,0,0,0,0,0,0,0,0,0,0,0,NA,NA,NA,NA
73,DPP4I main_GLP1RA main_Acute pancreatitis,RED_CDM_Tufts_20221005,0,113,1860,0,0,0,0,0,0,0,0,0,0,0,NA,NA,NA,NA
73,DPP4I main_GLP1RA main_Acute pancreatitis,Japan_HIS_20220120,0,108,2830,0,0,0,0,0,0,0,0,0,0,0,NA,NA,NA,NA
73,DPP4I main_GLP1RA main_Acute pancreatitis,Keck_Upgraded_OMOP_v5_NA,1,15,80,0,0,0,0,0,0,0,0,0,0,0,NA,NA,NA,NA
73,DPP4I main_GLP1RA main_Acute pancreatitis,ktph_sg_NA,1,13,20,0,0,NA,0,0,0,0,0,0,0,0,NA,NA,NA,NA
73,DPP4I main_GLP1RA main_Acute pancreatitis,Klinicki_centar_Crne_Gore_20230101,2,0,0,0,0,0,0,0,0,0,1,0,0,0,NA,NA,NA,NA
73,DPP4I main_GLP1RA main_Acute pancreatitis,cdm_cds,2,0,0,0,0,0,0,0,0,0,0,1,0,0,NA,NA,NA,NA
73,DPP4I main_GLP1RA main_Acute pancreatitis,premier_2326_20230125,3,0,0,0,0,0,0,0,1,0,1,0,0,0,NA,NA,NA,NA
73,DPP4I main_GLP1RA main_Acute pancreatitis,ccpp_v54_20210101,5,0,0,0,0,0,0,0,0,0,1,1,1,1,NA,NA,NA,NA
73,DPP4I main_GLP1RA main_Acute pancreatitis,HKU-THIN,5,0,-12724481,1,0,NA,0,0,0,0,1,0,1,1,NA,NA,NA,NA
73,DPP4I main_GLP1RA main_Acute pancreatitis,omop_20190828,NA,NA,48480,NA,0,NA,0,0,NA,0,0,0,NA,NA,NA,NA,NA,NA
74,DPP4I main_SGLT2I main_Acute pancreatitis,US_OPEN_CLAIMS_20230313,0,2797753,13190780,0,0,0,0,0,0,0,0,0,0,0,NA,NA,NA,NA
74,DPP4I main_SGLT2I main_Acute pancreatitis,US_PharMetrics_Plus_20230330,0,546343,1455410,0,0,0,0,0,0,0,0,0,0,0,NA,NA,NA,NA
74,DPP4I main_SGLT2I main_Acute pancreatitis,optum_extended_ses_2327_20230204,0,433598,953930,0,0,0,0,0,0,0,0,0,0,0,NA,NA,NA,NA
74,DPP4I main_SGLT2I main_Acute pancreatitis,optum_extended_dod_2323_20230201,0,433595,953920,0,0,0,0,0,0,0,0,0,0,0,NA,NA,NA,NA
74,DPP4I main_SGLT2I main_Acute pancreatitis,truven_ccae_2324_20230201,0,397219,936040,0,0,0,0,0,0,0,0,0,0,0,NA,NA,NA,NA
74,DPP4I main_SGLT2I main_Acute pancreatitis,optum_ehr_2247_20221205,0,262584,913790,0,0,0,0,0,0,0,0,0,0,0,NA,NA,NA,NA
74,DPP4I main_SGLT2I main_Acute pancreatitis,truven_mdcr_2322_20230127,0,120964,150100,0,0,0,0,0,0,0,0,0,0,0,NA,NA,NA,NA
74,DPP4I main_SGLT2I main_Acute pancreatitis,pmtx_202203_20220831,0,108591,293530,0,0,0,0,0,0,0,0,0,0,0,NA,NA,NA,NA
74,DPP4I main_SGLT2I main_Acute pancreatitis,jmdc_2325_20230126,0,97761,195580,0,0,0,0,0,0,0,0,0,0,0,NA,NA,NA,NA
74,DPP4I main_SGLT2I main_Acute pancreatitis,VA-OMOP_20230411,0,77503,522110,0,0,0,0,0,0,0,0,0,0,0,NA,NA,NA,NA
74,DPP4I main_SGLT2I main_Acute pancreatitis,Japan_Claims_20230215,0,44250,128600,0,0,0,0,0,0,0,0,0,0,0,NA,NA,NA,NA
74,DPP4I main_SGLT2I main_Acute pancreatitis,UK_IMRD_THIN_20221230,0,40675,76320,0,0,0,0,0,0,0,0,0,0,0,NA,NA,NA,NA
74,DPP4I main_SGLT2I main_Acute pancreatitis,truven_mdcd_2359_20230215,0,36976,171320,0,0,0,0,0,0,0,0,0,0,0,NA,NA,NA,NA
74,DPP4I main_SGLT2I main_Acute pancreatitis,IQVIA_Germany_DA_20230124,0,36211,177780,0,0,0,0,0,0,0,0,0,0,0,NA,NA,NA,NA
74,DPP4I main_SGLT2I main_Acute pancreatitis,UK_IMRD_EMIS_20230215,0,16790,38460,0,0,0,0,0,0,0,0,0,0,0,NA,NA,NA,NA
74,DPP4I main_SGLT2I main_Acute pancreatitis,LPD_Spain_20220704,0,10616,33650,0,0,0,0,0,0,0,0,0,0,0,NA,NA,NA,NA
74,DPP4I main_SGLT2I main_Acute pancreatitis,JHM_OMOP_20230406,0,7300,19650,0,0,0,0,0,0,0,0,0,0,0,NA,NA,NA,NA
74,DPP4I main_SGLT2I main_Acute pancreatitis,LPD_Italy_20221226,0,7179,15830,0,0,0,0,0,0,0,0,0,0,0,NA,NA,NA,NA
74,DPP4I main_SGLT2I main_Acute pancreatitis,US_Hospital_20230130,0,5983,31740,0,0,0,0,0,0,0,0,0,0,0,NA,NA,NA,NA
74,DPP4I main_SGLT2I main_Acute pancreatitis,France_LPD_20230118,0,5475,21290,0,0,0,0,0,0,0,0,0,0,0,NA,NA,NA,NA
74,DPP4I main_SGLT2I main_Acute pancreatitis,CUIMC_20221214,0,4366,37640,0,0,0,0,0,0,0,0,0,0,0,NA,NA,NA,NA
74,DPP4I main_SGLT2I main_Acute pancreatitis,Australia_EMR_20230317,0,2683,20240,0,0,0,0,0,0,0,0,0,0,0,NA,NA,NA,NA
74,DPP4I main_SGLT2I main_Acute pancreatitis,IQVIA_Belgium_LPD_20221006,0,2208,6490,0,0,0,0,0,0,0,0,0,0,0,NA,NA,NA,NA
74,DPP4I main_SGLT2I main_Acute pancreatitis,AUSOM_20220228,0,1500,6850,0,0,0,0,0,0,0,0,0,0,0,NA,NA,NA,NA
74,DPP4I main_SGLT2I main_Acute pancreatitis,TMUCRD_20210406,0,1475,10740,0,0,0,0,0,0,0,0,0,0,0,NA,NA,NA,NA
74,DPP4I main_SGLT2I main_Acute pancreatitis,IQVIA_France_DA_20230201,0,728,3130,0,0,0,0,0,0,0,0,0,0,0,NA,NA,NA,NA
74,DPP4I main_SGLT2I main_Acute pancreatitis,Japan_HIS_20220120,0,281,7370,0,0,0,0,0,0,0,0,0,0,0,NA,NA,NA,NA
74,DPP4I main_SGLT2I main_Acute pancreatitis,RED_CDM_Tufts_20221005,0,83,1360,0,0,0,0,0,0,0,0,0,0,0,NA,NA,NA,NA
74,DPP4I main_SGLT2I main_Acute pancreatitis,ktph_sg_NA,1,93,140,0,0,NA,0,0,0,0,0,0,0,0,NA,NA,NA,NA
74,DPP4I main_SGLT2I main_Acute pancreatitis,Keck_Upgraded_OMOP_v5_NA,1,69,370,0,0,0,0,0,0,0,0,0,0,0,NA,NA,NA,NA
74,DPP4I main_SGLT2I main_Acute pancreatitis,Klinicki_centar_Crne_Gore_20230101,1,10,50,0,0,0,0,0,0,0,0,0,0,0,NA,NA,NA,NA
74,DPP4I main_SGLT2I main_Acute pancreatitis,cdm_cds,2,0,0,0,0,0,0,0,0,0,0,1,0,0,NA,NA,NA,NA
74,DPP4I main_SGLT2I main_Acute pancreatitis,premier_2326_20230125,3,0,0,0,0,0,0,0,1,0,1,0,0,0,NA,NA,NA,NA
74,DPP4I main_SGLT2I main_Acute pancreatitis,ccpp_v54_20210101,5,0,0,0,0,0,0,0,0,0,1,1,1,1,NA,NA,NA,NA
74,DPP4I main_SGLT2I main_Acute pancreatitis,HKU-THIN,5,0,-12724481,1,0,NA,0,0,0,0,1,0,1,1,NA,NA,NA,NA
74,DPP4I main_SGLT2I main_Acute pancreatitis,omop_20190828,NA,NA,900220,NA,0,NA,0,0,NA,0,NA,0,NA,NA,NA,NA,NA,NA
75,DPP4I main_SU main_Acute pancreatitis,US_OPEN_CLAIMS_20230313,0,2984398,14070770,0,0,0,0,0,0,0,0,0,0,0,NA,NA,NA,NA
75,DPP4I main_SU main_Acute pancreatitis,truven_ccae_2324_20230201,0,626883,1477240,0,0,0,0,0,0,0,0,0,0,0,NA,NA,NA,NA
75,DPP4I main_SU main_Acute pancreatitis,optum_extended_dod_2323_20230201,0,599920,1319840,0,0,0,0,0,0,0,0,0,0,0,NA,NA,NA,NA
75,DPP4I main_SU main_Acute pancreatitis,optum_extended_ses_2327_20230204,0,599919,1319840,0,0,0,0,0,0,0,0,0,0,0,NA,NA,NA,NA
75,DPP4I main_SU main_Acute pancreatitis,US_PharMetrics_Plus_20230330,0,546343,1455410,0,0,0,0,0,0,0,0,0,0,0,NA,NA,NA,NA
75,DPP4I main_SU main_Acute pancreatitis,optum_ehr_2247_20221205,0,449949,1565820,0,0,0,0,0,0,0,0,0,0,0,NA,NA,NA,NA
75,DPP4I main_SU main_Acute pancreatitis,truven_mdcr_2322_20230127,0,388236,481750,0,0,0,0,0,0,0,0,0,0,0,NA,NA,NA,NA
75,DPP4I main_SU main_Acute pancreatitis,pmtx_202203_20220831,0,113907,307900,0,0,0,0,0,0,0,0,0,0,0,NA,NA,NA,NA
75,DPP4I main_SU main_Acute pancreatitis,jmdc_2325_20230126,0,93462,186980,0,0,0,0,0,0,0,0,0,0,0,NA,NA,NA,NA
75,DPP4I main_SU main_Acute pancreatitis,VA-OMOP_20230411,0,78282,527360,0,0,0,0,0,0,0,0,0,0,0,NA,NA,NA,NA
75,DPP4I main_SU main_Acute pancreatitis,Japan_Claims_20230215,0,63264,183860,0,0,0,0,0,0,0,0,0,0,0,NA,NA,NA,NA
75,DPP4I main_SU main_Acute pancreatitis,US_Hospital_20230130,0,62779,333060,0,0,0,0,0,0,0,0,0,0,0,NA,NA,NA,NA
75,DPP4I main_SU main_Acute pancreatitis,truven_mdcd_2359_20230215,0,53891,249690,0,0,0,0,0,0,0,0,0,0,0,NA,NA,NA,NA
75,DPP4I main_SU main_Acute pancreatitis,UK_IMRD_THIN_20221230,0,46223,86730,0,0,0,0,0,0,0,0,0,0,0,NA,NA,NA,NA
75,DPP4I main_SU main_Acute pancreatitis,IQVIA_Germany_DA_20230124,0,34376,168770,0,0,0,0,0,0,0,0,0,0,0,NA,NA,NA,NA
75,DPP4I main_SU main_Acute pancreatitis,France_LPD_20230118,0,17967,69870,0,0,0,0,0,0,0,0,0,0,0,NA,NA,NA,NA
75,DPP4I main_SU main_Acute pancreatitis,LPD_Italy_20221226,0,15674,34560,0,0,0,0,0,0,0,0,0,0,0,NA,NA,NA,NA
75,DPP4I main_SU main_Acute pancreatitis,UK_IMRD_EMIS_20230215,0,12232,28020,0,0,0,0,0,0,0,0,0,0,0,NA,NA,NA,NA
75,DPP4I main_SU main_Acute pancreatitis,IQVIA_France_DA_20230201,0,8245,35460,0,0,0,0,0,0,0,0,0,0,0,NA,NA,NA,NA
75,DPP4I main_SU main_Acute pancreatitis,AUSOM_20220228,0,7616,34770,0,0,0,0,0,0,0,0,0,0,0,NA,NA,NA,NA
75,DPP4I main_SU main_Acute pancreatitis,JHM_OMOP_20230406,0,7300,19650,0,0,0,0,0,0,0,0,0,0,0,NA,NA,NA,NA
75,DPP4I main_SU main_Acute pancreatitis,TMUCRD_20210406,0,7245,52740,0,0,0,0,0,0,0,0,0,0,0,NA,NA,NA,NA
75,DPP4I main_SU main_Acute pancreatitis,CUIMC_20221214,0,7067,60920,0,0,0,0,0,0,0,0,0,0,0,NA,NA,NA,NA
75,DPP4I main_SU main_Acute pancreatitis,LPD_Spain_20220704,0,6161,19530,0,0,0,0,0,0,0,0,0,0,0,NA,NA,NA,NA
75,DPP4I main_SU main_Acute pancreatitis,IQVIA_Belgium_LPD_20221006,0,1773,5210,0,0,0,0,0,0,0,0,0,0,0,NA,NA,NA,NA
75,DPP4I main_SU main_Acute pancreatitis,Keck_Upgraded_OMOP_v5_NA,0,1700,9120,0,0,0,0,0,0,0,0,0,0,0,NA,NA,NA,NA
75,DPP4I main_SU main_Acute pancreatitis,Australia_EMR_20230317,0,586,4420,0,0,0,0,0,0,0,0,0,0,0,NA,NA,NA,NA
75,DPP4I main_SU main_Acute pancreatitis,Japan_HIS_20220120,0,449,11790,0,0,0,0,0,0,0,0,0,0,0,NA,NA,NA,NA
75,DPP4I main_SU main_Acute pancreatitis,RED_CDM_Tufts_20221005,0,113,1860,0,0,0,0,0,0,0,0,0,0,0,NA,NA,NA,NA
75,DPP4I main_SU main_Acute pancreatitis,premier_2326_20230125,1,6525,914680,0,0,0,0,0,1,0,0,0,0,0,NA,NA,NA,NA
75,DPP4I main_SU main_Acute pancreatitis,ktph_sg_NA,1,578,870,0,0,NA,0,0,0,0,0,0,0,0,NA,NA,NA,NA
75,DPP4I main_SU main_Acute pancreatitis,Klinicki_centar_Crne_Gore_20230101,2,0,0,0,0,0,0,0,0,0,1,0,0,0,NA,NA,NA,NA
75,DPP4I main_SU main_Acute pancreatitis,cdm_cds,2,0,0,0,0,0,0,0,0,0,0,1,0,0,NA,NA,NA,NA
75,DPP4I main_SU main_Acute pancreatitis,ccpp_v54_20210101,5,0,0,0,0,0,0,0,0,0,1,1,1,1,NA,NA,NA,NA
75,DPP4I main_SU main_Acute pancreatitis,HKU-THIN,5,0,-12724481,1,0,NA,0,0,0,0,1,0,1,1,NA,NA,NA,NA
75,DPP4I main_SU main_Acute pancreatitis,omop_20190828,NA,NA,900220,NA,0,NA,0,0,NA,0,NA,0,NA,NA,NA,NA,NA,NA
76,GLP1RA main_SGLT2I main_Acute pancreatitis,US_OPEN_CLAIMS_20230313,0,2797753,13190780,0,0,0,0,0,0,0,0,0,0,0,NA,NA,NA,NA
76,GLP1RA main_SGLT2I main_Acute pancreatitis,US_PharMetrics_Plus_20230330,0,603199,1606870,0,0,0,0,0,0,0,0,0,0,0,NA,NA,NA,NA
76,GLP1RA main_SGLT2I main_Acute pancreatitis,optum_extended_ses_2327_20230204,0,433598,953930,0,0,0,0,0,0,0,0,0,0,0,NA,NA,NA,NA
76,GLP1RA main_SGLT2I main_Acute pancreatitis,optum_extended_dod_2323_20230201,0,433595,953920,0,0,0,0,0,0,0,0,0,0,0,NA,NA,NA,NA
76,GLP1RA main_SGLT2I main_Acute pancreatitis,truven_ccae_2324_20230201,0,397219,936040,0,0,0,0,0,0,0,0,0,0,0,NA,NA,NA,NA
76,GLP1RA main_SGLT2I main_Acute pancreatitis,optum_ehr_2247_20221205,0,262584,913790,0,0,0,0,0,0,0,0,0,0,0,NA,NA,NA,NA
76,GLP1RA main_SGLT2I main_Acute pancreatitis,truven_mdcr_2322_20230127,0,120964,150100,0,0,0,0,0,0,0,0,0,0,0,NA,NA,NA,NA
76,GLP1RA main_SGLT2I main_Acute pancreatitis,pmtx_202203_20220831,0,108591,293530,0,0,0,0,0,0,0,0,0,0,0,NA,NA,NA,NA
76,GLP1RA main_SGLT2I main_Acute pancreatitis,VA-OMOP_20230411,0,74531,502090,0,0,0,0,0,0,0,0,0,0,0,NA,NA,NA,NA
76,GLP1RA main_SGLT2I main_Acute pancreatitis,truven_mdcd_2359_20230215,0,36976,171320,0,0,0,0,0,0,0,0,0,0,0,NA,NA,NA,NA
76,GLP1RA main_SGLT2I main_Acute pancreatitis,UK_IMRD_THIN_20221230,0,32984,61890,0,0,0,0,0,0,0,0,0,0,0,NA,NA,NA,NA
76,GLP1RA main_SGLT2I main_Acute pancreatitis,IQVIA_Germany_DA_20230124,0,25687,126110,0,0,0,0,0,0,0,0,0,0,0,NA,NA,NA,NA
76,GLP1RA main_SGLT2I main_Acute pancreatitis,jmdc_2325_20230126,0,15225,30460,0,0,0,0,0,0,0,0,0,0,0,NA,NA,NA,NA
76,GLP1RA main_SGLT2I main_Acute pancreatitis,UK_IMRD_EMIS_20230215,0,13027,29840,0,0,0,0,0,0,0,0,0,0,0,NA,NA,NA,NA
76,GLP1RA main_SGLT2I main_Acute pancreatitis,Japan_Claims_20230215,0,10987,31930,0,0,0,0,0,0,0,0,0,0,0,NA,NA,NA,NA
76,GLP1RA main_SGLT2I main_Acute pancreatitis,JHM_OMOP_20230406,0,7898,21260,0,0,0,0,0,0,0,0,0,0,0,NA,NA,NA,NA
76,GLP1RA main_SGLT2I main_Acute pancreatitis,LPD_Italy_20221226,0,7179,15830,0,0,0,0,0,0,0,0,0,0,0,NA,NA,NA,NA
76,GLP1RA main_SGLT2I main_Acute pancreatitis,France_LPD_20230118,0,5475,21290,0,0,0,0,0,0,0,0,0,0,0,NA,NA,NA,NA
76,GLP1RA main_SGLT2I main_Acute pancreatitis,CUIMC_20221214,0,4366,37640,0,0,0,0,0,0,0,0,0,0,0,NA,NA,NA,NA
76,GLP1RA main_SGLT2I main_Acute pancreatitis,LPD_Spain_20220704,0,3795,12030,0,0,0,0,0,0,0,0,0,0,0,NA,NA,NA,NA
76,GLP1RA main_SGLT2I main_Acute pancreatitis,US_Hospital_20230130,0,2639,14000,0,0,0,0,0,0,0,0,0,0,0,NA,NA,NA,NA
76,GLP1RA main_SGLT2I main_Acute pancreatitis,IQVIA_Belgium_LPD_20221006,0,2208,6490,0,0,0,0,0,0,0,0,0,0,0,NA,NA,NA,NA
76,GLP1RA main_SGLT2I main_Acute pancreatitis,Australia_EMR_20230317,0,835,6300,0,0,0,0,0,0,0,0,0,0,0,NA,NA,NA,NA
76,GLP1RA main_SGLT2I main_Acute pancreatitis,IQVIA_France_DA_20230201,0,728,3130,0,0,0,0,0,0,0,0,0,0,0,NA,NA,NA,NA
76,GLP1RA main_SGLT2I main_Acute pancreatitis,AUSOM_20220228,0,699,3190,0,0,0,0,0,0,0,0,0,0,0,NA,NA,NA,NA
76,GLP1RA main_SGLT2I main_Acute pancreatitis,TMUCRD_20210406,0,433,3150,0,0,0,0,0,0,0,0,0,0,0,NA,NA,NA,NA
76,GLP1RA main_SGLT2I main_Acute pancreatitis,Japan_HIS_20220120,0,108,2830,0,0,0,0,0,0,0,0,0,0,0,NA,NA,NA,NA
76,GLP1RA main_SGLT2I main_Acute pancreatitis,RED_CDM_Tufts_20221005,0,83,1360,0,0,0,0,0,0,0,0,0,0,0,NA,NA,NA,NA
76,GLP1RA main_SGLT2I main_Acute pancreatitis,Keck_Upgraded_OMOP_v5_NA,1,15,80,0,0,0,0,0,0,0,0,0,0,0,NA,NA,NA,NA
76,GLP1RA main_SGLT2I main_Acute pancreatitis,ktph_sg_NA,1,13,20,0,0,NA,0,0,0,0,0,0,0,0,NA,NA,NA,NA
76,GLP1RA main_SGLT2I main_Acute pancreatitis,Klinicki_centar_Crne_Gore_20230101,2,0,0,0,0,0,0,0,0,0,0,0,0,1,NA,NA,NA,NA
76,GLP1RA main_SGLT2I main_Acute pancreatitis,cdm_cds,2,0,0,0,0,0,0,0,0,0,0,1,0,0,NA,NA,NA,NA
76,GLP1RA main_SGLT2I main_Acute pancreatitis,premier_2326_20230125,4,0,0,0,0,0,0,0,1,0,1,0,0,1,NA,NA,NA,NA
76,GLP1RA main_SGLT2I main_Acute pancreatitis,ccpp_v54_20210101,5,0,0,0,0,0,0,0,0,0,1,1,1,1,NA,NA,NA,NA
76,GLP1RA main_SGLT2I main_Acute pancreatitis,HKU-THIN,5,0,-12724481,1,0,NA,0,0,0,0,1,0,1,1,NA,NA,NA,NA
76,GLP1RA main_SGLT2I main_Acute pancreatitis,omop_20190828,NA,NA,48480,NA,0,NA,0,0,NA,0,NA,0,NA,0,NA,NA,NA,NA
77,GLP1RA main_SU main_Acute pancreatitis,US_OPEN_CLAIMS_20230313,0,4114327,19398130,0,0,0,0,0,0,0,0,0,0,0,NA,NA,NA,NA
77,GLP1RA main_SU main_Acute pancreatitis,US_PharMetrics_Plus_20230330,0,845464,2252240,0,0,0,0,0,0,0,0,0,0,0,NA,NA,NA,NA
77,GLP1RA main_SU main_Acute pancreatitis,truven_ccae_2324_20230201,0,772045,1819310,0,0,0,0,0,0,0,0,0,0,0,NA,NA,NA,NA
77,GLP1RA main_SU main_Acute pancreatitis,optum_extended_dod_2323_20230201,0,652061,1434550,0,0,0,0,0,0,0,0,0,0,0,NA,NA,NA,NA
77,GLP1RA main_SU main_Acute pancreatitis,optum_extended_ses_2327_20230204,0,652050,1434530,0,0,0,0,0,0,0,0,0,0,0,NA,NA,NA,NA
77,GLP1RA main_SU main_Acute pancreatitis,optum_ehr_2247_20221205,0,381202,1326580,0,0,0,0,0,0,0,0,0,0,0,NA,NA,NA,NA
77,GLP1RA main_SU main_Acute pancreatitis,truven_mdcr_2322_20230127,0,193421,240010,0,0,0,0,0,0,0,0,0,0,0,NA,NA,NA,NA
77,GLP1RA main_SU main_Acute pancreatitis,pmtx_202203_20220831,0,145186,392450,0,0,0,0,0,0,0,0,0,0,0,NA,NA,NA,NA
77,GLP1RA main_SU main_Acute pancreatitis,VA-OMOP_20230411,0,74531,502090,0,0,0,0,0,0,0,0,0,0,0,NA,NA,NA,NA
77,GLP1RA main_SU main_Acute pancreatitis,truven_mdcd_2359_20230215,0,58097,269180,0,0,0,0,0,0,0,0,0,0,0,NA,NA,NA,NA
77,GLP1RA main_SU main_Acute pancreatitis,UK_IMRD_THIN_20221230,0,32984,61890,0,0,0,0,0,0,0,0,0,0,0,NA,NA,NA,NA
77,GLP1RA main_SU main_Acute pancreatitis,IQVIA_Germany_DA_20230124,0,25687,126110,0,0,0,0,0,0,0,0,0,0,0,NA,NA,NA,NA
77,GLP1RA main_SU main_Acute pancreatitis,France_LPD_20230118,0,17967,69870,0,0,0,0,0,0,0,0,0,0,0,NA,NA,NA,NA
77,GLP1RA main_SU main_Acute pancreatitis,jmdc_2325_20230126,0,15225,30460,0,0,0,0,0,0,0,0,0,0,0,NA,NA,NA,NA
77,GLP1RA main_SU main_Acute pancreatitis,UK_IMRD_EMIS_20230215,0,12232,28020,0,0,0,0,0,0,0,0,0,0,0,NA,NA,NA,NA
77,GLP1RA main_SU main_Acute pancreatitis,JHM_OMOP_20230406,0,11569,31140,0,0,0,0,0,0,0,0,0,0,0,NA,NA,NA,NA
77,GLP1RA main_SU main_Acute pancreatitis,Japan_Claims_20230215,0,10987,31930,0,0,0,0,0,0,0,0,0,0,0,NA,NA,NA,NA
77,GLP1RA main_SU main_Acute pancreatitis,LPD_Italy_20221226,0,8350,18410,0,0,0,0,0,0,0,0,0,0,0,NA,NA,NA,NA
77,GLP1RA main_SU main_Acute pancreatitis,CUIMC_20221214,0,6690,57670,0,0,0,0,0,0,0,0,0,0,0,NA,NA,NA,NA
77,GLP1RA main_SU main_Acute pancreatitis,IQVIA_France_DA_20230201,0,5799,24940,0,0,0,0,0,0,0,0,0,0,0,NA,NA,NA,NA
77,GLP1RA main_SU main_Acute pancreatitis,LPD_Spain_20220704,0,3795,12030,0,0,0,0,0,0,0,0,0,0,0,NA,NA,NA,NA
77,GLP1RA main_SU main_Acute pancreatitis,US_Hospital_20230130,0,2639,14000,0,0,0,0,0,0,0,0,0,0,0,NA,NA,NA,NA
77,GLP1RA main_SU main_Acute pancreatitis,IQVIA_Belgium_LPD_20221006,0,1773,5210,0,0,0,0,0,0,0,0,0,0,0,NA,NA,NA,NA
77,GLP1RA main_SU main_Acute pancreatitis,AUSOM_20220228,0,699,3190,0,0,0,0,0,0,0,0,0,0,0,NA,NA,NA,NA
77,GLP1RA main_SU main_Acute pancreatitis,Australia_EMR_20230317,0,586,4420,0,0,0,0,0,0,0,0,0,0,0,NA,NA,NA,NA
77,GLP1RA main_SU main_Acute pancreatitis,TMUCRD_20210406,0,433,3150,0,0,0,0,0,0,0,0,0,0,0,NA,NA,NA,NA
77,GLP1RA main_SU main_Acute pancreatitis,RED_CDM_Tufts_20221005,0,132,2180,0,0,0,0,0,0,0,0,0,0,0,NA,NA,NA,NA
77,GLP1RA main_SU main_Acute pancreatitis,Japan_HIS_20220120,0,108,2830,0,0,0,0,0,0,0,0,0,0,0,NA,NA,NA,NA
77,GLP1RA main_SU main_Acute pancreatitis,Keck_Upgraded_OMOP_v5_NA,1,15,80,0,0,0,0,0,0,0,0,0,0,0,NA,NA,NA,NA
77,GLP1RA main_SU main_Acute pancreatitis,ktph_sg_NA,1,13,20,0,0,NA,0,0,0,0,0,0,0,0,NA,NA,NA,NA
77,GLP1RA main_SU main_Acute pancreatitis,cdm_cds,2,0,0,0,0,0,0,0,0,0,0,1,0,0,NA,NA,NA,NA
77,GLP1RA main_SU main_Acute pancreatitis,Klinicki_centar_Crne_Gore_20230101,3,0,0,0,0,0,0,0,0,0,1,0,0,1,NA,NA,NA,NA
77,GLP1RA main_SU main_Acute pancreatitis,premier_2326_20230125,3,0,0,0,0,0,0,0,1,0,0,0,0,1,NA,NA,NA,NA
77,GLP1RA main_SU main_Acute pancreatitis,ccpp_v54_20210101,5,0,0,0,0,0,0,0,0,0,1,1,1,1,NA,NA,NA,NA
77,GLP1RA main_SU main_Acute pancreatitis,HKU-THIN,5,0,-12724481,1,0,NA,0,0,0,0,1,0,1,1,NA,NA,NA,NA
77,GLP1RA main_SU main_Acute pancreatitis,omop_20190828,NA,NA,48480,NA,0,NA,0,0,NA,0,NA,0,NA,0,NA,NA,NA,NA
78,SGLT2I main_SU main_Acute pancreatitis,US_OPEN_CLAIMS_20230313,0,2797753,13190780,0,0,0,0,0,0,0,0,0,0,0,NA,NA,NA,NA
78,SGLT2I main_SU main_Acute pancreatitis,US_PharMetrics_Plus_20230330,0,603199,1606870,0,0,0,0,0,0,0,0,0,0,0,NA,NA,NA,NA
78,SGLT2I main_SU main_Acute pancreatitis,optum_extended_ses_2327_20230204,0,433598,953930,0,0,0,0,0,0,0,0,0,0,0,NA,NA,NA,NA
78,SGLT2I main_SU main_Acute pancreatitis,optum_extended_dod_2323_20230201,0,433595,953920,0,0,0,0,0,0,0,0,0,0,0,NA,NA,NA,NA
78,SGLT2I main_SU main_Acute pancreatitis,truven_ccae_2324_20230201,0,397219,936040,0,0,0,0,0,0,0,0,0,0,0,NA,NA,NA,NA
78,SGLT2I main_SU main_Acute pancreatitis,optum_ehr_2247_20221205,0,262584,913790,0,0,0,0,0,0,0,0,0,0,0,NA,NA,NA,NA
78,SGLT2I main_SU main_Acute pancreatitis,truven_mdcr_2322_20230127,0,120964,150100,0,0,0,0,0,0,0,0,0,0,0,NA,NA,NA,NA
78,SGLT2I main_SU main_Acute pancreatitis,pmtx_202203_20220831,0,108591,293530,0,0,0,0,0,0,0,0,0,0,0,NA,NA,NA,NA
78,SGLT2I main_SU main_Acute pancreatitis,jmdc_2325_20230126,0,93462,186980,0,0,0,0,0,0,0,0,0,0,0,NA,NA,NA,NA
78,SGLT2I main_SU main_Acute pancreatitis,VA-OMOP_20230411,0,77503,522110,0,0,0,0,0,0,0,0,0,0,0,NA,NA,NA,NA
78,SGLT2I main_SU main_Acute pancreatitis,Japan_Claims_20230215,0,44250,128600,0,0,0,0,0,0,0,0,0,0,0,NA,NA,NA,NA
78,SGLT2I main_SU main_Acute pancreatitis,UK_IMRD_THIN_20221230,0,40675,76320,0,0,0,0,0,0,0,0,0,0,0,NA,NA,NA,NA
78,SGLT2I main_SU main_Acute pancreatitis,truven_mdcd_2359_20230215,0,36976,171320,0,0,0,0,0,0,0,0,0,0,0,NA,NA,NA,NA
78,SGLT2I main_SU main_Acute pancreatitis,IQVIA_Germany_DA_20230124,0,34376,168770,0,0,0,0,0,0,0,0,0,0,0,NA,NA,NA,NA
78,SGLT2I main_SU main_Acute pancreatitis,UK_IMRD_EMIS_20230215,0,12232,28020,0,0,0,0,0,0,0,0,0,0,0,NA,NA,NA,NA
78,SGLT2I main_SU main_Acute pancreatitis,JHM_OMOP_20230406,0,7898,21260,0,0,0,0,0,0,0,0,0,0,0,NA,NA,NA,NA
78,SGLT2I main_SU main_Acute pancreatitis,LPD_Italy_20221226,0,7179,15830,0,0,0,0,0,0,0,0,0,0,0,NA,NA,NA,NA
78,SGLT2I main_SU main_Acute pancreatitis,LPD_Spain_20220704,0,6161,19530,0,0,0,0,0,0,0,0,0,0,0,NA,NA,NA,NA
78,SGLT2I main_SU main_Acute pancreatitis,US_Hospital_20230130,0,5983,31740,0,0,0,0,0,0,0,0,0,0,0,NA,NA,NA,NA
78,SGLT2I main_SU main_Acute pancreatitis,France_LPD_20230118,0,5475,21290,0,0,0,0,0,0,0,0,0,0,0,NA,NA,NA,NA
78,SGLT2I main_SU main_Acute pancreatitis,CUIMC_20221214,0,4366,37640,0,0,0,0,0,0,0,0,0,0,0,NA,NA,NA,NA
78,SGLT2I main_SU main_Acute pancreatitis,IQVIA_Belgium_LPD_20221006,0,1773,5210,0,0,0,0,0,0,0,0,0,0,0,NA,NA,NA,NA
78,SGLT2I main_SU main_Acute pancreatitis,AUSOM_20220228,0,1500,6850,0,0,0,0,0,0,0,0,0,0,0,NA,NA,NA,NA
78,SGLT2I main_SU main_Acute pancreatitis,TMUCRD_20210406,0,1475,10740,0,0,0,0,0,0,0,0,0,0,0,NA,NA,NA,NA
78,SGLT2I main_SU main_Acute pancreatitis,IQVIA_France_DA_20230201,0,728,3130,0,0,0,0,0,0,0,0,0,0,0,NA,NA,NA,NA
78,SGLT2I main_SU main_Acute pancreatitis,Australia_EMR_20230317,0,586,4420,0,0,0,0,0,0,0,0,0,0,0,NA,NA,NA,NA
78,SGLT2I main_SU main_Acute pancreatitis,Japan_HIS_20220120,0,281,7370,0,0,0,0,0,0,0,0,0,0,0,NA,NA,NA,NA
78,SGLT2I main_SU main_Acute pancreatitis,RED_CDM_Tufts_20221005,0,83,1360,0,0,0,0,0,0,0,0,0,0,0,NA,NA,NA,NA
78,SGLT2I main_SU main_Acute pancreatitis,ktph_sg_NA,1,93,140,0,0,NA,0,0,0,0,0,0,0,0,NA,NA,NA,NA
78,SGLT2I main_SU main_Acute pancreatitis,Keck_Upgraded_OMOP_v5_NA,1,69,370,0,0,0,0,0,0,0,0,0,0,0,NA,NA,NA,NA
78,SGLT2I main_SU main_Acute pancreatitis,Klinicki_centar_Crne_Gore_20230101,2,0,0,0,0,0,0,0,0,0,1,0,0,0,NA,NA,NA,NA
78,SGLT2I main_SU main_Acute pancreatitis,cdm_cds,2,0,0,0,0,0,0,0,0,0,0,1,0,0,NA,NA,NA,NA
78,SGLT2I main_SU main_Acute pancreatitis,premier_2326_20230125,3,0,0,0,0,0,0,0,1,0,0,0,0,1,NA,NA,NA,NA
78,SGLT2I main_SU main_Acute pancreatitis,ccpp_v54_20210101,5,0,0,0,0,0,0,0,0,0,1,1,1,1,NA,NA,NA,NA
78,SGLT2I main_SU main_Acute pancreatitis,HKU-THIN,5,0,-12724481,1,0,NA,0,0,0,0,1,0,1,1,NA,NA,NA,NA
78,SGLT2I main_SU main_Acute pancreatitis,omop_20190828,NA,NA,900220,NA,0,NA,0,0,NA,0,NA,0,NA,NA,NA,NA,NA,NA
79,DPP4I main_GLP1RA main_All-cause mortality,optum_extended_dod_2323_20230201,1,37337,1319840,0,0,0,0,0,0,0,0,0,1,0,NA,NA,NA,0
79,DPP4I main_GLP1RA main_All-cause mortality,truven_mdcr_2322_20230127,1,5135,240010,0,0,0,0,0,0,0,0,0,1,0,NA,NA,NA,0
79,DPP4I main_GLP1RA main_All-cause mortality,optum_ehr_2247_20221205,1,4351,1229200,0,0,0,0,0,0,0,0,0,1,0,NA,NA,NA,0
79,DPP4I main_GLP1RA main_All-cause mortality,truven_ccae_2324_20230201,1,892,236420,0,0,0,0,0,0,0,0,0,1,0,NA,NA,NA,0
79,DPP4I main_GLP1RA main_All-cause mortality,truven_mdcd_2359_20230215,1,863,249690,0,0,0,0,0,0,0,0,0,1,0,NA,NA,NA,0
79,DPP4I main_GLP1RA main_All-cause mortality,UK_IMRD_EMIS_20230215,1,816,29840,0,0,0,0,0,0,0,0,0,1,0,NA,NA,NA,0
79,DPP4I main_GLP1RA main_All-cause mortality,optum_extended_ses_2327_20230204,1,467,73760,0,0,0,0,0,0,0,0,0,1,0,NA,NA,NA,0
79,DPP4I main_GLP1RA main_All-cause mortality,LPD_Italy_20221226,1,304,18410,0,0,0,0,0,0,0,0,0,1,0,NA,NA,NA,0
79,DPP4I main_GLP1RA main_All-cause mortality,jmdc_2325_20230126,1,47,30460,0,0,0,0,0,0,0,0,0,1,0,NA,NA,NA,0
79,DPP4I main_GLP1RA main_All-cause mortality,US_Hospital_20230130,1,29,14000,0,0,0,0,0,0,0,0,0,1,0,NA,NA,NA,0
79,DPP4I main_GLP1RA main_All-cause mortality,IQVIA_Germany_DA_20230124,1,15,24230,0,0,0,0,0,0,0,0,0,1,0,NA,NA,NA,0
79,DPP4I main_GLP1RA main_All-cause mortality,Japan_HIS_20220120,1,1,2830,0,0,0,0,0,0,0,0,0,1,0,NA,NA,NA,0
79,DPP4I main_GLP1RA main_All-cause mortality,IQVIA_Belgium_LPD_20221006,2,2,680,0,0,0,0,0,0,0,0,0,1,0,NA,NA,NA,0
79,DPP4I main_GLP1RA main_All-cause mortality,Australia_EMR_20230317,2,0,590,0,0,0,0,0,0,0,0,0,1,0,NA,NA,NA,0
79,DPP4I main_GLP1RA main_All-cause mortality,US_OPEN_CLAIMS_20230313,2,0,80,0,0,0,0,0,0,0,0,0,1,0,NA,NA,NA,0
79,DPP4I main_GLP1RA main_All-cause mortality,Japan_Claims_20230215,3,0,0,0,0,0,0,0,0,0,0,0,1,0,NA,NA,NA,1
79,DPP4I main_GLP1RA main_All-cause mortality,VA-OMOP_20230411,3,0,0,0,0,0,0,0,0,0,0,0,1,0,NA,NA,NA,1
79,DPP4I main_GLP1RA main_All-cause mortality,Keck_Upgraded_OMOP_v5_NA,3,0,0,0,0,0,0,0,0,0,0,0,1,0,NA,NA,NA,1
79,DPP4I main_GLP1RA main_All-cause mortality,Klinicki_centar_Crne_Gore_20230101,3,0,0,0,0,0,0,0,0,0,1,0,1,0,NA,NA,NA,0
79,DPP4I main_GLP1RA main_All-cause mortality,ktph_sg_NA,3,0,0,0,0,NA,0,0,0,0,0,0,1,0,NA,NA,NA,1
79,DPP4I main_GLP1RA main_All-cause mortality,US_PharMetrics_Plus_20230330,3,0,0,0,0,0,0,0,0,0,0,0,1,0,NA,NA,NA,1
79,DPP4I main_GLP1RA main_All-cause mortality,AUSOM_20220228,3,0,0,0,0,0,0,0,0,0,0,0,1,0,NA,NA,NA,1
79,DPP4I main_GLP1RA main_All-cause mortality,LPD_Spain_20220704,3,0,0,0,0,0,0,0,0,0,0,0,1,0,NA,NA,NA,1
79,DPP4I main_GLP1RA main_All-cause mortality,France_LPD_20230118,3,0,0,0,0,0,0,0,0,0,0,0,1,0,NA,NA,NA,1
79,DPP4I main_GLP1RA main_All-cause mortality,IQVIA_France_DA_20230201,3,0,0,0,0,0,0,0,0,0,0,0,1,0,NA,NA,NA,1
79,DPP4I main_GLP1RA main_All-cause mortality,TMUCRD_20210406,3,0,0,0,0,0,0,0,0,0,0,0,1,0,NA,NA,NA,1
79,DPP4I main_GLP1RA main_All-cause mortality,RED_CDM_Tufts_20221005,3,0,0,0,0,0,0,0,0,0,0,0,1,0,NA,NA,NA,1
79,DPP4I main_GLP1RA main_All-cause mortality,CUIMC_20221214,3,0,0,0,0,0,0,0,0,0,0,0,1,0,NA,NA,NA,1
79,DPP4I main_GLP1RA main_All-cause mortality,JHM_OMOP_20230406,3,0,0,0,0,0,0,0,0,0,0,0,1,0,NA,NA,NA,1
79,DPP4I main_GLP1RA main_All-cause mortality,UK_IMRD_THIN_20221230,3,0,0,0,0,0,0,0,0,0,0,0,1,0,NA,NA,NA,1
79,DPP4I main_GLP1RA main_All-cause mortality,pmtx_202203_20220831,3,0,0,0,0,0,0,0,0,0,0,0,1,0,NA,NA,NA,1
79,DPP4I main_GLP1RA main_All-cause mortality,premier_2326_20230125,4,0,0,0,0,0,0,0,1,0,1,0,1,0,NA,NA,NA,0
79,DPP4I main_GLP1RA main_All-cause mortality,cdm_cds,4,0,0,0,0,0,0,0,0,0,0,1,1,0,NA,NA,NA,1
79,DPP4I main_GLP1RA main_All-cause mortality,ccpp_v54_20210101,6,0,0,0,0,0,0,0,0,0,1,1,1,1,NA,NA,NA,1
79,DPP4I main_GLP1RA main_All-cause mortality,HKU-THIN,6,0,-12724481,1,0,NA,0,0,0,0,1,0,1,1,NA,NA,NA,1
79,DPP4I main_GLP1RA main_All-cause mortality,omop_20190828,NA,NA,0,NA,0,NA,0,0,NA,0,0,0,1,NA,NA,NA,NA,1
80,DPP4I main_SGLT2I main_All-cause mortality,optum_extended_dod_2323_20230201,1,26986,953920,0,0,0,0,0,0,0,0,0,1,0,NA,NA,NA,0
80,DPP4I main_SGLT2I main_All-cause mortality,truven_mdcr_2322_20230127,1,3211,150100,0,0,0,0,0,0,0,0,0,1,0,NA,NA,NA,0
80,DPP4I main_SGLT2I main_All-cause mortality,optum_ehr_2247_20221205,1,2997,913790,0,0,0,0,0,0,0,0,0,1,0,NA,NA,NA,0
80,DPP4I main_SGLT2I main_All-cause mortality,UK_IMRD_EMIS_20230215,1,1051,38460,0,0,0,0,0,0,0,0,0,1,0,NA,NA,NA,0
80,DPP4I main_SGLT2I main_All-cause mortality,truven_mdcd_2359_20230215,1,592,171320,0,0,0,0,0,0,0,0,0,1,0,NA,NA,NA,0
80,DPP4I main_SGLT2I main_All-cause mortality,truven_ccae_2324_20230201,1,565,236420,0,0,0,0,0,0,0,0,0,1,0,NA,NA,NA,0
80,DPP4I main_SGLT2I main_All-cause mortality,optum_extended_ses_2327_20230204,1,337,73760,0,0,0,0,0,0,0,0,0,1,0,NA,NA,NA,0
80,DPP4I main_SGLT2I main_All-cause mortality,jmdc_2325_20230126,1,303,46690,0,0,0,0,0,0,0,0,0,1,0,NA,NA,NA,0
80,DPP4I main_SGLT2I main_All-cause mortality,LPD_Italy_20221226,1,262,15830,0,0,0,0,0,0,0,0,0,1,0,NA,NA,NA,0
80,DPP4I main_SGLT2I main_All-cause mortality,US_Hospital_20230130,1,65,31740,0,0,0,0,0,0,0,0,0,1,0,NA,NA,NA,0
80,DPP4I main_SGLT2I main_All-cause mortality,IQVIA_Germany_DA_20230124,1,21,24230,0,0,0,0,0,0,0,0,0,1,0,NA,NA,NA,0
80,DPP4I main_SGLT2I main_All-cause mortality,Japan_HIS_20220120,1,2,7370,0,0,0,0,0,0,0,0,0,1,0,NA,NA,NA,0
80,DPP4I main_SGLT2I main_All-cause mortality,Australia_EMR_20230317,2,1,590,0,0,0,0,0,0,0,0,0,1,0,NA,NA,NA,0
80,DPP4I main_SGLT2I main_All-cause mortality,IQVIA_Belgium_LPD_20221006,2,1,680,0,0,0,0,0,0,0,0,0,1,0,NA,NA,NA,0
80,DPP4I main_SGLT2I main_All-cause mortality,US_OPEN_CLAIMS_20230313,2,0,80,0,0,0,0,0,0,0,0,0,1,0,NA,NA,NA,0
80,DPP4I main_SGLT2I main_All-cause mortality,Klinicki_centar_Crne_Gore_20230101,2,0,50,0,0,0,0,0,0,0,0,0,1,0,NA,NA,NA,0
80,DPP4I main_SGLT2I main_All-cause mortality,Japan_Claims_20230215,3,0,0,0,0,0,0,0,0,0,0,0,1,0,NA,NA,NA,1
80,DPP4I main_SGLT2I main_All-cause mortality,VA-OMOP_20230411,3,0,0,0,0,0,0,0,0,0,0,0,1,0,NA,NA,NA,1
80,DPP4I main_SGLT2I main_All-cause mortality,Keck_Upgraded_OMOP_v5_NA,3,0,0,0,0,0,0,0,0,0,0,0,1,0,NA,NA,NA,1
80,DPP4I main_SGLT2I main_All-cause mortality,ktph_sg_NA,3,0,0,0,0,NA,0,0,0,0,0,0,1,0,NA,NA,NA,1
80,DPP4I main_SGLT2I main_All-cause mortality,US_PharMetrics_Plus_20230330,3,0,0,0,0,0,0,0,0,0,0,0,1,0,NA,NA,NA,1
80,DPP4I main_SGLT2I main_All-cause mortality,AUSOM_20220228,3,0,0,0,0,0,0,0,0,0,0,0,1,0,NA,NA,NA,1
80,DPP4I main_SGLT2I main_All-cause mortality,LPD_Spain_20220704,3,0,0,0,0,0,0,0,0,0,0,0,1,0,NA,NA,NA,1
80,DPP4I main_SGLT2I main_All-cause mortality,France_LPD_20230118,3,0,0,0,0,0,0,0,0,0,0,0,1,0,NA,NA,NA,1
80,DPP4I main_SGLT2I main_All-cause mortality,IQVIA_France_DA_20230201,3,0,0,0,0,0,0,0,0,0,0,0,1,0,NA,NA,NA,1
80,DPP4I main_SGLT2I main_All-cause mortality,TMUCRD_20210406,3,0,0,0,0,0,0,0,0,0,0,0,1,0,NA,NA,NA,1
80,DPP4I main_SGLT2I main_All-cause mortality,RED_CDM_Tufts_20221005,3,0,0,0,0,0,0,0,0,0,0,0,1,0,NA,NA,NA,1
80,DPP4I main_SGLT2I main_All-cause mortality,CUIMC_20221214,3,0,0,0,0,0,0,0,0,0,0,0,1,0,NA,NA,NA,1
80,DPP4I main_SGLT2I main_All-cause mortality,JHM_OMOP_20230406,3,0,0,0,0,0,0,0,0,0,0,0,1,0,NA,NA,NA,1
80,DPP4I main_SGLT2I main_All-cause mortality,UK_IMRD_THIN_20221230,3,0,0,0,0,0,0,0,0,0,0,0,1,0,NA,NA,NA,1
80,DPP4I main_SGLT2I main_All-cause mortality,pmtx_202203_20220831,3,0,0,0,0,0,0,0,0,0,0,0,1,0,NA,NA,NA,1
80,DPP4I main_SGLT2I main_All-cause mortality,premier_2326_20230125,4,0,0,0,0,0,0,0,1,0,1,0,1,0,NA,NA,NA,0
80,DPP4I main_SGLT2I main_All-cause mortality,cdm_cds,4,0,0,0,0,0,0,0,0,0,0,1,1,0,NA,NA,NA,1
80,DPP4I main_SGLT2I main_All-cause mortality,ccpp_v54_20210101,6,0,0,0,0,0,0,0,0,0,1,1,1,1,NA,NA,NA,1
80,DPP4I main_SGLT2I main_All-cause mortality,HKU-THIN,6,0,-12724481,1,0,NA,0,0,0,0,1,0,1,1,NA,NA,NA,1
80,DPP4I main_SGLT2I main_All-cause mortality,omop_20190828,NA,NA,0,NA,0,NA,0,0,NA,0,NA,0,1,NA,NA,NA,NA,1
81,DPP4I main_SU main_All-cause mortality,optum_extended_dod_2323_20230201,1,37337,1319840,0,0,0,0,0,0,0,0,0,1,0,NA,NA,NA,0
81,DPP4I main_SU main_All-cause mortality,truven_mdcr_2322_20230127,1,10307,287170,0,0,0,0,0,0,0,0,0,1,0,NA,NA,NA,0
81,DPP4I main_SU main_All-cause mortality,optum_ehr_2247_20221205,1,5136,1229200,0,0,0,0,0,0,0,0,0,1,0,NA,NA,NA,0
81,DPP4I main_SU main_All-cause mortality,truven_ccae_2324_20230201,1,892,236420,0,0,0,0,0,0,0,0,0,1,0,NA,NA,NA,0
81,DPP4I main_SU main_All-cause mortality,truven_mdcd_2359_20230215,1,863,249690,0,0,0,0,0,0,0,0,0,1,0,NA,NA,NA,0
81,DPP4I main_SU main_All-cause mortality,UK_IMRD_EMIS_20230215,1,766,28020,0,0,0,0,0,0,0,0,0,1,0,NA,NA,NA,0
81,DPP4I main_SU main_All-cause mortality,US_Hospital_20230130,1,679,333060,0,0,0,0,0,0,0,0,0,1,0,NA,NA,NA,0
81,DPP4I main_SU main_All-cause mortality,LPD_Italy_20221226,1,571,34560,0,0,0,0,0,0,0,0,0,1,0,NA,NA,NA,0
81,DPP4I main_SU main_All-cause mortality,optum_extended_ses_2327_20230204,1,467,73760,0,0,0,0,0,0,0,0,0,1,0,NA,NA,NA,0
81,DPP4I main_SU main_All-cause mortality,jmdc_2325_20230126,1,290,46690,0,0,0,0,0,0,0,0,0,1,0,NA,NA,NA,0
81,DPP4I main_SU main_All-cause mortality,IQVIA_Germany_DA_20230124,1,20,24230,0,0,0,0,0,0,0,0,0,1,0,NA,NA,NA,0
81,DPP4I main_SU main_All-cause mortality,Japan_HIS_20220120,1,4,11790,0,0,0,0,0,0,0,0,0,1,0,NA,NA,NA,0
81,DPP4I main_SU main_All-cause mortality,premier_2326_20230125,2,86,914680,0,0,0,0,0,1,0,0,0,1,0,NA,NA,NA,0
81,DPP4I main_SU main_All-cause mortality,IQVIA_Belgium_LPD_20221006,2,1,680,0,0,0,0,0,0,0,0,0,1,0,NA,NA,NA,0
81,DPP4I main_SU main_All-cause mortality,Australia_EMR_20230317,2,0,590,0,0,0,0,0,0,0,0,0,1,0,NA,NA,NA,0
81,DPP4I main_SU main_All-cause mortality,US_OPEN_CLAIMS_20230313,2,0,80,0,0,0,0,0,0,0,0,0,1,0,NA,NA,NA,0
81,DPP4I main_SU main_All-cause mortality,Japan_Claims_20230215,3,0,0,0,0,0,0,0,0,0,0,0,1,0,NA,NA,NA,1
81,DPP4I main_SU main_All-cause mortality,VA-OMOP_20230411,3,0,0,0,0,0,0,0,0,0,0,0,1,0,NA,NA,NA,1
81,DPP4I main_SU main_All-cause mortality,Keck_Upgraded_OMOP_v5_NA,3,0,0,0,0,0,0,0,0,0,0,0,1,0,NA,NA,NA,1
81,DPP4I main_SU main_All-cause mortality,Klinicki_centar_Crne_Gore_20230101,3,0,0,0,0,0,0,0,0,0,1,0,1,0,NA,NA,NA,0
81,DPP4I main_SU main_All-cause mortality,ktph_sg_NA,3,0,0,0,0,NA,0,0,0,0,0,0,1,0,NA,NA,NA,1
81,DPP4I main_SU main_All-cause mortality,US_PharMetrics_Plus_20230330,3,0,0,0,0,0,0,0,0,0,0,0,1,0,NA,NA,NA,1
81,DPP4I main_SU main_All-cause mortality,AUSOM_20220228,3,0,0,0,0,0,0,0,0,0,0,0,1,0,NA,NA,NA,1
81,DPP4I main_SU main_All-cause mortality,LPD_Spain_20220704,3,0,0,0,0,0,0,0,0,0,0,0,1,0,NA,NA,NA,1
81,DPP4I main_SU main_All-cause mortality,France_LPD_20230118,3,0,0,0,0,0,0,0,0,0,0,0,1,0,NA,NA,NA,1
81,DPP4I main_SU main_All-cause mortality,IQVIA_France_DA_20230201,3,0,0,0,0,0,0,0,0,0,0,0,1,0,NA,NA,NA,1
81,DPP4I main_SU main_All-cause mortality,TMUCRD_20210406,3,0,0,0,0,0,0,0,0,0,0,0,1,0,NA,NA,NA,1
81,DPP4I main_SU main_All-cause mortality,RED_CDM_Tufts_20221005,3,0,0,0,0,0,0,0,0,0,0,0,1,0,NA,NA,NA,1
81,DPP4I main_SU main_All-cause mortality,CUIMC_20221214,3,0,0,0,0,0,0,0,0,0,0,0,1,0,NA,NA,NA,1
81,DPP4I main_SU main_All-cause mortality,JHM_OMOP_20230406,3,0,0,0,0,0,0,0,0,0,0,0,1,0,NA,NA,NA,1
81,DPP4I main_SU main_All-cause mortality,UK_IMRD_THIN_20221230,3,0,0,0,0,0,0,0,0,0,0,0,1,0,NA,NA,NA,1
81,DPP4I main_SU main_All-cause mortality,pmtx_202203_20220831,3,0,0,0,0,0,0,0,0,0,0,0,1,0,NA,NA,NA,1
81,DPP4I main_SU main_All-cause mortality,cdm_cds,4,0,0,0,0,0,0,0,0,0,0,1,1,0,NA,NA,NA,1
81,DPP4I main_SU main_All-cause mortality,ccpp_v54_20210101,6,0,0,0,0,0,0,0,0,0,1,1,1,1,NA,NA,NA,1
81,DPP4I main_SU main_All-cause mortality,HKU-THIN,6,0,-12724481,1,0,NA,0,0,0,0,1,0,1,1,NA,NA,NA,1
81,DPP4I main_SU main_All-cause mortality,omop_20190828,NA,NA,0,NA,0,NA,0,0,NA,0,NA,0,1,NA,NA,NA,NA,1
82,GLP1RA main_SGLT2I main_All-cause mortality,optum_extended_dod_2323_20230201,1,26986,953920,0,0,0,0,0,0,0,0,0,1,0,NA,NA,NA,0
82,GLP1RA main_SGLT2I main_All-cause mortality,truven_mdcr_2322_20230127,1,3211,150100,0,0,0,0,0,0,0,0,0,1,0,NA,NA,NA,0
82,GLP1RA main_SGLT2I main_All-cause mortality,optum_ehr_2247_20221205,1,2997,913790,0,0,0,0,0,0,0,0,0,1,0,NA,NA,NA,0
82,GLP1RA main_SGLT2I main_All-cause mortality,UK_IMRD_EMIS_20230215,1,816,29840,0,0,0,0,0,0,0,0,0,1,0,NA,NA,NA,0
82,GLP1RA main_SGLT2I main_All-cause mortality,truven_mdcd_2359_20230215,1,592,171320,0,0,0,0,0,0,0,0,0,1,0,NA,NA,NA,0
82,GLP1RA main_SGLT2I main_All-cause mortality,truven_ccae_2324_20230201,1,565,236420,0,0,0,0,0,0,0,0,0,1,0,NA,NA,NA,0
82,GLP1RA main_SGLT2I main_All-cause mortality,optum_extended_ses_2327_20230204,1,337,73760,0,0,0,0,0,0,0,0,0,1,0,NA,NA,NA,0
82,GLP1RA main_SGLT2I main_All-cause mortality,LPD_Italy_20221226,1,262,15830,0,0,0,0,0,0,0,0,0,1,0,NA,NA,NA,0
82,GLP1RA main_SGLT2I main_All-cause mortality,jmdc_2325_20230126,1,47,30460,0,0,0,0,0,0,0,0,0,1,0,NA,NA,NA,0
82,GLP1RA main_SGLT2I main_All-cause mortality,US_Hospital_20230130,1,29,14000,0,0,0,0,0,0,0,0,0,1,0,NA,NA,NA,0
82,GLP1RA main_SGLT2I main_All-cause mortality,IQVIA_Germany_DA_20230124,1,15,24230,0,0,0,0,0,0,0,0,0,1,0,NA,NA,NA,0
82,GLP1RA main_SGLT2I main_All-cause mortality,Japan_HIS_20220120,1,1,2830,0,0,0,0,0,0,0,0,0,1,0,NA,NA,NA,0
82,GLP1RA main_SGLT2I main_All-cause mortality,IQVIA_Belgium_LPD_20221006,2,1,680,0,0,0,0,0,0,0,0,0,1,0,NA,NA,NA,0
82,GLP1RA main_SGLT2I main_All-cause mortality,Australia_EMR_20230317,2,0,590,0,0,0,0,0,0,0,0,0,1,0,NA,NA,NA,0
82,GLP1RA main_SGLT2I main_All-cause mortality,US_OPEN_CLAIMS_20230313,2,0,80,0,0,0,0,0,0,0,0,0,1,0,NA,NA,NA,0
82,GLP1RA main_SGLT2I main_All-cause mortality,Japan_Claims_20230215,3,0,0,0,0,0,0,0,0,0,0,0,1,0,NA,NA,NA,1
82,GLP1RA main_SGLT2I main_All-cause mortality,VA-OMOP_20230411,3,0,0,0,0,0,0,0,0,0,0,0,1,0,NA,NA,NA,1
82,GLP1RA main_SGLT2I main_All-cause mortality,Keck_Upgraded_OMOP_v5_NA,3,0,0,0,0,0,0,0,0,0,0,0,1,0,NA,NA,NA,1
82,GLP1RA main_SGLT2I main_All-cause mortality,Klinicki_centar_Crne_Gore_20230101,3,0,0,0,0,0,0,0,0,0,0,0,1,1,NA,NA,NA,0
82,GLP1RA main_SGLT2I main_All-cause mortality,ktph_sg_NA,3,0,0,0,0,NA,0,0,0,0,0,0,1,0,NA,NA,NA,1
82,GLP1RA main_SGLT2I main_All-cause mortality,US_PharMetrics_Plus_20230330,3,0,0,0,0,0,0,0,0,0,0,0,1,0,NA,NA,NA,1
82,GLP1RA main_SGLT2I main_All-cause mortality,AUSOM_20220228,3,0,0,0,0,0,0,0,0,0,0,0,1,0,NA,NA,NA,1
82,GLP1RA main_SGLT2I main_All-cause mortality,LPD_Spain_20220704,3,0,0,0,0,0,0,0,0,0,0,0,1,0,NA,NA,NA,1
82,GLP1RA main_SGLT2I main_All-cause mortality,France_LPD_20230118,3,0,0,0,0,0,0,0,0,0,0,0,1,0,NA,NA,NA,1
82,GLP1RA main_SGLT2I main_All-cause mortality,IQVIA_France_DA_20230201,3,0,0,0,0,0,0,0,0,0,0,0,1,0,NA,NA,NA,1
82,GLP1RA main_SGLT2I main_All-cause mortality,TMUCRD_20210406,3,0,0,0,0,0,0,0,0,0,0,0,1,0,NA,NA,NA,1
82,GLP1RA main_SGLT2I main_All-cause mortality,RED_CDM_Tufts_20221005,3,0,0,0,0,0,0,0,0,0,0,0,1,0,NA,NA,NA,1
82,GLP1RA main_SGLT2I main_All-cause mortality,CUIMC_20221214,3,0,0,0,0,0,0,0,0,0,0,0,1,0,NA,NA,NA,1
82,GLP1RA main_SGLT2I main_All-cause mortality,JHM_OMOP_20230406,3,0,0,0,0,0,0,0,0,0,0,0,1,0,NA,NA,NA,1
82,GLP1RA main_SGLT2I main_All-cause mortality,UK_IMRD_THIN_20221230,3,0,0,0,0,0,0,0,0,0,0,0,1,0,NA,NA,NA,1
82,GLP1RA main_SGLT2I main_All-cause mortality,pmtx_202203_20220831,3,0,0,0,0,0,0,0,0,0,0,0,1,0,NA,NA,NA,1
82,GLP1RA main_SGLT2I main_All-cause mortality,cdm_cds,4,0,0,0,0,0,0,0,0,0,0,1,1,0,NA,NA,NA,1
82,GLP1RA main_SGLT2I main_All-cause mortality,premier_2326_20230125,5,0,0,0,0,0,0,0,1,0,1,0,1,1,NA,NA,NA,0
82,GLP1RA main_SGLT2I main_All-cause mortality,ccpp_v54_20210101,6,0,0,0,0,0,0,0,0,0,1,1,1,1,NA,NA,NA,1
82,GLP1RA main_SGLT2I main_All-cause mortality,HKU-THIN,6,0,-12724481,1,0,NA,0,0,0,0,1,0,1,1,NA,NA,NA,1
82,GLP1RA main_SGLT2I main_All-cause mortality,omop_20190828,NA,NA,0,NA,0,NA,0,0,NA,0,NA,0,1,0,NA,NA,NA,1
83,GLP1RA main_SU main_All-cause mortality,optum_extended_dod_2323_20230201,1,40582,1434550,0,0,0,0,0,0,0,0,0,1,0,NA,NA,NA,0
83,GLP1RA main_SU main_All-cause mortality,truven_mdcr_2322_20230127,1,5135,240010,0,0,0,0,0,0,0,0,0,1,0,NA,NA,NA,0
83,GLP1RA main_SU main_All-cause mortality,optum_ehr_2247_20221205,1,4351,1229200,0,0,0,0,0,0,0,0,0,1,0,NA,NA,NA,0
83,GLP1RA main_SU main_All-cause mortality,truven_ccae_2324_20230201,1,1099,236420,0,0,0,0,0,0,0,0,0,1,0,NA,NA,NA,0
83,GLP1RA main_SU main_All-cause mortality,truven_mdcd_2359_20230215,1,930,269180,0,0,0,0,0,0,0,0,0,1,0,NA,NA,NA,0
83,GLP1RA main_SU main_All-cause mortality,UK_IMRD_EMIS_20230215,1,766,28020,0,0,0,0,0,0,0,0,0,1,0,NA,NA,NA,0
83,GLP1RA main_SU main_All-cause mortality,optum_extended_ses_2327_20230204,1,507,73760,0,0,0,0,0,0,0,0,0,1,0,NA,NA,NA,0
83,GLP1RA main_SU main_All-cause mortality,LPD_Italy_20221226,1,304,18410,0,0,0,0,0,0,0,0,0,1,0,NA,NA,NA,0
83,GLP1RA main_SU main_All-cause mortality,jmdc_2325_20230126,1,47,30460,0,0,0,0,0,0,0,0,0,1,0,NA,NA,NA,0
83,GLP1RA main_SU main_All-cause mortality,US_Hospital_20230130,1,29,14000,0,0,0,0,0,0,0,0,0,1,0,NA,NA,NA,0
83,GLP1RA main_SU main_All-cause mortality,IQVIA_Germany_DA_20230124,1,15,24230,0,0,0,0,0,0,0,0,0,1,0,NA,NA,NA,0
83,GLP1RA main_SU main_All-cause mortality,Japan_HIS_20220120,1,1,2830,0,0,0,0,0,0,0,0,0,1,0,NA,NA,NA,0
83,GLP1RA main_SU main_All-cause mortality,IQVIA_Belgium_LPD_20221006,2,1,680,0,0,0,0,0,0,0,0,0,1,0,NA,NA,NA,0
83,GLP1RA main_SU main_All-cause mortality,Australia_EMR_20230317,2,0,590,0,0,0,0,0,0,0,0,0,1,0,NA,NA,NA,0
83,GLP1RA main_SU main_All-cause mortality,US_OPEN_CLAIMS_20230313,2,0,80,0,0,0,0,0,0,0,0,0,1,0,NA,NA,NA,0
83,GLP1RA main_SU main_All-cause mortality,Japan_Claims_20230215,3,0,0,0,0,0,0,0,0,0,0,0,1,0,NA,NA,NA,1
83,GLP1RA main_SU main_All-cause mortality,VA-OMOP_20230411,3,0,0,0,0,0,0,0,0,0,0,0,1,0,NA,NA,NA,1
83,GLP1RA main_SU main_All-cause mortality,Keck_Upgraded_OMOP_v5_NA,3,0,0,0,0,0,0,0,0,0,0,0,1,0,NA,NA,NA,1
83,GLP1RA main_SU main_All-cause mortality,ktph_sg_NA,3,0,0,0,0,NA,0,0,0,0,0,0,1,0,NA,NA,NA,1
83,GLP1RA main_SU main_All-cause mortality,US_PharMetrics_Plus_20230330,3,0,0,0,0,0,0,0,0,0,0,0,1,0,NA,NA,NA,1
83,GLP1RA main_SU main_All-cause mortality,AUSOM_20220228,3,0,0,0,0,0,0,0,0,0,0,0,1,0,NA,NA,NA,1
83,GLP1RA main_SU main_All-cause mortality,LPD_Spain_20220704,3,0,0,0,0,0,0,0,0,0,0,0,1,0,NA,NA,NA,1
83,GLP1RA main_SU main_All-cause mortality,France_LPD_20230118,3,0,0,0,0,0,0,0,0,0,0,0,1,0,NA,NA,NA,1
83,GLP1RA main_SU main_All-cause mortality,IQVIA_France_DA_20230201,3,0,0,0,0,0,0,0,0,0,0,0,1,0,NA,NA,NA,1
83,GLP1RA main_SU main_All-cause mortality,TMUCRD_20210406,3,0,0,0,0,0,0,0,0,0,0,0,1,0,NA,NA,NA,1
83,GLP1RA main_SU main_All-cause mortality,RED_CDM_Tufts_20221005,3,0,0,0,0,0,0,0,0,0,0,0,1,0,NA,NA,NA,1
83,GLP1RA main_SU main_All-cause mortality,CUIMC_20221214,3,0,0,0,0,0,0,0,0,0,0,0,1,0,NA,NA,NA,1
83,GLP1RA main_SU main_All-cause mortality,JHM_OMOP_20230406,3,0,0,0,0,0,0,0,0,0,0,0,1,0,NA,NA,NA,1
83,GLP1RA main_SU main_All-cause mortality,UK_IMRD_THIN_20221230,3,0,0,0,0,0,0,0,0,0,0,0,1,0,NA,NA,NA,1
83,GLP1RA main_SU main_All-cause mortality,pmtx_202203_20220831,3,0,0,0,0,0,0,0,0,0,0,0,1,0,NA,NA,NA,1
83,GLP1RA main_SU main_All-cause mortality,Klinicki_centar_Crne_Gore_20230101,4,0,0,0,0,0,0,0,0,0,1,0,1,1,NA,NA,NA,0
83,GLP1RA main_SU main_All-cause mortality,premier_2326_20230125,4,0,0,0,0,0,0,0,1,0,0,0,1,1,NA,NA,NA,0
83,GLP1RA main_SU main_All-cause mortality,cdm_cds,4,0,0,0,0,0,0,0,0,0,0,1,1,0,NA,NA,NA,1
83,GLP1RA main_SU main_All-cause mortality,ccpp_v54_20210101,6,0,0,0,0,0,0,0,0,0,1,1,1,1,NA,NA,NA,1
83,GLP1RA main_SU main_All-cause mortality,HKU-THIN,6,0,-12724481,1,0,NA,0,0,0,0,1,0,1,1,NA,NA,NA,1
83,GLP1RA main_SU main_All-cause mortality,omop_20190828,NA,NA,0,NA,0,NA,0,0,NA,0,NA,0,1,0,NA,NA,NA,1
84,SGLT2I main_SU main_All-cause mortality,optum_extended_dod_2323_20230201,1,26986,953920,0,0,0,0,0,0,0,0,0,1,0,NA,NA,NA,0
84,SGLT2I main_SU main_All-cause mortality,truven_mdcr_2322_20230127,1,3211,150100,0,0,0,0,0,0,0,0,0,1,0,NA,NA,NA,0
84,SGLT2I main_SU main_All-cause mortality,optum_ehr_2247_20221205,1,2997,913790,0,0,0,0,0,0,0,0,0,1,0,NA,NA,NA,0
84,SGLT2I main_SU main_All-cause mortality,UK_IMRD_EMIS_20230215,1,766,28020,0,0,0,0,0,0,0,0,0,1,0,NA,NA,NA,0
84,SGLT2I main_SU main_All-cause mortality,truven_mdcd_2359_20230215,1,592,171320,0,0,0,0,0,0,0,0,0,1,0,NA,NA,NA,0
84,SGLT2I main_SU main_All-cause mortality,truven_ccae_2324_20230201,1,565,236420,0,0,0,0,0,0,0,0,0,1,0,NA,NA,NA,0
84,SGLT2I main_SU main_All-cause mortality,optum_extended_ses_2327_20230204,1,337,73760,0,0,0,0,0,0,0,0,0,1,0,NA,NA,NA,0
84,SGLT2I main_SU main_All-cause mortality,jmdc_2325_20230126,1,290,46690,0,0,0,0,0,0,0,0,0,1,0,NA,NA,NA,0
84,SGLT2I main_SU main_All-cause mortality,LPD_Italy_20221226,1,262,15830,0,0,0,0,0,0,0,0,0,1,0,NA,NA,NA,0
84,SGLT2I main_SU main_All-cause mortality,US_Hospital_20230130,1,65,31740,0,0,0,0,0,0,0,0,0,1,0,NA,NA,NA,0
84,SGLT2I main_SU main_All-cause mortality,IQVIA_Germany_DA_20230124,1,20,24230,0,0,0,0,0,0,0,0,0,1,0,NA,NA,NA,0
84,SGLT2I main_SU main_All-cause mortality,Japan_HIS_20220120,1,2,7370,0,0,0,0,0,0,0,0,0,1,0,NA,NA,NA,0
84,SGLT2I main_SU main_All-cause mortality,IQVIA_Belgium_LPD_20221006,2,1,680,0,0,0,0,0,0,0,0,0,1,0,NA,NA,NA,0
84,SGLT2I main_SU main_All-cause mortality,Australia_EMR_20230317,2,0,590,0,0,0,0,0,0,0,0,0,1,0,NA,NA,NA,0
84,SGLT2I main_SU main_All-cause mortality,US_OPEN_CLAIMS_20230313,2,0,80,0,0,0,0,0,0,0,0,0,1,0,NA,NA,NA,0
84,SGLT2I main_SU main_All-cause mortality,Japan_Claims_20230215,3,0,0,0,0,0,0,0,0,0,0,0,1,0,NA,NA,NA,1
84,SGLT2I main_SU main_All-cause mortality,VA-OMOP_20230411,3,0,0,0,0,0,0,0,0,0,0,0,1,0,NA,NA,NA,1
84,SGLT2I main_SU main_All-cause mortality,Keck_Upgraded_OMOP_v5_NA,3,0,0,0,0,0,0,0,0,0,0,0,1,0,NA,NA,NA,1
84,SGLT2I main_SU main_All-cause mortality,Klinicki_centar_Crne_Gore_20230101,3,0,0,0,0,0,0,0,0,0,1,0,1,0,NA,NA,NA,0
84,SGLT2I main_SU main_All-cause mortality,ktph_sg_NA,3,0,0,0,0,NA,0,0,0,0,0,0,1,0,NA,NA,NA,1
84,SGLT2I main_SU main_All-cause mortality,US_PharMetrics_Plus_20230330,3,0,0,0,0,0,0,0,0,0,0,0,1,0,NA,NA,NA,1
84,SGLT2I main_SU main_All-cause mortality,AUSOM_20220228,3,0,0,0,0,0,0,0,0,0,0,0,1,0,NA,NA,NA,1
84,SGLT2I main_SU main_All-cause mortality,LPD_Spain_20220704,3,0,0,0,0,0,0,0,0,0,0,0,1,0,NA,NA,NA,1
84,SGLT2I main_SU main_All-cause mortality,France_LPD_20230118,3,0,0,0,0,0,0,0,0,0,0,0,1,0,NA,NA,NA,1
84,SGLT2I main_SU main_All-cause mortality,IQVIA_France_DA_20230201,3,0,0,0,0,0,0,0,0,0,0,0,1,0,NA,NA,NA,1
84,SGLT2I main_SU main_All-cause mortality,TMUCRD_20210406,3,0,0,0,0,0,0,0,0,0,0,0,1,0,NA,NA,NA,1
84,SGLT2I main_SU main_All-cause mortality,RED_CDM_Tufts_20221005,3,0,0,0,0,0,0,0,0,0,0,0,1,0,NA,NA,NA,1
84,SGLT2I main_SU main_All-cause mortality,CUIMC_20221214,3,0,0,0,0,0,0,0,0,0,0,0,1,0,NA,NA,NA,1
84,SGLT2I main_SU main_All-cause mortality,JHM_OMOP_20230406,3,0,0,0,0,0,0,0,0,0,0,0,1,0,NA,NA,NA,1
84,SGLT2I main_SU main_All-cause mortality,UK_IMRD_THIN_20221230,3,0,0,0,0,0,0,0,0,0,0,0,1,0,NA,NA,NA,1
84,SGLT2I main_SU main_All-cause mortality,pmtx_202203_20220831,3,0,0,0,0,0,0,0,0,0,0,0,1,0,NA,NA,NA,1
84,SGLT2I main_SU main_All-cause mortality,premier_2326_20230125,4,0,0,0,0,0,0,0,1,0,0,0,1,1,NA,NA,NA,0
84,SGLT2I main_SU main_All-cause mortality,cdm_cds,4,0,0,0,0,0,0,0,0,0,0,1,1,0,NA,NA,NA,1
84,SGLT2I main_SU main_All-cause mortality,ccpp_v54_20210101,6,0,0,0,0,0,0,0,0,0,1,1,1,1,NA,NA,NA,1
84,SGLT2I main_SU main_All-cause mortality,HKU-THIN,6,0,-12724481,1,0,NA,0,0,0,0,1,0,1,1,NA,NA,NA,1
84,SGLT2I main_SU main_All-cause mortality,omop_20190828,NA,NA,0,NA,0,NA,0,0,NA,0,NA,0,1,NA,NA,NA,NA,1
85,DPP4I main_GLP1RA main_Bladder cancer,US_OPEN_CLAIMS_20230313,0,2984398,14070770,0,0,0,0,0,0,0,0,0,0,0,NA,NA,NA,NA
85,DPP4I main_GLP1RA main_Bladder cancer,truven_ccae_2324_20230201,0,626883,1477240,0,0,0,0,0,0,0,0,0,0,0,NA,NA,NA,NA
85,DPP4I main_GLP1RA main_Bladder cancer,optum_extended_dod_2323_20230201,0,599920,1319840,0,0,0,0,0,0,0,0,0,0,0,NA,NA,NA,NA
85,DPP4I main_GLP1RA main_Bladder cancer,optum_extended_ses_2327_20230204,0,599919,1319840,0,0,0,0,0,0,0,0,0,0,0,NA,NA,NA,NA
85,DPP4I main_GLP1RA main_Bladder cancer,US_PharMetrics_Plus_20230330,0,546343,1455410,0,0,0,0,0,0,0,0,0,0,0,NA,NA,NA,NA
85,DPP4I main_GLP1RA main_Bladder cancer,optum_ehr_2247_20221205,0,381202,1326580,0,0,0,0,0,0,0,0,0,0,0,NA,NA,NA,NA
85,DPP4I main_GLP1RA main_Bladder cancer,truven_mdcr_2322_20230127,0,193421,240010,0,0,0,0,0,0,0,0,0,0,0,NA,NA,NA,NA
85,DPP4I main_GLP1RA main_Bladder cancer,pmtx_202203_20220831,0,113907,307900,0,0,0,0,0,0,0,0,0,0,0,NA,NA,NA,NA
85,DPP4I main_GLP1RA main_Bladder cancer,VA-OMOP_20230411,0,74531,502090,0,0,0,0,0,0,0,0,0,0,0,NA,NA,NA,NA
85,DPP4I main_GLP1RA main_Bladder cancer,truven_mdcd_2359_20230215,0,53891,249690,0,0,0,0,0,0,0,0,0,0,0,NA,NA,NA,NA
85,DPP4I main_GLP1RA main_Bladder cancer,UK_IMRD_THIN_20221230,0,32984,61890,0,0,0,0,0,0,0,0,0,0,0,NA,NA,NA,NA
85,DPP4I main_GLP1RA main_Bladder cancer,IQVIA_Germany_DA_20230124,0,25687,126110,0,0,0,0,0,0,0,0,0,0,0,NA,NA,NA,NA
85,DPP4I main_GLP1RA main_Bladder cancer,France_LPD_20230118,0,19374,75340,0,0,0,0,0,0,0,0,0,0,0,NA,NA,NA,NA
85,DPP4I main_GLP1RA main_Bladder cancer,jmdc_2325_20230126,0,15225,30460,0,0,0,0,0,0,0,0,0,0,0,NA,NA,NA,NA
85,DPP4I main_GLP1RA main_Bladder cancer,UK_IMRD_EMIS_20230215,0,13027,29840,0,0,0,0,0,0,0,0,0,0,0,NA,NA,NA,NA
85,DPP4I main_GLP1RA main_Bladder cancer,Japan_Claims_20230215,0,10987,31930,0,0,0,0,0,0,0,0,0,0,0,NA,NA,NA,NA
85,DPP4I main_GLP1RA main_Bladder cancer,LPD_Italy_20221226,0,8350,18410,0,0,0,0,0,0,0,0,0,0,0,NA,NA,NA,NA
85,DPP4I main_GLP1RA main_Bladder cancer,JHM_OMOP_20230406,0,7300,19650,0,0,0,0,0,0,0,0,0,0,0,NA,NA,NA,NA
85,DPP4I main_GLP1RA main_Bladder cancer,CUIMC_20221214,0,6690,57670,0,0,0,0,0,0,0,0,0,0,0,NA,NA,NA,NA
85,DPP4I main_GLP1RA main_Bladder cancer,IQVIA_France_DA_20230201,0,5799,24940,0,0,0,0,0,0,0,0,0,0,0,NA,NA,NA,NA
85,DPP4I main_GLP1RA main_Bladder cancer,LPD_Spain_20220704,0,3795,12030,0,0,0,0,0,0,0,0,0,0,0,NA,NA,NA,NA
85,DPP4I main_GLP1RA main_Bladder cancer,IQVIA_Belgium_LPD_20221006,0,2933,8620,0,0,0,0,0,0,0,0,0,0,0,NA,NA,NA,NA
85,DPP4I main_GLP1RA main_Bladder cancer,US_Hospital_20230130,0,2639,14000,0,0,0,0,0,0,0,0,0,0,0,NA,NA,NA,NA
85,DPP4I main_GLP1RA main_Bladder cancer,Australia_EMR_20230317,0,835,6300,0,0,0,0,0,0,0,0,0,0,0,NA,NA,NA,NA
85,DPP4I main_GLP1RA main_Bladder cancer,AUSOM_20220228,0,699,3190,0,0,0,0,0,0,0,0,0,0,0,NA,NA,NA,NA
85,DPP4I main_GLP1RA main_Bladder cancer,TMUCRD_20210406,0,433,3150,0,0,0,0,0,0,0,0,0,0,0,NA,NA,NA,NA
85,DPP4I main_GLP1RA main_Bladder cancer,RED_CDM_Tufts_20221005,0,113,1860,0,0,0,0,0,0,0,0,0,0,0,NA,NA,NA,NA
85,DPP4I main_GLP1RA main_Bladder cancer,Japan_HIS_20220120,0,108,2830,0,0,0,0,0,0,0,0,0,0,0,NA,NA,NA,NA
85,DPP4I main_GLP1RA main_Bladder cancer,Keck_Upgraded_OMOP_v5_NA,1,15,80,0,0,0,0,0,0,0,0,0,0,0,NA,NA,NA,NA
85,DPP4I main_GLP1RA main_Bladder cancer,ktph_sg_NA,2,13,20,0,0,NA,0,0,0,0,0,0,1,0,NA,NA,NA,NA
85,DPP4I main_GLP1RA main_Bladder cancer,Klinicki_centar_Crne_Gore_20230101,2,0,0,0,0,0,0,0,0,0,1,0,0,0,NA,NA,NA,NA
85,DPP4I main_GLP1RA main_Bladder cancer,cdm_cds,2,0,0,0,0,0,0,0,0,0,0,1,0,0,NA,NA,NA,NA
85,DPP4I main_GLP1RA main_Bladder cancer,premier_2326_20230125,3,0,0,0,0,0,0,0,1,0,1,0,0,0,NA,NA,NA,NA
85,DPP4I main_GLP1RA main_Bladder cancer,ccpp_v54_20210101,5,0,0,0,0,0,0,0,0,0,1,1,1,1,NA,NA,NA,NA
85,DPP4I main_GLP1RA main_Bladder cancer,HKU-THIN,5,0,-12724481,1,0,NA,0,0,0,0,1,0,1,1,NA,NA,NA,NA
85,DPP4I main_GLP1RA main_Bladder cancer,omop_20190828,NA,NA,48480,NA,0,NA,0,0,NA,0,0,0,NA,NA,NA,NA,NA,NA
86,DPP4I main_SGLT2I main_Bladder cancer,US_OPEN_CLAIMS_20230313,0,2797753,13190780,0,0,0,0,0,0,0,0,0,0,0,NA,NA,NA,NA
86,DPP4I main_SGLT2I main_Bladder cancer,US_PharMetrics_Plus_20230330,0,546343,1455410,0,0,0,0,0,0,0,0,0,0,0,NA,NA,NA,NA
86,DPP4I main_SGLT2I main_Bladder cancer,optum_extended_ses_2327_20230204,0,433598,953930,0,0,0,0,0,0,0,0,0,0,0,NA,NA,NA,NA
86,DPP4I main_SGLT2I main_Bladder cancer,optum_extended_dod_2323_20230201,0,433595,953920,0,0,0,0,0,0,0,0,0,0,0,NA,NA,NA,NA
86,DPP4I main_SGLT2I main_Bladder cancer,truven_ccae_2324_20230201,0,397219,936040,0,0,0,0,0,0,0,0,0,0,0,NA,NA,NA,NA
86,DPP4I main_SGLT2I main_Bladder cancer,optum_ehr_2247_20221205,0,262584,913790,0,0,0,0,0,0,0,0,0,0,0,NA,NA,NA,NA
86,DPP4I main_SGLT2I main_Bladder cancer,truven_mdcr_2322_20230127,0,120964,150100,0,0,0,0,0,0,0,0,0,0,0,NA,NA,NA,NA
86,DPP4I main_SGLT2I main_Bladder cancer,pmtx_202203_20220831,0,108591,293530,0,0,0,0,0,0,0,0,0,0,0,NA,NA,NA,NA
86,DPP4I main_SGLT2I main_Bladder cancer,jmdc_2325_20230126,0,97761,195580,0,0,0,0,0,0,0,0,0,0,0,NA,NA,NA,NA
86,DPP4I main_SGLT2I main_Bladder cancer,VA-OMOP_20230411,0,77503,522110,0,0,0,0,0,0,0,0,0,0,0,NA,NA,NA,NA
86,DPP4I main_SGLT2I main_Bladder cancer,Japan_Claims_20230215,0,44250,128600,0,0,0,0,0,0,0,0,0,0,0,NA,NA,NA,NA
86,DPP4I main_SGLT2I main_Bladder cancer,UK_IMRD_THIN_20221230,0,40675,76320,0,0,0,0,0,0,0,0,0,0,0,NA,NA,NA,NA
86,DPP4I main_SGLT2I main_Bladder cancer,truven_mdcd_2359_20230215,0,36976,171320,0,0,0,0,0,0,0,0,0,0,0,NA,NA,NA,NA
86,DPP4I main_SGLT2I main_Bladder cancer,IQVIA_Germany_DA_20230124,0,36211,177780,0,0,0,0,0,0,0,0,0,0,0,NA,NA,NA,NA
86,DPP4I main_SGLT2I main_Bladder cancer,UK_IMRD_EMIS_20230215,0,16790,38460,0,0,0,0,0,0,0,0,0,0,0,NA,NA,NA,NA
86,DPP4I main_SGLT2I main_Bladder cancer,LPD_Spain_20220704,0,10616,33650,0,0,0,0,0,0,0,0,0,0,0,NA,NA,NA,NA
86,DPP4I main_SGLT2I main_Bladder cancer,JHM_OMOP_20230406,0,7300,19650,0,0,0,0,0,0,0,0,0,0,0,NA,NA,NA,NA
86,DPP4I main_SGLT2I main_Bladder cancer,LPD_Italy_20221226,0,7179,15830,0,0,0,0,0,0,0,0,0,0,0,NA,NA,NA,NA
86,DPP4I main_SGLT2I main_Bladder cancer,US_Hospital_20230130,0,5983,31740,0,0,0,0,0,0,0,0,0,0,0,NA,NA,NA,NA
86,DPP4I main_SGLT2I main_Bladder cancer,France_LPD_20230118,0,5475,21290,0,0,0,0,0,0,0,0,0,0,0,NA,NA,NA,NA
86,DPP4I main_SGLT2I main_Bladder cancer,CUIMC_20221214,0,4366,37640,0,0,0,0,0,0,0,0,0,0,0,NA,NA,NA,NA
86,DPP4I main_SGLT2I main_Bladder cancer,Australia_EMR_20230317,0,2683,20240,0,0,0,0,0,0,0,0,0,0,0,NA,NA,NA,NA
86,DPP4I main_SGLT2I main_Bladder cancer,IQVIA_Belgium_LPD_20221006,0,2208,6490,0,0,0,0,0,0,0,0,0,0,0,NA,NA,NA,NA
86,DPP4I main_SGLT2I main_Bladder cancer,AUSOM_20220228,0,1500,6850,0,0,0,0,0,0,0,0,0,0,0,NA,NA,NA,NA
86,DPP4I main_SGLT2I main_Bladder cancer,TMUCRD_20210406,0,1475,10740,0,0,0,0,0,0,0,0,0,0,0,NA,NA,NA,NA
86,DPP4I main_SGLT2I main_Bladder cancer,IQVIA_France_DA_20230201,0,728,3130,0,0,0,0,0,0,0,0,0,0,0,NA,NA,NA,NA
86,DPP4I main_SGLT2I main_Bladder cancer,Japan_HIS_20220120,0,281,7370,0,0,0,0,0,0,0,0,0,0,0,NA,NA,NA,NA
86,DPP4I main_SGLT2I main_Bladder cancer,RED_CDM_Tufts_20221005,0,83,1360,0,0,0,0,0,0,0,0,0,0,0,NA,NA,NA,NA
86,DPP4I main_SGLT2I main_Bladder cancer,Keck_Upgraded_OMOP_v5_NA,1,69,370,0,0,0,0,0,0,0,0,0,0,0,NA,NA,NA,NA
86,DPP4I main_SGLT2I main_Bladder cancer,Klinicki_centar_Crne_Gore_20230101,1,10,50,0,0,0,0,0,0,0,0,0,0,0,NA,NA,NA,NA
86,DPP4I main_SGLT2I main_Bladder cancer,ktph_sg_NA,2,93,140,0,0,NA,0,0,0,0,0,0,1,0,NA,NA,NA,NA
86,DPP4I main_SGLT2I main_Bladder cancer,cdm_cds,2,0,0,0,0,0,0,0,0,0,0,1,0,0,NA,NA,NA,NA
86,DPP4I main_SGLT2I main_Bladder cancer,premier_2326_20230125,3,0,0,0,0,0,0,0,1,0,1,0,0,0,NA,NA,NA,NA
86,DPP4I main_SGLT2I main_Bladder cancer,ccpp_v54_20210101,5,0,0,0,0,0,0,0,0,0,1,1,1,1,NA,NA,NA,NA
86,DPP4I main_SGLT2I main_Bladder cancer,HKU-THIN,5,0,-12724481,1,0,NA,0,0,0,0,1,0,1,1,NA,NA,NA,NA
86,DPP4I main_SGLT2I main_Bladder cancer,omop_20190828,NA,NA,900220,NA,0,NA,0,0,NA,0,NA,0,NA,NA,NA,NA,NA,NA
87,DPP4I main_SU main_Bladder cancer,US_OPEN_CLAIMS_20230313,0,2984398,14070770,0,0,0,0,0,0,0,0,0,0,0,NA,NA,NA,NA
87,DPP4I main_SU main_Bladder cancer,truven_ccae_2324_20230201,0,626883,1477240,0,0,0,0,0,0,0,0,0,0,0,NA,NA,NA,NA
87,DPP4I main_SU main_Bladder cancer,optum_extended_dod_2323_20230201,0,599920,1319840,0,0,0,0,0,0,0,0,0,0,0,NA,NA,NA,NA
87,DPP4I main_SU main_Bladder cancer,optum_extended_ses_2327_20230204,0,599919,1319840,0,0,0,0,0,0,0,0,0,0,0,NA,NA,NA,NA
87,DPP4I main_SU main_Bladder cancer,US_PharMetrics_Plus_20230330,0,546343,1455410,0,0,0,0,0,0,0,0,0,0,0,NA,NA,NA,NA
87,DPP4I main_SU main_Bladder cancer,optum_ehr_2247_20221205,0,449949,1565820,0,0,0,0,0,0,0,0,0,0,0,NA,NA,NA,NA
87,DPP4I main_SU main_Bladder cancer,truven_mdcr_2322_20230127,0,388236,481750,0,0,0,0,0,0,0,0,0,0,0,NA,NA,NA,NA
87,DPP4I main_SU main_Bladder cancer,pmtx_202203_20220831,0,113907,307900,0,0,0,0,0,0,0,0,0,0,0,NA,NA,NA,NA
87,DPP4I main_SU main_Bladder cancer,jmdc_2325_20230126,0,93462,186980,0,0,0,0,0,0,0,0,0,0,0,NA,NA,NA,NA
87,DPP4I main_SU main_Bladder cancer,VA-OMOP_20230411,0,78282,527360,0,0,0,0,0,0,0,0,0,0,0,NA,NA,NA,NA
87,DPP4I main_SU main_Bladder cancer,Japan_Claims_20230215,0,63264,183860,0,0,0,0,0,0,0,0,0,0,0,NA,NA,NA,NA
87,DPP4I main_SU main_Bladder cancer,US_Hospital_20230130,0,62779,333060,0,0,0,0,0,0,0,0,0,0,0,NA,NA,NA,NA
87,DPP4I main_SU main_Bladder cancer,truven_mdcd_2359_20230215,0,53891,249690,0,0,0,0,0,0,0,0,0,0,0,NA,NA,NA,NA
87,DPP4I main_SU main_Bladder cancer,UK_IMRD_THIN_20221230,0,46223,86730,0,0,0,0,0,0,0,0,0,0,0,NA,NA,NA,NA
87,DPP4I main_SU main_Bladder cancer,IQVIA_Germany_DA_20230124,0,34376,168770,0,0,0,0,0,0,0,0,0,0,0,NA,NA,NA,NA
87,DPP4I main_SU main_Bladder cancer,France_LPD_20230118,0,17967,69870,0,0,0,0,0,0,0,0,0,0,0,NA,NA,NA,NA
87,DPP4I main_SU main_Bladder cancer,LPD_Italy_20221226,0,15674,34560,0,0,0,0,0,0,0,0,0,0,0,NA,NA,NA,NA
87,DPP4I main_SU main_Bladder cancer,UK_IMRD_EMIS_20230215,0,12232,28020,0,0,0,0,0,0,0,0,0,0,0,NA,NA,NA,NA
87,DPP4I main_SU main_Bladder cancer,IQVIA_France_DA_20230201,0,8245,35460,0,0,0,0,0,0,0,0,0,0,0,NA,NA,NA,NA
87,DPP4I main_SU main_Bladder cancer,AUSOM_20220228,0,7616,34770,0,0,0,0,0,0,0,0,0,0,0,NA,NA,NA,NA
87,DPP4I main_SU main_Bladder cancer,JHM_OMOP_20230406,0,7300,19650,0,0,0,0,0,0,0,0,0,0,0,NA,NA,NA,NA
87,DPP4I main_SU main_Bladder cancer,TMUCRD_20210406,0,7245,52740,0,0,0,0,0,0,0,0,0,0,0,NA,NA,NA,NA
87,DPP4I main_SU main_Bladder cancer,CUIMC_20221214,0,7067,60920,0,0,0,0,0,0,0,0,0,0,0,NA,NA,NA,NA
87,DPP4I main_SU main_Bladder cancer,LPD_Spain_20220704,0,6161,19530,0,0,0,0,0,0,0,0,0,0,0,NA,NA,NA,NA
87,DPP4I main_SU main_Bladder cancer,IQVIA_Belgium_LPD_20221006,0,1773,5210,0,0,0,0,0,0,0,0,0,0,0,NA,NA,NA,NA
87,DPP4I main_SU main_Bladder cancer,Keck_Upgraded_OMOP_v5_NA,0,1700,9120,0,0,0,0,0,0,0,0,0,0,0,NA,NA,NA,NA
87,DPP4I main_SU main_Bladder cancer,Australia_EMR_20230317,0,586,4420,0,0,0,0,0,0,0,0,0,0,0,NA,NA,NA,NA
87,DPP4I main_SU main_Bladder cancer,Japan_HIS_20220120,0,449,11790,0,0,0,0,0,0,0,0,0,0,0,NA,NA,NA,NA
87,DPP4I main_SU main_Bladder cancer,RED_CDM_Tufts_20221005,0,113,1860,0,0,0,0,0,0,0,0,0,0,0,NA,NA,NA,NA
87,DPP4I main_SU main_Bladder cancer,premier_2326_20230125,1,6525,914680,0,0,0,0,0,1,0,0,0,0,0,NA,NA,NA,NA
87,DPP4I main_SU main_Bladder cancer,ktph_sg_NA,2,578,870,0,0,NA,0,0,0,0,0,0,1,0,NA,NA,NA,NA
87,DPP4I main_SU main_Bladder cancer,Klinicki_centar_Crne_Gore_20230101,2,0,0,0,0,0,0,0,0,0,1,0,0,0,NA,NA,NA,NA
87,DPP4I main_SU main_Bladder cancer,cdm_cds,2,0,0,0,0,0,0,0,0,0,0,1,0,0,NA,NA,NA,NA
87,DPP4I main_SU main_Bladder cancer,ccpp_v54_20210101,5,0,0,0,0,0,0,0,0,0,1,1,1,1,NA,NA,NA,NA
87,DPP4I main_SU main_Bladder cancer,HKU-THIN,5,0,-12724481,1,0,NA,0,0,0,0,1,0,1,1,NA,NA,NA,NA
87,DPP4I main_SU main_Bladder cancer,omop_20190828,NA,NA,900220,NA,0,NA,0,0,NA,0,NA,0,NA,NA,NA,NA,NA,NA
88,GLP1RA main_SGLT2I main_Bladder cancer,US_OPEN_CLAIMS_20230313,0,2797753,13190780,0,0,0,0,0,0,0,0,0,0,0,NA,NA,NA,NA
88,GLP1RA main_SGLT2I main_Bladder cancer,US_PharMetrics_Plus_20230330,0,603199,1606870,0,0,0,0,0,0,0,0,0,0,0,NA,NA,NA,NA
88,GLP1RA main_SGLT2I main_Bladder cancer,optum_extended_ses_2327_20230204,0,433598,953930,0,0,0,0,0,0,0,0,0,0,0,NA,NA,NA,NA
88,GLP1RA main_SGLT2I main_Bladder cancer,optum_extended_dod_2323_20230201,0,433595,953920,0,0,0,0,0,0,0,0,0,0,0,NA,NA,NA,NA
88,GLP1RA main_SGLT2I main_Bladder cancer,truven_ccae_2324_20230201,0,397219,936040,0,0,0,0,0,0,0,0,0,0,0,NA,NA,NA,NA
88,GLP1RA main_SGLT2I main_Bladder cancer,optum_ehr_2247_20221205,0,262584,913790,0,0,0,0,0,0,0,0,0,0,0,NA,NA,NA,NA
88,GLP1RA main_SGLT2I main_Bladder cancer,truven_mdcr_2322_20230127,0,120964,150100,0,0,0,0,0,0,0,0,0,0,0,NA,NA,NA,NA
88,GLP1RA main_SGLT2I main_Bladder cancer,pmtx_202203_20220831,0,108591,293530,0,0,0,0,0,0,0,0,0,0,0,NA,NA,NA,NA
88,GLP1RA main_SGLT2I main_Bladder cancer,VA-OMOP_20230411,0,74531,502090,0,0,0,0,0,0,0,0,0,0,0,NA,NA,NA,NA
88,GLP1RA main_SGLT2I main_Bladder cancer,truven_mdcd_2359_20230215,0,36976,171320,0,0,0,0,0,0,0,0,0,0,0,NA,NA,NA,NA
88,GLP1RA main_SGLT2I main_Bladder cancer,UK_IMRD_THIN_20221230,0,32984,61890,0,0,0,0,0,0,0,0,0,0,0,NA,NA,NA,NA
88,GLP1RA main_SGLT2I main_Bladder cancer,IQVIA_Germany_DA_20230124,0,25687,126110,0,0,0,0,0,0,0,0,0,0,0,NA,NA,NA,NA
88,GLP1RA main_SGLT2I main_Bladder cancer,jmdc_2325_20230126,0,15225,30460,0,0,0,0,0,0,0,0,0,0,0,NA,NA,NA,NA
88,GLP1RA main_SGLT2I main_Bladder cancer,UK_IMRD_EMIS_20230215,0,13027,29840,0,0,0,0,0,0,0,0,0,0,0,NA,NA,NA,NA
88,GLP1RA main_SGLT2I main_Bladder cancer,Japan_Claims_20230215,0,10987,31930,0,0,0,0,0,0,0,0,0,0,0,NA,NA,NA,NA
88,GLP1RA main_SGLT2I main_Bladder cancer,JHM_OMOP_20230406,0,7898,21260,0,0,0,0,0,0,0,0,0,0,0,NA,NA,NA,NA
88,GLP1RA main_SGLT2I main_Bladder cancer,LPD_Italy_20221226,0,7179,15830,0,0,0,0,0,0,0,0,0,0,0,NA,NA,NA,NA
88,GLP1RA main_SGLT2I main_Bladder cancer,France_LPD_20230118,0,5475,21290,0,0,0,0,0,0,0,0,0,0,0,NA,NA,NA,NA
88,GLP1RA main_SGLT2I main_Bladder cancer,CUIMC_20221214,0,4366,37640,0,0,0,0,0,0,0,0,0,0,0,NA,NA,NA,NA
88,GLP1RA main_SGLT2I main_Bladder cancer,LPD_Spain_20220704,0,3795,12030,0,0,0,0,0,0,0,0,0,0,0,NA,NA,NA,NA
88,GLP1RA main_SGLT2I main_Bladder cancer,US_Hospital_20230130,0,2639,14000,0,0,0,0,0,0,0,0,0,0,0,NA,NA,NA,NA
88,GLP1RA main_SGLT2I main_Bladder cancer,IQVIA_Belgium_LPD_20221006,0,2208,6490,0,0,0,0,0,0,0,0,0,0,0,NA,NA,NA,NA
88,GLP1RA main_SGLT2I main_Bladder cancer,Australia_EMR_20230317,0,835,6300,0,0,0,0,0,0,0,0,0,0,0,NA,NA,NA,NA
88,GLP1RA main_SGLT2I main_Bladder cancer,IQVIA_France_DA_20230201,0,728,3130,0,0,0,0,0,0,0,0,0,0,0,NA,NA,NA,NA
88,GLP1RA main_SGLT2I main_Bladder cancer,AUSOM_20220228,0,699,3190,0,0,0,0,0,0,0,0,0,0,0,NA,NA,NA,NA
88,GLP1RA main_SGLT2I main_Bladder cancer,TMUCRD_20210406,0,433,3150,0,0,0,0,0,0,0,0,0,0,0,NA,NA,NA,NA
88,GLP1RA main_SGLT2I main_Bladder cancer,Japan_HIS_20220120,0,108,2830,0,0,0,0,0,0,0,0,0,0,0,NA,NA,NA,NA
88,GLP1RA main_SGLT2I main_Bladder cancer,RED_CDM_Tufts_20221005,0,83,1360,0,0,0,0,0,0,0,0,0,0,0,NA,NA,NA,NA
88,GLP1RA main_SGLT2I main_Bladder cancer,Keck_Upgraded_OMOP_v5_NA,1,15,80,0,0,0,0,0,0,0,0,0,0,0,NA,NA,NA,NA
88,GLP1RA main_SGLT2I main_Bladder cancer,ktph_sg_NA,2,13,20,0,0,NA,0,0,0,0,0,0,1,0,NA,NA,NA,NA
88,GLP1RA main_SGLT2I main_Bladder cancer,Klinicki_centar_Crne_Gore_20230101,2,0,0,0,0,0,0,0,0,0,0,0,0,1,NA,NA,NA,NA
88,GLP1RA main_SGLT2I main_Bladder cancer,cdm_cds,2,0,0,0,0,0,0,0,0,0,0,1,0,0,NA,NA,NA,NA
88,GLP1RA main_SGLT2I main_Bladder cancer,premier_2326_20230125,4,0,0,0,0,0,0,0,1,0,1,0,0,1,NA,NA,NA,NA
88,GLP1RA main_SGLT2I main_Bladder cancer,ccpp_v54_20210101,5,0,0,0,0,0,0,0,0,0,1,1,1,1,NA,NA,NA,NA
88,GLP1RA main_SGLT2I main_Bladder cancer,HKU-THIN,5,0,-12724481,1,0,NA,0,0,0,0,1,0,1,1,NA,NA,NA,NA
88,GLP1RA main_SGLT2I main_Bladder cancer,omop_20190828,NA,NA,48480,NA,0,NA,0,0,NA,0,NA,0,NA,0,NA,NA,NA,NA
89,GLP1RA main_SU main_Bladder cancer,US_OPEN_CLAIMS_20230313,0,4114327,19398130,0,0,0,0,0,0,0,0,0,0,0,NA,NA,NA,NA
89,GLP1RA main_SU main_Bladder cancer,US_PharMetrics_Plus_20230330,0,845464,2252240,0,0,0,0,0,0,0,0,0,0,0,NA,NA,NA,NA
89,GLP1RA main_SU main_Bladder cancer,truven_ccae_2324_20230201,0,772045,1819310,0,0,0,0,0,0,0,0,0,0,0,NA,NA,NA,NA
89,GLP1RA main_SU main_Bladder cancer,optum_extended_dod_2323_20230201,0,652061,1434550,0,0,0,0,0,0,0,0,0,0,0,NA,NA,NA,NA
89,GLP1RA main_SU main_Bladder cancer,optum_extended_ses_2327_20230204,0,652050,1434530,0,0,0,0,0,0,0,0,0,0,0,NA,NA,NA,NA
89,GLP1RA main_SU main_Bladder cancer,optum_ehr_2247_20221205,0,381202,1326580,0,0,0,0,0,0,0,0,0,0,0,NA,NA,NA,NA
89,GLP1RA main_SU main_Bladder cancer,truven_mdcr_2322_20230127,0,193421,240010,0,0,0,0,0,0,0,0,0,0,0,NA,NA,NA,NA
89,GLP1RA main_SU main_Bladder cancer,pmtx_202203_20220831,0,145186,392450,0,0,0,0,0,0,0,0,0,0,0,NA,NA,NA,NA
89,GLP1RA main_SU main_Bladder cancer,VA-OMOP_20230411,0,74531,502090,0,0,0,0,0,0,0,0,0,0,0,NA,NA,NA,NA
89,GLP1RA main_SU main_Bladder cancer,truven_mdcd_2359_20230215,0,58097,269180,0,0,0,0,0,0,0,0,0,0,0,NA,NA,NA,NA
89,GLP1RA main_SU main_Bladder cancer,UK_IMRD_THIN_20221230,0,32984,61890,0,0,0,0,0,0,0,0,0,0,0,NA,NA,NA,NA
89,GLP1RA main_SU main_Bladder cancer,IQVIA_Germany_DA_20230124,0,25687,126110,0,0,0,0,0,0,0,0,0,0,0,NA,NA,NA,NA
89,GLP1RA main_SU main_Bladder cancer,France_LPD_20230118,0,17967,69870,0,0,0,0,0,0,0,0,0,0,0,NA,NA,NA,NA
89,GLP1RA main_SU main_Bladder cancer,jmdc_2325_20230126,0,15225,30460,0,0,0,0,0,0,0,0,0,0,0,NA,NA,NA,NA
89,GLP1RA main_SU main_Bladder cancer,UK_IMRD_EMIS_20230215,0,12232,28020,0,0,0,0,0,0,0,0,0,0,0,NA,NA,NA,NA
89,GLP1RA main_SU main_Bladder cancer,JHM_OMOP_20230406,0,11569,31140,0,0,0,0,0,0,0,0,0,0,0,NA,NA,NA,NA
89,GLP1RA main_SU main_Bladder cancer,Japan_Claims_20230215,0,10987,31930,0,0,0,0,0,0,0,0,0,0,0,NA,NA,NA,NA
89,GLP1RA main_SU main_Bladder cancer,LPD_Italy_20221226,0,8350,18410,0,0,0,0,0,0,0,0,0,0,0,NA,NA,NA,NA
89,GLP1RA main_SU main_Bladder cancer,CUIMC_20221214,0,6690,57670,0,0,0,0,0,0,0,0,0,0,0,NA,NA,NA,NA
89,GLP1RA main_SU main_Bladder cancer,IQVIA_France_DA_20230201,0,5799,24940,0,0,0,0,0,0,0,0,0,0,0,NA,NA,NA,NA
89,GLP1RA main_SU main_Bladder cancer,LPD_Spain_20220704,0,3795,12030,0,0,0,0,0,0,0,0,0,0,0,NA,NA,NA,NA
89,GLP1RA main_SU main_Bladder cancer,US_Hospital_20230130,0,2639,14000,0,0,0,0,0,0,0,0,0,0,0,NA,NA,NA,NA
89,GLP1RA main_SU main_Bladder cancer,IQVIA_Belgium_LPD_20221006,0,1773,5210,0,0,0,0,0,0,0,0,0,0,0,NA,NA,NA,NA
89,GLP1RA main_SU main_Bladder cancer,AUSOM_20220228,0,699,3190,0,0,0,0,0,0,0,0,0,0,0,NA,NA,NA,NA
89,GLP1RA main_SU main_Bladder cancer,Australia_EMR_20230317,0,586,4420,0,0,0,0,0,0,0,0,0,0,0,NA,NA,NA,NA
89,GLP1RA main_SU main_Bladder cancer,TMUCRD_20210406,0,433,3150,0,0,0,0,0,0,0,0,0,0,0,NA,NA,NA,NA
89,GLP1RA main_SU main_Bladder cancer,RED_CDM_Tufts_20221005,0,132,2180,0,0,0,0,0,0,0,0,0,0,0,NA,NA,NA,NA
89,GLP1RA main_SU main_Bladder cancer,Japan_HIS_20220120,0,108,2830,0,0,0,0,0,0,0,0,0,0,0,NA,NA,NA,NA
89,GLP1RA main_SU main_Bladder cancer,Keck_Upgraded_OMOP_v5_NA,1,15,80,0,0,0,0,0,0,0,0,0,0,0,NA,NA,NA,NA
89,GLP1RA main_SU main_Bladder cancer,ktph_sg_NA,2,13,20,0,0,NA,0,0,0,0,0,0,1,0,NA,NA,NA,NA
89,GLP1RA main_SU main_Bladder cancer,cdm_cds,2,0,0,0,0,0,0,0,0,0,0,1,0,0,NA,NA,NA,NA
89,GLP1RA main_SU main_Bladder cancer,Klinicki_centar_Crne_Gore_20230101,3,0,0,0,0,0,0,0,0,0,1,0,0,1,NA,NA,NA,NA
89,GLP1RA main_SU main_Bladder cancer,premier_2326_20230125,3,0,0,0,0,0,0,0,1,0,0,0,0,1,NA,NA,NA,NA
89,GLP1RA main_SU main_Bladder cancer,ccpp_v54_20210101,5,0,0,0,0,0,0,0,0,0,1,1,1,1,NA,NA,NA,NA
89,GLP1RA main_SU main_Bladder cancer,HKU-THIN,5,0,-12724481,1,0,NA,0,0,0,0,1,0,1,1,NA,NA,NA,NA
89,GLP1RA main_SU main_Bladder cancer,omop_20190828,NA,NA,48480,NA,0,NA,0,0,NA,0,NA,0,NA,0,NA,NA,NA,NA
90,SGLT2I main_SU main_Bladder cancer,US_OPEN_CLAIMS_20230313,0,2797753,13190780,0,0,0,0,0,0,0,0,0,0,0,NA,NA,NA,NA
90,SGLT2I main_SU main_Bladder cancer,US_PharMetrics_Plus_20230330,0,603199,1606870,0,0,0,0,0,0,0,0,0,0,0,NA,NA,NA,NA
90,SGLT2I main_SU main_Bladder cancer,optum_extended_ses_2327_20230204,0,433598,953930,0,0,0,0,0,0,0,0,0,0,0,NA,NA,NA,NA
90,SGLT2I main_SU main_Bladder cancer,optum_extended_dod_2323_20230201,0,433595,953920,0,0,0,0,0,0,0,0,0,0,0,NA,NA,NA,NA
90,SGLT2I main_SU main_Bladder cancer,truven_ccae_2324_20230201,0,397219,936040,0,0,0,0,0,0,0,0,0,0,0,NA,NA,NA,NA
90,SGLT2I main_SU main_Bladder cancer,optum_ehr_2247_20221205,0,262584,913790,0,0,0,0,0,0,0,0,0,0,0,NA,NA,NA,NA
90,SGLT2I main_SU main_Bladder cancer,truven_mdcr_2322_20230127,0,120964,150100,0,0,0,0,0,0,0,0,0,0,0,NA,NA,NA,NA
90,SGLT2I main_SU main_Bladder cancer,pmtx_202203_20220831,0,108591,293530,0,0,0,0,0,0,0,0,0,0,0,NA,NA,NA,NA
90,SGLT2I main_SU main_Bladder cancer,jmdc_2325_20230126,0,93462,186980,0,0,0,0,0,0,0,0,0,0,0,NA,NA,NA,NA
90,SGLT2I main_SU main_Bladder cancer,VA-OMOP_20230411,0,77503,522110,0,0,0,0,0,0,0,0,0,0,0,NA,NA,NA,NA
90,SGLT2I main_SU main_Bladder cancer,Japan_Claims_20230215,0,44250,128600,0,0,0,0,0,0,0,0,0,0,0,NA,NA,NA,NA
90,SGLT2I main_SU main_Bladder cancer,UK_IMRD_THIN_20221230,0,40675,76320,0,0,0,0,0,0,0,0,0,0,0,NA,NA,NA,NA
90,SGLT2I main_SU main_Bladder cancer,truven_mdcd_2359_20230215,0,36976,171320,0,0,0,0,0,0,0,0,0,0,0,NA,NA,NA,NA
90,SGLT2I main_SU main_Bladder cancer,IQVIA_Germany_DA_20230124,0,34376,168770,0,0,0,0,0,0,0,0,0,0,0,NA,NA,NA,NA
90,SGLT2I main_SU main_Bladder cancer,UK_IMRD_EMIS_20230215,0,12232,28020,0,0,0,0,0,0,0,0,0,0,0,NA,NA,NA,NA
90,SGLT2I main_SU main_Bladder cancer,JHM_OMOP_20230406,0,7898,21260,0,0,0,0,0,0,0,0,0,0,0,NA,NA,NA,NA
90,SGLT2I main_SU main_Bladder cancer,LPD_Italy_20221226,0,7179,15830,0,0,0,0,0,0,0,0,0,0,0,NA,NA,NA,NA
90,SGLT2I main_SU main_Bladder cancer,LPD_Spain_20220704,0,6161,19530,0,0,0,0,0,0,0,0,0,0,0,NA,NA,NA,NA
90,SGLT2I main_SU main_Bladder cancer,US_Hospital_20230130,0,5983,31740,0,0,0,0,0,0,0,0,0,0,0,NA,NA,NA,NA
90,SGLT2I main_SU main_Bladder cancer,France_LPD_20230118,0,5475,21290,0,0,0,0,0,0,0,0,0,0,0,NA,NA,NA,NA
90,SGLT2I main_SU main_Bladder cancer,CUIMC_20221214,0,4366,37640,0,0,0,0,0,0,0,0,0,0,0,NA,NA,NA,NA
90,SGLT2I main_SU main_Bladder cancer,IQVIA_Belgium_LPD_20221006,0,1773,5210,0,0,0,0,0,0,0,0,0,0,0,NA,NA,NA,NA
90,SGLT2I main_SU main_Bladder cancer,AUSOM_20220228,0,1500,6850,0,0,0,0,0,0,0,0,0,0,0,NA,NA,NA,NA
90,SGLT2I main_SU main_Bladder cancer,TMUCRD_20210406,0,1475,10740,0,0,0,0,0,0,0,0,0,0,0,NA,NA,NA,NA
90,SGLT2I main_SU main_Bladder cancer,IQVIA_France_DA_20230201,0,728,3130,0,0,0,0,0,0,0,0,0,0,0,NA,NA,NA,NA
90,SGLT2I main_SU main_Bladder cancer,Australia_EMR_20230317,0,586,4420,0,0,0,0,0,0,0,0,0,0,0,NA,NA,NA,NA
90,SGLT2I main_SU main_Bladder cancer,Japan_HIS_20220120,0,281,7370,0,0,0,0,0,0,0,0,0,0,0,NA,NA,NA,NA
90,SGLT2I main_SU main_Bladder cancer,RED_CDM_Tufts_20221005,0,83,1360,0,0,0,0,0,0,0,0,0,0,0,NA,NA,NA,NA
90,SGLT2I main_SU main_Bladder cancer,Keck_Upgraded_OMOP_v5_NA,1,69,370,0,0,0,0,0,0,0,0,0,0,0,NA,NA,NA,NA
90,SGLT2I main_SU main_Bladder cancer,ktph_sg_NA,2,93,140,0,0,NA,0,0,0,0,0,0,1,0,NA,NA,NA,NA
90,SGLT2I main_SU main_Bladder cancer,Klinicki_centar_Crne_Gore_20230101,2,0,0,0,0,0,0,0,0,0,1,0,0,0,NA,NA,NA,NA
90,SGLT2I main_SU main_Bladder cancer,cdm_cds,2,0,0,0,0,0,0,0,0,0,0,1,0,0,NA,NA,NA,NA
90,SGLT2I main_SU main_Bladder cancer,premier_2326_20230125,3,0,0,0,0,0,0,0,1,0,0,0,0,1,NA,NA,NA,NA
90,SGLT2I main_SU main_Bladder cancer,ccpp_v54_20210101,5,0,0,0,0,0,0,0,0,0,1,1,1,1,NA,NA,NA,NA
90,SGLT2I main_SU main_Bladder cancer,HKU-THIN,5,0,-12724481,1,0,NA,0,0,0,0,1,0,1,1,NA,NA,NA,NA
90,SGLT2I main_SU main_Bladder cancer,omop_20190828,NA,NA,900220,NA,0,NA,0,0,NA,0,NA,0,NA,NA,NA,NA,NA,NA
91,DPP4I main_GLP1RA main_Bone fracture,US_OPEN_CLAIMS_20230313,0,2984398,14070770,0,0,0,0,0,0,0,0,0,0,0,NA,NA,NA,NA
91,DPP4I main_GLP1RA main_Bone fracture,truven_ccae_2324_20230201,0,626883,1477240,0,0,0,0,0,0,0,0,0,0,0,NA,NA,NA,NA
91,DPP4I main_GLP1RA main_Bone fracture,optum_extended_dod_2323_20230201,0,599920,1319840,0,0,0,0,0,0,0,0,0,0,0,NA,NA,NA,NA
91,DPP4I main_GLP1RA main_Bone fracture,optum_extended_ses_2327_20230204,0,599919,1319840,0,0,0,0,0,0,0,0,0,0,0,NA,NA,NA,NA
91,DPP4I main_GLP1RA main_Bone fracture,US_PharMetrics_Plus_20230330,0,546343,1455410,0,0,0,0,0,0,0,0,0,0,0,NA,NA,NA,NA
91,DPP4I main_GLP1RA main_Bone fracture,optum_ehr_2247_20221205,0,381202,1326580,0,0,0,0,0,0,0,0,0,0,0,NA,NA,NA,NA
91,DPP4I main_GLP1RA main_Bone fracture,truven_mdcr_2322_20230127,0,193421,240010,0,0,0,0,0,0,0,0,0,0,0,NA,NA,NA,NA
91,DPP4I main_GLP1RA main_Bone fracture,pmtx_202203_20220831,0,113907,307900,0,0,0,0,0,0,0,0,0,0,0,NA,NA,NA,NA
91,DPP4I main_GLP1RA main_Bone fracture,VA-OMOP_20230411,0,74531,502090,0,0,0,0,0,0,0,0,0,0,0,NA,NA,NA,NA
91,DPP4I main_GLP1RA main_Bone fracture,truven_mdcd_2359_20230215,0,53891,249690,0,0,0,0,0,0,0,0,0,0,0,NA,NA,NA,NA
91,DPP4I main_GLP1RA main_Bone fracture,UK_IMRD_THIN_20221230,0,32984,61890,0,0,0,0,0,0,0,0,0,0,0,NA,NA,NA,NA
91,DPP4I main_GLP1RA main_Bone fracture,IQVIA_Germany_DA_20230124,0,25687,126110,0,0,0,0,0,0,0,0,0,0,0,NA,NA,NA,NA
91,DPP4I main_GLP1RA main_Bone fracture,France_LPD_20230118,0,19374,75340,0,0,0,0,0,0,0,0,0,0,0,NA,NA,NA,NA
91,DPP4I main_GLP1RA main_Bone fracture,jmdc_2325_20230126,0,15225,30460,0,0,0,0,0,0,0,0,0,0,0,NA,NA,NA,NA
91,DPP4I main_GLP1RA main_Bone fracture,UK_IMRD_EMIS_20230215,0,13027,29840,0,0,0,0,0,0,0,0,0,0,0,NA,NA,NA,NA
91,DPP4I main_GLP1RA main_Bone fracture,Japan_Claims_20230215,0,10987,31930,0,0,0,0,0,0,0,0,0,0,0,NA,NA,NA,NA
91,DPP4I main_GLP1RA main_Bone fracture,LPD_Italy_20221226,0,8350,18410,0,0,0,0,0,0,0,0,0,0,0,NA,NA,NA,NA
91,DPP4I main_GLP1RA main_Bone fracture,JHM_OMOP_20230406,0,7300,19650,0,0,0,0,0,0,0,0,0,0,0,NA,NA,NA,NA
91,DPP4I main_GLP1RA main_Bone fracture,CUIMC_20221214,0,6690,57670,0,0,0,0,0,0,0,0,0,0,0,NA,NA,NA,NA
91,DPP4I main_GLP1RA main_Bone fracture,IQVIA_France_DA_20230201,0,5799,24940,0,0,0,0,0,0,0,0,0,0,0,NA,NA,NA,NA
91,DPP4I main_GLP1RA main_Bone fracture,LPD_Spain_20220704,0,3795,12030,0,0,0,0,0,0,0,0,0,0,0,NA,NA,NA,NA
91,DPP4I main_GLP1RA main_Bone fracture,IQVIA_Belgium_LPD_20221006,0,2933,8620,0,0,0,0,0,0,0,0,0,0,0,NA,NA,NA,NA
91,DPP4I main_GLP1RA main_Bone fracture,US_Hospital_20230130,0,2639,14000,0,0,0,0,0,0,0,0,0,0,0,NA,NA,NA,NA
91,DPP4I main_GLP1RA main_Bone fracture,Australia_EMR_20230317,0,835,6300,0,0,0,0,0,0,0,0,0,0,0,NA,NA,NA,NA
91,DPP4I main_GLP1RA main_Bone fracture,AUSOM_20220228,0,699,3190,0,0,0,0,0,0,0,0,0,0,0,NA,NA,NA,NA
91,DPP4I main_GLP1RA main_Bone fracture,TMUCRD_20210406,0,433,3150,0,0,0,0,0,0,0,0,0,0,0,NA,NA,NA,NA
91,DPP4I main_GLP1RA main_Bone fracture,RED_CDM_Tufts_20221005,0,113,1860,0,0,0,0,0,0,0,0,0,0,0,NA,NA,NA,NA
91,DPP4I main_GLP1RA main_Bone fracture,Japan_HIS_20220120,0,108,2830,0,0,0,0,0,0,0,0,0,0,0,NA,NA,NA,NA
91,DPP4I main_GLP1RA main_Bone fracture,Keck_Upgraded_OMOP_v5_NA,1,15,80,0,0,0,0,0,0,0,0,0,0,0,NA,NA,NA,NA
91,DPP4I main_GLP1RA main_Bone fracture,ktph_sg_NA,1,13,20,0,0,NA,0,0,0,0,0,0,0,0,NA,NA,NA,NA
91,DPP4I main_GLP1RA main_Bone fracture,Klinicki_centar_Crne_Gore_20230101,2,0,0,0,0,0,0,0,0,0,1,0,0,0,NA,NA,NA,NA
91,DPP4I main_GLP1RA main_Bone fracture,cdm_cds,2,0,0,0,0,0,0,0,0,0,0,1,0,0,NA,NA,NA,NA
91,DPP4I main_GLP1RA main_Bone fracture,premier_2326_20230125,3,0,0,0,0,0,0,0,1,0,1,0,0,0,NA,NA,NA,NA
91,DPP4I main_GLP1RA main_Bone fracture,ccpp_v54_20210101,4,0,0,0,0,0,0,0,0,0,1,1,0,1,NA,NA,NA,NA
91,DPP4I main_GLP1RA main_Bone fracture,HKU-THIN,5,0,-12724481,1,0,NA,0,0,0,0,1,0,1,1,NA,NA,NA,NA
91,DPP4I main_GLP1RA main_Bone fracture,omop_20190828,NA,NA,48480,NA,0,NA,0,0,NA,0,0,0,NA,NA,NA,NA,NA,NA
92,DPP4I main_SGLT2I main_Bone fracture,US_OPEN_CLAIMS_20230313,0,2797753,13190780,0,0,0,0,0,0,0,0,0,0,0,NA,NA,NA,NA
92,DPP4I main_SGLT2I main_Bone fracture,US_PharMetrics_Plus_20230330,0,546343,1455410,0,0,0,0,0,0,0,0,0,0,0,NA,NA,NA,NA
92,DPP4I main_SGLT2I main_Bone fracture,optum_extended_ses_2327_20230204,0,433598,953930,0,0,0,0,0,0,0,0,0,0,0,NA,NA,NA,NA
92,DPP4I main_SGLT2I main_Bone fracture,optum_extended_dod_2323_20230201,0,433595,953920,0,0,0,0,0,0,0,0,0,0,0,NA,NA,NA,NA
92,DPP4I main_SGLT2I main_Bone fracture,truven_ccae_2324_20230201,0,397219,936040,0,0,0,0,0,0,0,0,0,0,0,NA,NA,NA,NA
92,DPP4I main_SGLT2I main_Bone fracture,optum_ehr_2247_20221205,0,262584,913790,0,0,0,0,0,0,0,0,0,0,0,NA,NA,NA,NA
92,DPP4I main_SGLT2I main_Bone fracture,truven_mdcr_2322_20230127,0,120964,150100,0,0,0,0,0,0,0,0,0,0,0,NA,NA,NA,NA
92,DPP4I main_SGLT2I main_Bone fracture,pmtx_202203_20220831,0,108591,293530,0,0,0,0,0,0,0,0,0,0,0,NA,NA,NA,NA
92,DPP4I main_SGLT2I main_Bone fracture,jmdc_2325_20230126,0,97761,195580,0,0,0,0,0,0,0,0,0,0,0,NA,NA,NA,NA
92,DPP4I main_SGLT2I main_Bone fracture,VA-OMOP_20230411,0,77503,522110,0,0,0,0,0,0,0,0,0,0,0,NA,NA,NA,NA
92,DPP4I main_SGLT2I main_Bone fracture,Japan_Claims_20230215,0,44250,128600,0,0,0,0,0,0,0,0,0,0,0,NA,NA,NA,NA
92,DPP4I main_SGLT2I main_Bone fracture,UK_IMRD_THIN_20221230,0,40675,76320,0,0,0,0,0,0,0,0,0,0,0,NA,NA,NA,NA
92,DPP4I main_SGLT2I main_Bone fracture,truven_mdcd_2359_20230215,0,36976,171320,0,0,0,0,0,0,0,0,0,0,0,NA,NA,NA,NA
92,DPP4I main_SGLT2I main_Bone fracture,IQVIA_Germany_DA_20230124,0,36211,177780,0,0,0,0,0,0,0,0,0,0,0,NA,NA,NA,NA
92,DPP4I main_SGLT2I main_Bone fracture,UK_IMRD_EMIS_20230215,0,16790,38460,0,0,0,0,0,0,0,0,0,0,0,NA,NA,NA,NA
92,DPP4I main_SGLT2I main_Bone fracture,LPD_Spain_20220704,0,10616,33650,0,0,0,0,0,0,0,0,0,0,0,NA,NA,NA,NA
92,DPP4I main_SGLT2I main_Bone fracture,JHM_OMOP_20230406,0,7300,19650,0,0,0,0,0,0,0,0,0,0,0,NA,NA,NA,NA
92,DPP4I main_SGLT2I main_Bone fracture,LPD_Italy_20221226,0,7179,15830,0,0,0,0,0,0,0,0,0,0,0,NA,NA,NA,NA
92,DPP4I main_SGLT2I main_Bone fracture,US_Hospital_20230130,0,5983,31740,0,0,0,0,0,0,0,0,0,0,0,NA,NA,NA,NA
92,DPP4I main_SGLT2I main_Bone fracture,France_LPD_20230118,0,5475,21290,0,0,0,0,0,0,0,0,0,0,0,NA,NA,NA,NA
92,DPP4I main_SGLT2I main_Bone fracture,CUIMC_20221214,0,4366,37640,0,0,0,0,0,0,0,0,0,0,0,NA,NA,NA,NA
92,DPP4I main_SGLT2I main_Bone fracture,Australia_EMR_20230317,0,2683,20240,0,0,0,0,0,0,0,0,0,0,0,NA,NA,NA,NA
92,DPP4I main_SGLT2I main_Bone fracture,IQVIA_Belgium_LPD_20221006,0,2208,6490,0,0,0,0,0,0,0,0,0,0,0,NA,NA,NA,NA
92,DPP4I main_SGLT2I main_Bone fracture,AUSOM_20220228,0,1500,6850,0,0,0,0,0,0,0,0,0,0,0,NA,NA,NA,NA
92,DPP4I main_SGLT2I main_Bone fracture,TMUCRD_20210406,0,1475,10740,0,0,0,0,0,0,0,0,0,0,0,NA,NA,NA,NA
92,DPP4I main_SGLT2I main_Bone fracture,IQVIA_France_DA_20230201,0,728,3130,0,0,0,0,0,0,0,0,0,0,0,NA,NA,NA,NA
92,DPP4I main_SGLT2I main_Bone fracture,Japan_HIS_20220120,0,281,7370,0,0,0,0,0,0,0,0,0,0,0,NA,NA,NA,NA
92,DPP4I main_SGLT2I main_Bone fracture,RED_CDM_Tufts_20221005,0,83,1360,0,0,0,0,0,0,0,0,0,0,0,NA,NA,NA,NA
92,DPP4I main_SGLT2I main_Bone fracture,ktph_sg_NA,1,93,140,0,0,NA,0,0,0,0,0,0,0,0,NA,NA,NA,NA
92,DPP4I main_SGLT2I main_Bone fracture,Keck_Upgraded_OMOP_v5_NA,1,69,370,0,0,0,0,0,0,0,0,0,0,0,NA,NA,NA,NA
92,DPP4I main_SGLT2I main_Bone fracture,Klinicki_centar_Crne_Gore_20230101,1,10,50,0,0,0,0,0,0,0,0,0,0,0,NA,NA,NA,NA
92,DPP4I main_SGLT2I main_Bone fracture,cdm_cds,2,0,0,0,0,0,0,0,0,0,0,1,0,0,NA,NA,NA,NA
92,DPP4I main_SGLT2I main_Bone fracture,premier_2326_20230125,3,0,0,0,0,0,0,0,1,0,1,0,0,0,NA,NA,NA,NA
92,DPP4I main_SGLT2I main_Bone fracture,ccpp_v54_20210101,4,0,0,0,0,0,0,0,0,0,1,1,0,1,NA,NA,NA,NA
92,DPP4I main_SGLT2I main_Bone fracture,HKU-THIN,5,0,-12724481,1,0,NA,0,0,0,0,1,0,1,1,NA,NA,NA,NA
92,DPP4I main_SGLT2I main_Bone fracture,omop_20190828,NA,NA,900220,NA,0,NA,0,0,NA,0,NA,0,NA,NA,NA,NA,NA,NA
93,DPP4I main_SU main_Bone fracture,US_OPEN_CLAIMS_20230313,0,2984398,14070770,0,0,0,0,0,0,0,0,0,0,0,NA,NA,NA,NA
93,DPP4I main_SU main_Bone fracture,truven_ccae_2324_20230201,0,626883,1477240,0,0,0,0,0,0,0,0,0,0,0,NA,NA,NA,NA
93,DPP4I main_SU main_Bone fracture,optum_extended_dod_2323_20230201,0,599920,1319840,0,0,0,0,0,0,0,0,0,0,0,NA,NA,NA,NA
93,DPP4I main_SU main_Bone fracture,optum_extended_ses_2327_20230204,0,599919,1319840,0,0,0,0,0,0,0,0,0,0,0,NA,NA,NA,NA
93,DPP4I main_SU main_Bone fracture,US_PharMetrics_Plus_20230330,0,546343,1455410,0,0,0,0,0,0,0,0,0,0,0,NA,NA,NA,NA
93,DPP4I main_SU main_Bone fracture,optum_ehr_2247_20221205,0,449949,1565820,0,0,0,0,0,0,0,0,0,0,0,NA,NA,NA,NA
93,DPP4I main_SU main_Bone fracture,truven_mdcr_2322_20230127,0,388236,481750,0,0,0,0,0,0,0,0,0,0,0,NA,NA,NA,NA
93,DPP4I main_SU main_Bone fracture,pmtx_202203_20220831,0,113907,307900,0,0,0,0,0,0,0,0,0,0,0,NA,NA,NA,NA
93,DPP4I main_SU main_Bone fracture,jmdc_2325_20230126,0,93462,186980,0,0,0,0,0,0,0,0,0,0,0,NA,NA,NA,NA
93,DPP4I main_SU main_Bone fracture,VA-OMOP_20230411,0,78282,527360,0,0,0,0,0,0,0,0,0,0,0,NA,NA,NA,NA
93,DPP4I main_SU main_Bone fracture,Japan_Claims_20230215,0,63264,183860,0,0,0,0,0,0,0,0,0,0,0,NA,NA,NA,NA
93,DPP4I main_SU main_Bone fracture,US_Hospital_20230130,0,62779,333060,0,0,0,0,0,0,0,0,0,0,0,NA,NA,NA,NA
93,DPP4I main_SU main_Bone fracture,truven_mdcd_2359_20230215,0,53891,249690,0,0,0,0,0,0,0,0,0,0,0,NA,NA,NA,NA
93,DPP4I main_SU main_Bone fracture,UK_IMRD_THIN_20221230,0,46223,86730,0,0,0,0,0,0,0,0,0,0,0,NA,NA,NA,NA
93,DPP4I main_SU main_Bone fracture,IQVIA_Germany_DA_20230124,0,34376,168770,0,0,0,0,0,0,0,0,0,0,0,NA,NA,NA,NA
93,DPP4I main_SU main_Bone fracture,France_LPD_20230118,0,17967,69870,0,0,0,0,0,0,0,0,0,0,0,NA,NA,NA,NA
93,DPP4I main_SU main_Bone fracture,LPD_Italy_20221226,0,15674,34560,0,0,0,0,0,0,0,0,0,0,0,NA,NA,NA,NA
93,DPP4I main_SU main_Bone fracture,UK_IMRD_EMIS_20230215,0,12232,28020,0,0,0,0,0,0,0,0,0,0,0,NA,NA,NA,NA
93,DPP4I main_SU main_Bone fracture,IQVIA_France_DA_20230201,0,8245,35460,0,0,0,0,0,0,0,0,0,0,0,NA,NA,NA,NA
93,DPP4I main_SU main_Bone fracture,AUSOM_20220228,0,7616,34770,0,0,0,0,0,0,0,0,0,0,0,NA,NA,NA,NA
93,DPP4I main_SU main_Bone fracture,JHM_OMOP_20230406,0,7300,19650,0,0,0,0,0,0,0,0,0,0,0,NA,NA,NA,NA
93,DPP4I main_SU main_Bone fracture,TMUCRD_20210406,0,7245,52740,0,0,0,0,0,0,0,0,0,0,0,NA,NA,NA,NA
93,DPP4I main_SU main_Bone fracture,CUIMC_20221214,0,7067,60920,0,0,0,0,0,0,0,0,0,0,0,NA,NA,NA,NA
93,DPP4I main_SU main_Bone fracture,LPD_Spain_20220704,0,6161,19530,0,0,0,0,0,0,0,0,0,0,0,NA,NA,NA,NA
93,DPP4I main_SU main_Bone fracture,IQVIA_Belgium_LPD_20221006,0,1773,5210,0,0,0,0,0,0,0,0,0,0,0,NA,NA,NA,NA
93,DPP4I main_SU main_Bone fracture,Keck_Upgraded_OMOP_v5_NA,0,1700,9120,0,0,0,0,0,0,0,0,0,0,0,NA,NA,NA,NA
93,DPP4I main_SU main_Bone fracture,Australia_EMR_20230317,0,586,4420,0,0,0,0,0,0,0,0,0,0,0,NA,NA,NA,NA
93,DPP4I main_SU main_Bone fracture,Japan_HIS_20220120,0,449,11790,0,0,0,0,0,0,0,0,0,0,0,NA,NA,NA,NA
93,DPP4I main_SU main_Bone fracture,RED_CDM_Tufts_20221005,0,113,1860,0,0,0,0,0,0,0,0,0,0,0,NA,NA,NA,NA
93,DPP4I main_SU main_Bone fracture,premier_2326_20230125,1,6525,914680,0,0,0,0,0,1,0,0,0,0,0,NA,NA,NA,NA
93,DPP4I main_SU main_Bone fracture,ktph_sg_NA,1,578,870,0,0,NA,0,0,0,0,0,0,0,0,NA,NA,NA,NA
93,DPP4I main_SU main_Bone fracture,Klinicki_centar_Crne_Gore_20230101,2,0,0,0,0,0,0,0,0,0,1,0,0,0,NA,NA,NA,NA
93,DPP4I main_SU main_Bone fracture,cdm_cds,2,0,0,0,0,0,0,0,0,0,0,1,0,0,NA,NA,NA,NA
93,DPP4I main_SU main_Bone fracture,ccpp_v54_20210101,4,0,0,0,0,0,0,0,0,0,1,1,0,1,NA,NA,NA,NA
93,DPP4I main_SU main_Bone fracture,HKU-THIN,5,0,-12724481,1,0,NA,0,0,0,0,1,0,1,1,NA,NA,NA,NA
93,DPP4I main_SU main_Bone fracture,omop_20190828,NA,NA,900220,NA,0,NA,0,0,NA,0,NA,0,NA,NA,NA,NA,NA,NA
94,GLP1RA main_SGLT2I main_Bone fracture,US_OPEN_CLAIMS_20230313,0,2797753,13190780,0,0,0,0,0,0,0,0,0,0,0,NA,NA,NA,NA
94,GLP1RA main_SGLT2I main_Bone fracture,US_PharMetrics_Plus_20230330,0,603199,1606870,0,0,0,0,0,0,0,0,0,0,0,NA,NA,NA,NA
94,GLP1RA main_SGLT2I main_Bone fracture,optum_extended_ses_2327_20230204,0,433598,953930,0,0,0,0,0,0,0,0,0,0,0,NA,NA,NA,NA
94,GLP1RA main_SGLT2I main_Bone fracture,optum_extended_dod_2323_20230201,0,433595,953920,0,0,0,0,0,0,0,0,0,0,0,NA,NA,NA,NA
94,GLP1RA main_SGLT2I main_Bone fracture,truven_ccae_2324_20230201,0,397219,936040,0,0,0,0,0,0,0,0,0,0,0,NA,NA,NA,NA
94,GLP1RA main_SGLT2I main_Bone fracture,optum_ehr_2247_20221205,0,262584,913790,0,0,0,0,0,0,0,0,0,0,0,NA,NA,NA,NA
94,GLP1RA main_SGLT2I main_Bone fracture,truven_mdcr_2322_20230127,0,120964,150100,0,0,0,0,0,0,0,0,0,0,0,NA,NA,NA,NA
94,GLP1RA main_SGLT2I main_Bone fracture,pmtx_202203_20220831,0,108591,293530,0,0,0,0,0,0,0,0,0,0,0,NA,NA,NA,NA
94,GLP1RA main_SGLT2I main_Bone fracture,VA-OMOP_20230411,0,74531,502090,0,0,0,0,0,0,0,0,0,0,0,NA,NA,NA,NA
94,GLP1RA main_SGLT2I main_Bone fracture,truven_mdcd_2359_20230215,0,36976,171320,0,0,0,0,0,0,0,0,0,0,0,NA,NA,NA,NA
94,GLP1RA main_SGLT2I main_Bone fracture,UK_IMRD_THIN_20221230,0,32984,61890,0,0,0,0,0,0,0,0,0,0,0,NA,NA,NA,NA
94,GLP1RA main_SGLT2I main_Bone fracture,IQVIA_Germany_DA_20230124,0,25687,126110,0,0,0,0,0,0,0,0,0,0,0,NA,NA,NA,NA
94,GLP1RA main_SGLT2I main_Bone fracture,jmdc_2325_20230126,0,15225,30460,0,0,0,0,0,0,0,0,0,0,0,NA,NA,NA,NA
94,GLP1RA main_SGLT2I main_Bone fracture,UK_IMRD_EMIS_20230215,0,13027,29840,0,0,0,0,0,0,0,0,0,0,0,NA,NA,NA,NA
94,GLP1RA main_SGLT2I main_Bone fracture,Japan_Claims_20230215,0,10987,31930,0,0,0,0,0,0,0,0,0,0,0,NA,NA,NA,NA
94,GLP1RA main_SGLT2I main_Bone fracture,JHM_OMOP_20230406,0,7898,21260,0,0,0,0,0,0,0,0,0,0,0,NA,NA,NA,NA
94,GLP1RA main_SGLT2I main_Bone fracture,LPD_Italy_20221226,0,7179,15830,0,0,0,0,0,0,0,0,0,0,0,NA,NA,NA,NA
94,GLP1RA main_SGLT2I main_Bone fracture,France_LPD_20230118,0,5475,21290,0,0,0,0,0,0,0,0,0,0,0,NA,NA,NA,NA
94,GLP1RA main_SGLT2I main_Bone fracture,CUIMC_20221214,0,4366,37640,0,0,0,0,0,0,0,0,0,0,0,NA,NA,NA,NA
94,GLP1RA main_SGLT2I main_Bone fracture,LPD_Spain_20220704,0,3795,12030,0,0,0,0,0,0,0,0,0,0,0,NA,NA,NA,NA
94,GLP1RA main_SGLT2I main_Bone fracture,US_Hospital_20230130,0,2639,14000,0,0,0,0,0,0,0,0,0,0,0,NA,NA,NA,NA
94,GLP1RA main_SGLT2I main_Bone fracture,IQVIA_Belgium_LPD_20221006,0,2208,6490,0,0,0,0,0,0,0,0,0,0,0,NA,NA,NA,NA
94,GLP1RA main_SGLT2I main_Bone fracture,Australia_EMR_20230317,0,835,6300,0,0,0,0,0,0,0,0,0,0,0,NA,NA,NA,NA
94,GLP1RA main_SGLT2I main_Bone fracture,IQVIA_France_DA_20230201,0,728,3130,0,0,0,0,0,0,0,0,0,0,0,NA,NA,NA,NA
94,GLP1RA main_SGLT2I main_Bone fracture,AUSOM_20220228,0,699,3190,0,0,0,0,0,0,0,0,0,0,0,NA,NA,NA,NA
94,GLP1RA main_SGLT2I main_Bone fracture,TMUCRD_20210406,0,433,3150,0,0,0,0,0,0,0,0,0,0,0,NA,NA,NA,NA
94,GLP1RA main_SGLT2I main_Bone fracture,Japan_HIS_20220120,0,108,2830,0,0,0,0,0,0,0,0,0,0,0,NA,NA,NA,NA
94,GLP1RA main_SGLT2I main_Bone fracture,RED_CDM_Tufts_20221005,0,83,1360,0,0,0,0,0,0,0,0,0,0,0,NA,NA,NA,NA
94,GLP1RA main_SGLT2I main_Bone fracture,Keck_Upgraded_OMOP_v5_NA,1,15,80,0,0,0,0,0,0,0,0,0,0,0,NA,NA,NA,NA
94,GLP1RA main_SGLT2I main_Bone fracture,ktph_sg_NA,1,13,20,0,0,NA,0,0,0,0,0,0,0,0,NA,NA,NA,NA
94,GLP1RA main_SGLT2I main_Bone fracture,Klinicki_centar_Crne_Gore_20230101,2,0,0,0,0,0,0,0,0,0,0,0,0,1,NA,NA,NA,NA
94,GLP1RA main_SGLT2I main_Bone fracture,cdm_cds,2,0,0,0,0,0,0,0,0,0,0,1,0,0,NA,NA,NA,NA
94,GLP1RA main_SGLT2I main_Bone fracture,ccpp_v54_20210101,4,0,0,0,0,0,0,0,0,0,1,1,0,1,NA,NA,NA,NA
94,GLP1RA main_SGLT2I main_Bone fracture,premier_2326_20230125,4,0,0,0,0,0,0,0,1,0,1,0,0,1,NA,NA,NA,NA
94,GLP1RA main_SGLT2I main_Bone fracture,HKU-THIN,5,0,-12724481,1,0,NA,0,0,0,0,1,0,1,1,NA,NA,NA,NA
94,GLP1RA main_SGLT2I main_Bone fracture,omop_20190828,NA,NA,48480,NA,0,NA,0,0,NA,0,NA,0,NA,0,NA,NA,NA,NA
95,GLP1RA main_SU main_Bone fracture,US_OPEN_CLAIMS_20230313,0,4114327,19398130,0,0,0,0,0,0,0,0,0,0,0,NA,NA,NA,NA
95,GLP1RA main_SU main_Bone fracture,US_PharMetrics_Plus_20230330,0,845464,2252240,0,0,0,0,0,0,0,0,0,0,0,NA,NA,NA,NA
95,GLP1RA main_SU main_Bone fracture,truven_ccae_2324_20230201,0,772045,1819310,0,0,0,0,0,0,0,0,0,0,0,NA,NA,NA,NA
95,GLP1RA main_SU main_Bone fracture,optum_extended_dod_2323_20230201,0,652061,1434550,0,0,0,0,0,0,0,0,0,0,0,NA,NA,NA,NA
95,GLP1RA main_SU main_Bone fracture,optum_extended_ses_2327_20230204,0,652050,1434530,0,0,0,0,0,0,0,0,0,0,0,NA,NA,NA,NA
95,GLP1RA main_SU main_Bone fracture,optum_ehr_2247_20221205,0,381202,1326580,0,0,0,0,0,0,0,0,0,0,0,NA,NA,NA,NA
95,GLP1RA main_SU main_Bone fracture,truven_mdcr_2322_20230127,0,193421,240010,0,0,0,0,0,0,0,0,0,0,0,NA,NA,NA,NA
95,GLP1RA main_SU main_Bone fracture,pmtx_202203_20220831,0,145186,392450,0,0,0,0,0,0,0,0,0,0,0,NA,NA,NA,NA
95,GLP1RA main_SU main_Bone fracture,VA-OMOP_20230411,0,74531,502090,0,0,0,0,0,0,0,0,0,0,0,NA,NA,NA,NA
95,GLP1RA main_SU main_Bone fracture,truven_mdcd_2359_20230215,0,58097,269180,0,0,0,0,0,0,0,0,0,0,0,NA,NA,NA,NA
95,GLP1RA main_SU main_Bone fracture,UK_IMRD_THIN_20221230,0,32984,61890,0,0,0,0,0,0,0,0,0,0,0,NA,NA,NA,NA
95,GLP1RA main_SU main_Bone fracture,IQVIA_Germany_DA_20230124,0,25687,126110,0,0,0,0,0,0,0,0,0,0,0,NA,NA,NA,NA
95,GLP1RA main_SU main_Bone fracture,France_LPD_20230118,0,17967,69870,0,0,0,0,0,0,0,0,0,0,0,NA,NA,NA,NA
95,GLP1RA main_SU main_Bone fracture,jmdc_2325_20230126,0,15225,30460,0,0,0,0,0,0,0,0,0,0,0,NA,NA,NA,NA
95,GLP1RA main_SU main_Bone fracture,UK_IMRD_EMIS_20230215,0,12232,28020,0,0,0,0,0,0,0,0,0,0,0,NA,NA,NA,NA
95,GLP1RA main_SU main_Bone fracture,JHM_OMOP_20230406,0,11569,31140,0,0,0,0,0,0,0,0,0,0,0,NA,NA,NA,NA
95,GLP1RA main_SU main_Bone fracture,Japan_Claims_20230215,0,10987,31930,0,0,0,0,0,0,0,0,0,0,0,NA,NA,NA,NA
95,GLP1RA main_SU main_Bone fracture,LPD_Italy_20221226,0,8350,18410,0,0,0,0,0,0,0,0,0,0,0,NA,NA,NA,NA
95,GLP1RA main_SU main_Bone fracture,CUIMC_20221214,0,6690,57670,0,0,0,0,0,0,0,0,0,0,0,NA,NA,NA,NA
95,GLP1RA main_SU main_Bone fracture,IQVIA_France_DA_20230201,0,5799,24940,0,0,0,0,0,0,0,0,0,0,0,NA,NA,NA,NA
95,GLP1RA main_SU main_Bone fracture,LPD_Spain_20220704,0,3795,12030,0,0,0,0,0,0,0,0,0,0,0,NA,NA,NA,NA
95,GLP1RA main_SU main_Bone fracture,US_Hospital_20230130,0,2639,14000,0,0,0,0,0,0,0,0,0,0,0,NA,NA,NA,NA
95,GLP1RA main_SU main_Bone fracture,IQVIA_Belgium_LPD_20221006,0,1773,5210,0,0,0,0,0,0,0,0,0,0,0,NA,NA,NA,NA
95,GLP1RA main_SU main_Bone fracture,AUSOM_20220228,0,699,3190,0,0,0,0,0,0,0,0,0,0,0,NA,NA,NA,NA
95,GLP1RA main_SU main_Bone fracture,Australia_EMR_20230317,0,586,4420,0,0,0,0,0,0,0,0,0,0,0,NA,NA,NA,NA
95,GLP1RA main_SU main_Bone fracture,TMUCRD_20210406,0,433,3150,0,0,0,0,0,0,0,0,0,0,0,NA,NA,NA,NA
95,GLP1RA main_SU main_Bone fracture,RED_CDM_Tufts_20221005,0,132,2180,0,0,0,0,0,0,0,0,0,0,0,NA,NA,NA,NA
95,GLP1RA main_SU main_Bone fracture,Japan_HIS_20220120,0,108,2830,0,0,0,0,0,0,0,0,0,0,0,NA,NA,NA,NA
95,GLP1RA main_SU main_Bone fracture,Keck_Upgraded_OMOP_v5_NA,1,15,80,0,0,0,0,0,0,0,0,0,0,0,NA,NA,NA,NA
95,GLP1RA main_SU main_Bone fracture,ktph_sg_NA,1,13,20,0,0,NA,0,0,0,0,0,0,0,0,NA,NA,NA,NA
95,GLP1RA main_SU main_Bone fracture,cdm_cds,2,0,0,0,0,0,0,0,0,0,0,1,0,0,NA,NA,NA,NA
95,GLP1RA main_SU main_Bone fracture,Klinicki_centar_Crne_Gore_20230101,3,0,0,0,0,0,0,0,0,0,1,0,0,1,NA,NA,NA,NA
95,GLP1RA main_SU main_Bone fracture,premier_2326_20230125,3,0,0,0,0,0,0,0,1,0,0,0,0,1,NA,NA,NA,NA
95,GLP1RA main_SU main_Bone fracture,ccpp_v54_20210101,4,0,0,0,0,0,0,0,0,0,1,1,0,1,NA,NA,NA,NA
95,GLP1RA main_SU main_Bone fracture,HKU-THIN,5,0,-12724481,1,0,NA,0,0,0,0,1,0,1,1,NA,NA,NA,NA
95,GLP1RA main_SU main_Bone fracture,omop_20190828,NA,NA,48480,NA,0,NA,0,0,NA,0,NA,0,NA,0,NA,NA,NA,NA
96,SGLT2I main_SU main_Bone fracture,US_OPEN_CLAIMS_20230313,0,2797753,13190780,0,0,0,0,0,0,0,0,0,0,0,NA,NA,NA,NA
96,SGLT2I main_SU main_Bone fracture,US_PharMetrics_Plus_20230330,0,603199,1606870,0,0,0,0,0,0,0,0,0,0,0,NA,NA,NA,NA
96,SGLT2I main_SU main_Bone fracture,optum_extended_ses_2327_20230204,0,433598,953930,0,0,0,0,0,0,0,0,0,0,0,NA,NA,NA,NA
96,SGLT2I main_SU main_Bone fracture,optum_extended_dod_2323_20230201,0,433595,953920,0,0,0,0,0,0,0,0,0,0,0,NA,NA,NA,NA
96,SGLT2I main_SU main_Bone fracture,truven_ccae_2324_20230201,0,397219,936040,0,0,0,0,0,0,0,0,0,0,0,NA,NA,NA,NA
96,SGLT2I main_SU main_Bone fracture,optum_ehr_2247_20221205,0,262584,913790,0,0,0,0,0,0,0,0,0,0,0,NA,NA,NA,NA
96,SGLT2I main_SU main_Bone fracture,truven_mdcr_2322_20230127,0,120964,150100,0,0,0,0,0,0,0,0,0,0,0,NA,NA,NA,NA
96,SGLT2I main_SU main_Bone fracture,pmtx_202203_20220831,0,108591,293530,0,0,0,0,0,0,0,0,0,0,0,NA,NA,NA,NA
96,SGLT2I main_SU main_Bone fracture,jmdc_2325_20230126,0,93462,186980,0,0,0,0,0,0,0,0,0,0,0,NA,NA,NA,NA
96,SGLT2I main_SU main_Bone fracture,VA-OMOP_20230411,0,77503,522110,0,0,0,0,0,0,0,0,0,0,0,NA,NA,NA,NA
96,SGLT2I main_SU main_Bone fracture,Japan_Claims_20230215,0,44250,128600,0,0,0,0,0,0,0,0,0,0,0,NA,NA,NA,NA
96,SGLT2I main_SU main_Bone fracture,UK_IMRD_THIN_20221230,0,40675,76320,0,0,0,0,0,0,0,0,0,0,0,NA,NA,NA,NA
96,SGLT2I main_SU main_Bone fracture,truven_mdcd_2359_20230215,0,36976,171320,0,0,0,0,0,0,0,0,0,0,0,NA,NA,NA,NA
96,SGLT2I main_SU main_Bone fracture,IQVIA_Germany_DA_20230124,0,34376,168770,0,0,0,0,0,0,0,0,0,0,0,NA,NA,NA,NA
96,SGLT2I main_SU main_Bone fracture,UK_IMRD_EMIS_20230215,0,12232,28020,0,0,0,0,0,0,0,0,0,0,0,NA,NA,NA,NA
96,SGLT2I main_SU main_Bone fracture,JHM_OMOP_20230406,0,7898,21260,0,0,0,0,0,0,0,0,0,0,0,NA,NA,NA,NA
96,SGLT2I main_SU main_Bone fracture,LPD_Italy_20221226,0,7179,15830,0,0,0,0,0,0,0,0,0,0,0,NA,NA,NA,NA
96,SGLT2I main_SU main_Bone fracture,LPD_Spain_20220704,0,6161,19530,0,0,0,0,0,0,0,0,0,0,0,NA,NA,NA,NA
96,SGLT2I main_SU main_Bone fracture,US_Hospital_20230130,0,5983,31740,0,0,0,0,0,0,0,0,0,0,0,NA,NA,NA,NA
96,SGLT2I main_SU main_Bone fracture,France_LPD_20230118,0,5475,21290,0,0,0,0,0,0,0,0,0,0,0,NA,NA,NA,NA
96,SGLT2I main_SU main_Bone fracture,CUIMC_20221214,0,4366,37640,0,0,0,0,0,0,0,0,0,0,0,NA,NA,NA,NA
96,SGLT2I main_SU main_Bone fracture,IQVIA_Belgium_LPD_20221006,0,1773,5210,0,0,0,0,0,0,0,0,0,0,0,NA,NA,NA,NA
96,SGLT2I main_SU main_Bone fracture,AUSOM_20220228,0,1500,6850,0,0,0,0,0,0,0,0,0,0,0,NA,NA,NA,NA
96,SGLT2I main_SU main_Bone fracture,TMUCRD_20210406,0,1475,10740,0,0,0,0,0,0,0,0,0,0,0,NA,NA,NA,NA
96,SGLT2I main_SU main_Bone fracture,IQVIA_France_DA_20230201,0,728,3130,0,0,0,0,0,0,0,0,0,0,0,NA,NA,NA,NA
96,SGLT2I main_SU main_Bone fracture,Australia_EMR_20230317,0,586,4420,0,0,0,0,0,0,0,0,0,0,0,NA,NA,NA,NA
96,SGLT2I main_SU main_Bone fracture,Japan_HIS_20220120,0,281,7370,0,0,0,0,0,0,0,0,0,0,0,NA,NA,NA,NA
96,SGLT2I main_SU main_Bone fracture,RED_CDM_Tufts_20221005,0,83,1360,0,0,0,0,0,0,0,0,0,0,0,NA,NA,NA,NA
96,SGLT2I main_SU main_Bone fracture,ktph_sg_NA,1,93,140,0,0,NA,0,0,0,0,0,0,0,0,NA,NA,NA,NA
96,SGLT2I main_SU main_Bone fracture,Keck_Upgraded_OMOP_v5_NA,1,69,370,0,0,0,0,0,0,0,0,0,0,0,NA,NA,NA,NA
96,SGLT2I main_SU main_Bone fracture,Klinicki_centar_Crne_Gore_20230101,2,0,0,0,0,0,0,0,0,0,1,0,0,0,NA,NA,NA,NA
96,SGLT2I main_SU main_Bone fracture,cdm_cds,2,0,0,0,0,0,0,0,0,0,0,1,0,0,NA,NA,NA,NA
96,SGLT2I main_SU main_Bone fracture,premier_2326_20230125,3,0,0,0,0,0,0,0,1,0,0,0,0,1,NA,NA,NA,NA
96,SGLT2I main_SU main_Bone fracture,ccpp_v54_20210101,4,0,0,0,0,0,0,0,0,0,1,1,0,1,NA,NA,NA,NA
96,SGLT2I main_SU main_Bone fracture,HKU-THIN,5,0,-12724481,1,0,NA,0,0,0,0,1,0,1,1,NA,NA,NA,NA
96,SGLT2I main_SU main_Bone fracture,omop_20190828,NA,NA,900220,NA,0,NA,0,0,NA,0,NA,0,NA,NA,NA,NA,NA,NA
97,DPP4I main_GLP1RA main_Breast cancer,US_OPEN_CLAIMS_20230313,0,2984398,14070770,0,0,0,0,0,0,0,0,0,0,0,NA,NA,NA,NA
97,DPP4I main_GLP1RA main_Breast cancer,truven_ccae_2324_20230201,0,626883,1477240,0,0,0,0,0,0,0,0,0,0,0,NA,NA,NA,NA
97,DPP4I main_GLP1RA main_Breast cancer,optum_extended_dod_2323_20230201,0,599920,1319840,0,0,0,0,0,0,0,0,0,0,0,NA,NA,NA,NA
97,DPP4I main_GLP1RA main_Breast cancer,optum_extended_ses_2327_20230204,0,599919,1319840,0,0,0,0,0,0,0,0,0,0,0,NA,NA,NA,NA
97,DPP4I main_GLP1RA main_Breast cancer,US_PharMetrics_Plus_20230330,0,546343,1455410,0,0,0,0,0,0,0,0,0,0,0,NA,NA,NA,NA
97,DPP4I main_GLP1RA main_Breast cancer,optum_ehr_2247_20221205,0,381202,1326580,0,0,0,0,0,0,0,0,0,0,0,NA,NA,NA,NA
97,DPP4I main_GLP1RA main_Breast cancer,truven_mdcr_2322_20230127,0,193421,240010,0,0,0,0,0,0,0,0,0,0,0,NA,NA,NA,NA
97,DPP4I main_GLP1RA main_Breast cancer,pmtx_202203_20220831,0,113907,307900,0,0,0,0,0,0,0,0,0,0,0,NA,NA,NA,NA
97,DPP4I main_GLP1RA main_Breast cancer,VA-OMOP_20230411,0,74531,502090,0,0,0,0,0,0,0,0,0,0,0,NA,NA,NA,NA
97,DPP4I main_GLP1RA main_Breast cancer,truven_mdcd_2359_20230215,0,53891,249690,0,0,0,0,0,0,0,0,0,0,0,NA,NA,NA,NA
97,DPP4I main_GLP1RA main_Breast cancer,UK_IMRD_THIN_20221230,0,32984,61890,0,0,0,0,0,0,0,0,0,0,0,NA,NA,NA,NA
97,DPP4I main_GLP1RA main_Breast cancer,IQVIA_Germany_DA_20230124,0,25687,126110,0,0,0,0,0,0,0,0,0,0,0,NA,NA,NA,NA
97,DPP4I main_GLP1RA main_Breast cancer,France_LPD_20230118,0,19374,75340,0,0,0,0,0,0,0,0,0,0,0,NA,NA,NA,NA
97,DPP4I main_GLP1RA main_Breast cancer,jmdc_2325_20230126,0,15225,30460,0,0,0,0,0,0,0,0,0,0,0,NA,NA,NA,NA
97,DPP4I main_GLP1RA main_Breast cancer,UK_IMRD_EMIS_20230215,0,13027,29840,0,0,0,0,0,0,0,0,0,0,0,NA,NA,NA,NA
97,DPP4I main_GLP1RA main_Breast cancer,Japan_Claims_20230215,0,10987,31930,0,0,0,0,0,0,0,0,0,0,0,NA,NA,NA,NA
97,DPP4I main_GLP1RA main_Breast cancer,LPD_Italy_20221226,0,8350,18410,0,0,0,0,0,0,0,0,0,0,0,NA,NA,NA,NA
97,DPP4I main_GLP1RA main_Breast cancer,JHM_OMOP_20230406,0,7300,19650,0,0,0,0,0,0,0,0,0,0,0,NA,NA,NA,NA
97,DPP4I main_GLP1RA main_Breast cancer,CUIMC_20221214,0,6690,57670,0,0,0,0,0,0,0,0,0,0,0,NA,NA,NA,NA
97,DPP4I main_GLP1RA main_Breast cancer,IQVIA_France_DA_20230201,0,5799,24940,0,0,0,0,0,0,0,0,0,0,0,NA,NA,NA,NA
97,DPP4I main_GLP1RA main_Breast cancer,LPD_Spain_20220704,0,3795,12030,0,0,0,0,0,0,0,0,0,0,0,NA,NA,NA,NA
97,DPP4I main_GLP1RA main_Breast cancer,IQVIA_Belgium_LPD_20221006,0,2933,8620,0,0,0,0,0,0,0,0,0,0,0,NA,NA,NA,NA
97,DPP4I main_GLP1RA main_Breast cancer,US_Hospital_20230130,0,2639,14000,0,0,0,0,0,0,0,0,0,0,0,NA,NA,NA,NA
97,DPP4I main_GLP1RA main_Breast cancer,Australia_EMR_20230317,0,835,6300,0,0,0,0,0,0,0,0,0,0,0,NA,NA,NA,NA
97,DPP4I main_GLP1RA main_Breast cancer,AUSOM_20220228,0,699,3190,0,0,0,0,0,0,0,0,0,0,0,NA,NA,NA,NA
97,DPP4I main_GLP1RA main_Breast cancer,TMUCRD_20210406,0,433,3150,0,0,0,0,0,0,0,0,0,0,0,NA,NA,NA,NA
97,DPP4I main_GLP1RA main_Breast cancer,RED_CDM_Tufts_20221005,0,113,1860,0,0,0,0,0,0,0,0,0,0,0,NA,NA,NA,NA
97,DPP4I main_GLP1RA main_Breast cancer,Japan_HIS_20220120,0,108,2830,0,0,0,0,0,0,0,0,0,0,0,NA,NA,NA,NA
97,DPP4I main_GLP1RA main_Breast cancer,Keck_Upgraded_OMOP_v5_NA,1,15,80,0,0,0,0,0,0,0,0,0,0,0,NA,NA,NA,NA
97,DPP4I main_GLP1RA main_Breast cancer,ktph_sg_NA,1,13,20,0,0,NA,0,0,0,0,0,0,0,0,NA,NA,NA,NA
97,DPP4I main_GLP1RA main_Breast cancer,Klinicki_centar_Crne_Gore_20230101,2,0,0,0,0,0,0,0,0,0,1,0,0,0,NA,NA,NA,NA
97,DPP4I main_GLP1RA main_Breast cancer,cdm_cds,2,0,0,0,0,0,0,0,0,0,0,1,0,0,NA,NA,NA,NA
97,DPP4I main_GLP1RA main_Breast cancer,premier_2326_20230125,3,0,0,0,0,0,0,0,1,0,1,0,0,0,NA,NA,NA,NA
97,DPP4I main_GLP1RA main_Breast cancer,ccpp_v54_20210101,5,0,0,0,0,0,0,0,0,0,1,1,1,1,NA,NA,NA,NA
97,DPP4I main_GLP1RA main_Breast cancer,HKU-THIN,5,0,-12724481,1,0,NA,0,0,0,0,1,0,1,1,NA,NA,NA,NA
97,DPP4I main_GLP1RA main_Breast cancer,omop_20190828,NA,NA,48480,NA,0,NA,0,0,NA,0,0,0,NA,NA,NA,NA,NA,NA
98,DPP4I main_SGLT2I main_Breast cancer,US_OPEN_CLAIMS_20230313,0,2797753,13190780,0,0,0,0,0,0,0,0,0,0,0,NA,NA,NA,NA
98,DPP4I main_SGLT2I main_Breast cancer,US_PharMetrics_Plus_20230330,0,546343,1455410,0,0,0,0,0,0,0,0,0,0,0,NA,NA,NA,NA
98,DPP4I main_SGLT2I main_Breast cancer,optum_extended_ses_2327_20230204,0,433598,953930,0,0,0,0,0,0,0,0,0,0,0,NA,NA,NA,NA
98,DPP4I main_SGLT2I main_Breast cancer,optum_extended_dod_2323_20230201,0,433595,953920,0,0,0,0,0,0,0,0,0,0,0,NA,NA,NA,NA
98,DPP4I main_SGLT2I main_Breast cancer,truven_ccae_2324_20230201,0,397219,936040,0,0,0,0,0,0,0,0,0,0,0,NA,NA,NA,NA
98,DPP4I main_SGLT2I main_Breast cancer,optum_ehr_2247_20221205,0,262584,913790,0,0,0,0,0,0,0,0,0,0,0,NA,NA,NA,NA
98,DPP4I main_SGLT2I main_Breast cancer,truven_mdcr_2322_20230127,0,120964,150100,0,0,0,0,0,0,0,0,0,0,0,NA,NA,NA,NA
98,DPP4I main_SGLT2I main_Breast cancer,pmtx_202203_20220831,0,108591,293530,0,0,0,0,0,0,0,0,0,0,0,NA,NA,NA,NA
98,DPP4I main_SGLT2I main_Breast cancer,jmdc_2325_20230126,0,97761,195580,0,0,0,0,0,0,0,0,0,0,0,NA,NA,NA,NA
98,DPP4I main_SGLT2I main_Breast cancer,VA-OMOP_20230411,0,77503,522110,0,0,0,0,0,0,0,0,0,0,0,NA,NA,NA,NA
98,DPP4I main_SGLT2I main_Breast cancer,Japan_Claims_20230215,0,44250,128600,0,0,0,0,0,0,0,0,0,0,0,NA,NA,NA,NA
98,DPP4I main_SGLT2I main_Breast cancer,UK_IMRD_THIN_20221230,0,40675,76320,0,0,0,0,0,0,0,0,0,0,0,NA,NA,NA,NA
98,DPP4I main_SGLT2I main_Breast cancer,truven_mdcd_2359_20230215,0,36976,171320,0,0,0,0,0,0,0,0,0,0,0,NA,NA,NA,NA
98,DPP4I main_SGLT2I main_Breast cancer,IQVIA_Germany_DA_20230124,0,36211,177780,0,0,0,0,0,0,0,0,0,0,0,NA,NA,NA,NA
98,DPP4I main_SGLT2I main_Breast cancer,UK_IMRD_EMIS_20230215,0,16790,38460,0,0,0,0,0,0,0,0,0,0,0,NA,NA,NA,NA
98,DPP4I main_SGLT2I main_Breast cancer,LPD_Spain_20220704,0,10616,33650,0,0,0,0,0,0,0,0,0,0,0,NA,NA,NA,NA
98,DPP4I main_SGLT2I main_Breast cancer,JHM_OMOP_20230406,0,7300,19650,0,0,0,0,0,0,0,0,0,0,0,NA,NA,NA,NA
98,DPP4I main_SGLT2I main_Breast cancer,LPD_Italy_20221226,0,7179,15830,0,0,0,0,0,0,0,0,0,0,0,NA,NA,NA,NA
98,DPP4I main_SGLT2I main_Breast cancer,US_Hospital_20230130,0,5983,31740,0,0,0,0,0,0,0,0,0,0,0,NA,NA,NA,NA
98,DPP4I main_SGLT2I main_Breast cancer,France_LPD_20230118,0,5475,21290,0,0,0,0,0,0,0,0,0,0,0,NA,NA,NA,NA
98,DPP4I main_SGLT2I main_Breast cancer,CUIMC_20221214,0,4366,37640,0,0,0,0,0,0,0,0,0,0,0,NA,NA,NA,NA
98,DPP4I main_SGLT2I main_Breast cancer,Australia_EMR_20230317,0,2683,20240,0,0,0,0,0,0,0,0,0,0,0,NA,NA,NA,NA
98,DPP4I main_SGLT2I main_Breast cancer,IQVIA_Belgium_LPD_20221006,0,2208,6490,0,0,0,0,0,0,0,0,0,0,0,NA,NA,NA,NA
98,DPP4I main_SGLT2I main_Breast cancer,AUSOM_20220228,0,1500,6850,0,0,0,0,0,0,0,0,0,0,0,NA,NA,NA,NA
98,DPP4I main_SGLT2I main_Breast cancer,TMUCRD_20210406,0,1475,10740,0,0,0,0,0,0,0,0,0,0,0,NA,NA,NA,NA
98,DPP4I main_SGLT2I main_Breast cancer,IQVIA_France_DA_20230201,0,728,3130,0,0,0,0,0,0,0,0,0,0,0,NA,NA,NA,NA
98,DPP4I main_SGLT2I main_Breast cancer,Japan_HIS_20220120,0,281,7370,0,0,0,0,0,0,0,0,0,0,0,NA,NA,NA,NA
98,DPP4I main_SGLT2I main_Breast cancer,RED_CDM_Tufts_20221005,0,83,1360,0,0,0,0,0,0,0,0,0,0,0,NA,NA,NA,NA
98,DPP4I main_SGLT2I main_Breast cancer,ktph_sg_NA,1,93,140,0,0,NA,0,0,0,0,0,0,0,0,NA,NA,NA,NA
98,DPP4I main_SGLT2I main_Breast cancer,Keck_Upgraded_OMOP_v5_NA,1,69,370,0,0,0,0,0,0,0,0,0,0,0,NA,NA,NA,NA
98,DPP4I main_SGLT2I main_Breast cancer,Klinicki_centar_Crne_Gore_20230101,1,10,50,0,0,0,0,0,0,0,0,0,0,0,NA,NA,NA,NA
98,DPP4I main_SGLT2I main_Breast cancer,cdm_cds,2,0,0,0,0,0,0,0,0,0,0,1,0,0,NA,NA,NA,NA
98,DPP4I main_SGLT2I main_Breast cancer,premier_2326_20230125,3,0,0,0,0,0,0,0,1,0,1,0,0,0,NA,NA,NA,NA
98,DPP4I main_SGLT2I main_Breast cancer,ccpp_v54_20210101,5,0,0,0,0,0,0,0,0,0,1,1,1,1,NA,NA,NA,NA
98,DPP4I main_SGLT2I main_Breast cancer,HKU-THIN,5,0,-12724481,1,0,NA,0,0,0,0,1,0,1,1,NA,NA,NA,NA
98,DPP4I main_SGLT2I main_Breast cancer,omop_20190828,NA,NA,900220,NA,0,NA,0,0,NA,0,NA,0,NA,NA,NA,NA,NA,NA
99,DPP4I main_SU main_Breast cancer,US_OPEN_CLAIMS_20230313,0,2984398,14070770,0,0,0,0,0,0,0,0,0,0,0,NA,NA,NA,NA
99,DPP4I main_SU main_Breast cancer,truven_ccae_2324_20230201,0,626883,1477240,0,0,0,0,0,0,0,0,0,0,0,NA,NA,NA,NA
99,DPP4I main_SU main_Breast cancer,optum_extended_dod_2323_20230201,0,599920,1319840,0,0,0,0,0,0,0,0,0,0,0,NA,NA,NA,NA
99,DPP4I main_SU main_Breast cancer,optum_extended_ses_2327_20230204,0,599919,1319840,0,0,0,0,0,0,0,0,0,0,0,NA,NA,NA,NA
99,DPP4I main_SU main_Breast cancer,US_PharMetrics_Plus_20230330,0,546343,1455410,0,0,0,0,0,0,0,0,0,0,0,NA,NA,NA,NA
99,DPP4I main_SU main_Breast cancer,optum_ehr_2247_20221205,0,449949,1565820,0,0,0,0,0,0,0,0,0,0,0,NA,NA,NA,NA
99,DPP4I main_SU main_Breast cancer,truven_mdcr_2322_20230127,0,388236,481750,0,0,0,0,0,0,0,0,0,0,0,NA,NA,NA,NA
99,DPP4I main_SU main_Breast cancer,pmtx_202203_20220831,0,113907,307900,0,0,0,0,0,0,0,0,0,0,0,NA,NA,NA,NA
99,DPP4I main_SU main_Breast cancer,jmdc_2325_20230126,0,93462,186980,0,0,0,0,0,0,0,0,0,0,0,NA,NA,NA,NA
99,DPP4I main_SU main_Breast cancer,VA-OMOP_20230411,0,78282,527360,0,0,0,0,0,0,0,0,0,0,0,NA,NA,NA,NA
99,DPP4I main_SU main_Breast cancer,Japan_Claims_20230215,0,63264,183860,0,0,0,0,0,0,0,0,0,0,0,NA,NA,NA,NA
99,DPP4I main_SU main_Breast cancer,US_Hospital_20230130,0,62779,333060,0,0,0,0,0,0,0,0,0,0,0,NA,NA,NA,NA
99,DPP4I main_SU main_Breast cancer,truven_mdcd_2359_20230215,0,53891,249690,0,0,0,0,0,0,0,0,0,0,0,NA,NA,NA,NA
99,DPP4I main_SU main_Breast cancer,UK_IMRD_THIN_20221230,0,46223,86730,0,0,0,0,0,0,0,0,0,0,0,NA,NA,NA,NA
99,DPP4I main_SU main_Breast cancer,IQVIA_Germany_DA_20230124,0,34376,168770,0,0,0,0,0,0,0,0,0,0,0,NA,NA,NA,NA
99,DPP4I main_SU main_Breast cancer,France_LPD_20230118,0,17967,69870,0,0,0,0,0,0,0,0,0,0,0,NA,NA,NA,NA
99,DPP4I main_SU main_Breast cancer,LPD_Italy_20221226,0,15674,34560,0,0,0,0,0,0,0,0,0,0,0,NA,NA,NA,NA
99,DPP4I main_SU main_Breast cancer,UK_IMRD_EMIS_20230215,0,12232,28020,0,0,0,0,0,0,0,0,0,0,0,NA,NA,NA,NA
99,DPP4I main_SU main_Breast cancer,IQVIA_France_DA_20230201,0,8245,35460,0,0,0,0,0,0,0,0,0,0,0,NA,NA,NA,NA
99,DPP4I main_SU main_Breast cancer,AUSOM_20220228,0,7616,34770,0,0,0,0,0,0,0,0,0,0,0,NA,NA,NA,NA
99,DPP4I main_SU main_Breast cancer,JHM_OMOP_20230406,0,7300,19650,0,0,0,0,0,0,0,0,0,0,0,NA,NA,NA,NA
99,DPP4I main_SU main_Breast cancer,TMUCRD_20210406,0,7245,52740,0,0,0,0,0,0,0,0,0,0,0,NA,NA,NA,NA
99,DPP4I main_SU main_Breast cancer,CUIMC_20221214,0,7067,60920,0,0,0,0,0,0,0,0,0,0,0,NA,NA,NA,NA
99,DPP4I main_SU main_Breast cancer,LPD_Spain_20220704,0,6161,19530,0,0,0,0,0,0,0,0,0,0,0,NA,NA,NA,NA
99,DPP4I main_SU main_Breast cancer,IQVIA_Belgium_LPD_20221006,0,1773,5210,0,0,0,0,0,0,0,0,0,0,0,NA,NA,NA,NA
99,DPP4I main_SU main_Breast cancer,Keck_Upgraded_OMOP_v5_NA,0,1700,9120,0,0,0,0,0,0,0,0,0,0,0,NA,NA,NA,NA
99,DPP4I main_SU main_Breast cancer,Australia_EMR_20230317,0,586,4420,0,0,0,0,0,0,0,0,0,0,0,NA,NA,NA,NA
99,DPP4I main_SU main_Breast cancer,Japan_HIS_20220120,0,449,11790,0,0,0,0,0,0,0,0,0,0,0,NA,NA,NA,NA
99,DPP4I main_SU main_Breast cancer,RED_CDM_Tufts_20221005,0,113,1860,0,0,0,0,0,0,0,0,0,0,0,NA,NA,NA,NA
99,DPP4I main_SU main_Breast cancer,premier_2326_20230125,1,6525,914680,0,0,0,0,0,1,0,0,0,0,0,NA,NA,NA,NA
99,DPP4I main_SU main_Breast cancer,ktph_sg_NA,1,578,870,0,0,NA,0,0,0,0,0,0,0,0,NA,NA,NA,NA
99,DPP4I main_SU main_Breast cancer,Klinicki_centar_Crne_Gore_20230101,2,0,0,0,0,0,0,0,0,0,1,0,0,0,NA,NA,NA,NA
99,DPP4I main_SU main_Breast cancer,cdm_cds,2,0,0,0,0,0,0,0,0,0,0,1,0,0,NA,NA,NA,NA
99,DPP4I main_SU main_Breast cancer,ccpp_v54_20210101,5,0,0,0,0,0,0,0,0,0,1,1,1,1,NA,NA,NA,NA
99,DPP4I main_SU main_Breast cancer,HKU-THIN,5,0,-12724481,1,0,NA,0,0,0,0,1,0,1,1,NA,NA,NA,NA
99,DPP4I main_SU main_Breast cancer,omop_20190828,NA,NA,900220,NA,0,NA,0,0,NA,0,NA,0,NA,NA,NA,NA,NA,NA
100,GLP1RA main_SGLT2I main_Breast cancer,US_OPEN_CLAIMS_20230313,0,2797753,13190780,0,0,0,0,0,0,0,0,0,0,0,NA,NA,NA,NA
100,GLP1RA main_SGLT2I main_Breast cancer,US_PharMetrics_Plus_20230330,0,603199,1606870,0,0,0,0,0,0,0,0,0,0,0,NA,NA,NA,NA
100,GLP1RA main_SGLT2I main_Breast cancer,optum_extended_ses_2327_20230204,0,433598,953930,0,0,0,0,0,0,0,0,0,0,0,NA,NA,NA,NA
100,GLP1RA main_SGLT2I main_Breast cancer,optum_extended_dod_2323_20230201,0,433595,953920,0,0,0,0,0,0,0,0,0,0,0,NA,NA,NA,NA
100,GLP1RA main_SGLT2I main_Breast cancer,truven_ccae_2324_20230201,0,397219,936040,0,0,0,0,0,0,0,0,0,0,0,NA,NA,NA,NA
100,GLP1RA main_SGLT2I main_Breast cancer,optum_ehr_2247_20221205,0,262584,913790,0,0,0,0,0,0,0,0,0,0,0,NA,NA,NA,NA
100,GLP1RA main_SGLT2I main_Breast cancer,truven_mdcr_2322_20230127,0,120964,150100,0,0,0,0,0,0,0,0,0,0,0,NA,NA,NA,NA
100,GLP1RA main_SGLT2I main_Breast cancer,pmtx_202203_20220831,0,108591,293530,0,0,0,0,0,0,0,0,0,0,0,NA,NA,NA,NA
100,GLP1RA main_SGLT2I main_Breast cancer,VA-OMOP_20230411,0,74531,502090,0,0,0,0,0,0,0,0,0,0,0,NA,NA,NA,NA
100,GLP1RA main_SGLT2I main_Breast cancer,truven_mdcd_2359_20230215,0,36976,171320,0,0,0,0,0,0,0,0,0,0,0,NA,NA,NA,NA
100,GLP1RA main_SGLT2I main_Breast cancer,UK_IMRD_THIN_20221230,0,32984,61890,0,0,0,0,0,0,0,0,0,0,0,NA,NA,NA,NA
100,GLP1RA main_SGLT2I main_Breast cancer,IQVIA_Germany_DA_20230124,0,25687,126110,0,0,0,0,0,0,0,0,0,0,0,NA,NA,NA,NA
100,GLP1RA main_SGLT2I main_Breast cancer,jmdc_2325_20230126,0,15225,30460,0,0,0,0,0,0,0,0,0,0,0,NA,NA,NA,NA
100,GLP1RA main_SGLT2I main_Breast cancer,UK_IMRD_EMIS_20230215,0,13027,29840,0,0,0,0,0,0,0,0,0,0,0,NA,NA,NA,NA
100,GLP1RA main_SGLT2I main_Breast cancer,Japan_Claims_20230215,0,10987,31930,0,0,0,0,0,0,0,0,0,0,0,NA,NA,NA,NA
100,GLP1RA main_SGLT2I main_Breast cancer,JHM_OMOP_20230406,0,7898,21260,0,0,0,0,0,0,0,0,0,0,0,NA,NA,NA,NA
100,GLP1RA main_SGLT2I main_Breast cancer,LPD_Italy_20221226,0,7179,15830,0,0,0,0,0,0,0,0,0,0,0,NA,NA,NA,NA
100,GLP1RA main_SGLT2I main_Breast cancer,France_LPD_20230118,0,5475,21290,0,0,0,0,0,0,0,0,0,0,0,NA,NA,NA,NA
100,GLP1RA main_SGLT2I main_Breast cancer,CUIMC_20221214,0,4366,37640,0,0,0,0,0,0,0,0,0,0,0,NA,NA,NA,NA
100,GLP1RA main_SGLT2I main_Breast cancer,LPD_Spain_20220704,0,3795,12030,0,0,0,0,0,0,0,0,0,0,0,NA,NA,NA,NA
100,GLP1RA main_SGLT2I main_Breast cancer,US_Hospital_20230130,0,2639,14000,0,0,0,0,0,0,0,0,0,0,0,NA,NA,NA,NA
100,GLP1RA main_SGLT2I main_Breast cancer,IQVIA_Belgium_LPD_20221006,0,2208,6490,0,0,0,0,0,0,0,0,0,0,0,NA,NA,NA,NA
100,GLP1RA main_SGLT2I main_Breast cancer,Australia_EMR_20230317,0,835,6300,0,0,0,0,0,0,0,0,0,0,0,NA,NA,NA,NA
100,GLP1RA main_SGLT2I main_Breast cancer,IQVIA_France_DA_20230201,0,728,3130,0,0,0,0,0,0,0,0,0,0,0,NA,NA,NA,NA
100,GLP1RA main_SGLT2I main_Breast cancer,AUSOM_20220228,0,699,3190,0,0,0,0,0,0,0,0,0,0,0,NA,NA,NA,NA
100,GLP1RA main_SGLT2I main_Breast cancer,TMUCRD_20210406,0,433,3150,0,0,0,0,0,0,0,0,0,0,0,NA,NA,NA,NA
100,GLP1RA main_SGLT2I main_Breast cancer,Japan_HIS_20220120,0,108,2830,0,0,0,0,0,0,0,0,0,0,0,NA,NA,NA,NA
100,GLP1RA main_SGLT2I main_Breast cancer,RED_CDM_Tufts_20221005,0,83,1360,0,0,0,0,0,0,0,0,0,0,0,NA,NA,NA,NA
100,GLP1RA main_SGLT2I main_Breast cancer,Keck_Upgraded_OMOP_v5_NA,1,15,80,0,0,0,0,0,0,0,0,0,0,0,NA,NA,NA,NA
100,GLP1RA main_SGLT2I main_Breast cancer,ktph_sg_NA,1,13,20,0,0,NA,0,0,0,0,0,0,0,0,NA,NA,NA,NA
100,GLP1RA main_SGLT2I main_Breast cancer,Klinicki_centar_Crne_Gore_20230101,2,0,0,0,0,0,0,0,0,0,0,0,0,1,NA,NA,NA,NA
100,GLP1RA main_SGLT2I main_Breast cancer,cdm_cds,2,0,0,0,0,0,0,0,0,0,0,1,0,0,NA,NA,NA,NA
100,GLP1RA main_SGLT2I main_Breast cancer,premier_2326_20230125,4,0,0,0,0,0,0,0,1,0,1,0,0,1,NA,NA,NA,NA
100,GLP1RA main_SGLT2I main_Breast cancer,ccpp_v54_20210101,5,0,0,0,0,0,0,0,0,0,1,1,1,1,NA,NA,NA,NA
100,GLP1RA main_SGLT2I main_Breast cancer,HKU-THIN,5,0,-12724481,1,0,NA,0,0,0,0,1,0,1,1,NA,NA,NA,NA
100,GLP1RA main_SGLT2I main_Breast cancer,omop_20190828,NA,NA,48480,NA,0,NA,0,0,NA,0,NA,0,NA,0,NA,NA,NA,NA
101,GLP1RA main_SU main_Breast cancer,US_OPEN_CLAIMS_20230313,0,4114327,19398130,0,0,0,0,0,0,0,0,0,0,0,NA,NA,NA,NA
101,GLP1RA main_SU main_Breast cancer,US_PharMetrics_Plus_20230330,0,845464,2252240,0,0,0,0,0,0,0,0,0,0,0,NA,NA,NA,NA
101,GLP1RA main_SU main_Breast cancer,truven_ccae_2324_20230201,0,772045,1819310,0,0,0,0,0,0,0,0,0,0,0,NA,NA,NA,NA
101,GLP1RA main_SU main_Breast cancer,optum_extended_dod_2323_20230201,0,652061,1434550,0,0,0,0,0,0,0,0,0,0,0,NA,NA,NA,NA
101,GLP1RA main_SU main_Breast cancer,optum_extended_ses_2327_20230204,0,652050,1434530,0,0,0,0,0,0,0,0,0,0,0,NA,NA,NA,NA
101,GLP1RA main_SU main_Breast cancer,optum_ehr_2247_20221205,0,381202,1326580,0,0,0,0,0,0,0,0,0,0,0,NA,NA,NA,NA
101,GLP1RA main_SU main_Breast cancer,truven_mdcr_2322_20230127,0,193421,240010,0,0,0,0,0,0,0,0,0,0,0,NA,NA,NA,NA
101,GLP1RA main_SU main_Breast cancer,pmtx_202203_20220831,0,145186,392450,0,0,0,0,0,0,0,0,0,0,0,NA,NA,NA,NA
101,GLP1RA main_SU main_Breast cancer,VA-OMOP_20230411,0,74531,502090,0,0,0,0,0,0,0,0,0,0,0,NA,NA,NA,NA
101,GLP1RA main_SU main_Breast cancer,truven_mdcd_2359_20230215,0,58097,269180,0,0,0,0,0,0,0,0,0,0,0,NA,NA,NA,NA
101,GLP1RA main_SU main_Breast cancer,UK_IMRD_THIN_20221230,0,32984,61890,0,0,0,0,0,0,0,0,0,0,0,NA,NA,NA,NA
101,GLP1RA main_SU main_Breast cancer,IQVIA_Germany_DA_20230124,0,25687,126110,0,0,0,0,0,0,0,0,0,0,0,NA,NA,NA,NA
101,GLP1RA main_SU main_Breast cancer,France_LPD_20230118,0,17967,69870,0,0,0,0,0,0,0,0,0,0,0,NA,NA,NA,NA
101,GLP1RA main_SU main_Breast cancer,jmdc_2325_20230126,0,15225,30460,0,0,0,0,0,0,0,0,0,0,0,NA,NA,NA,NA
101,GLP1RA main_SU main_Breast cancer,UK_IMRD_EMIS_20230215,0,12232,28020,0,0,0,0,0,0,0,0,0,0,0,NA,NA,NA,NA
101,GLP1RA main_SU main_Breast cancer,JHM_OMOP_20230406,0,11569,31140,0,0,0,0,0,0,0,0,0,0,0,NA,NA,NA,NA
101,GLP1RA main_SU main_Breast cancer,Japan_Claims_20230215,0,10987,31930,0,0,0,0,0,0,0,0,0,0,0,NA,NA,NA,NA
101,GLP1RA main_SU main_Breast cancer,LPD_Italy_20221226,0,8350,18410,0,0,0,0,0,0,0,0,0,0,0,NA,NA,NA,NA
101,GLP1RA main_SU main_Breast cancer,CUIMC_20221214,0,6690,57670,0,0,0,0,0,0,0,0,0,0,0,NA,NA,NA,NA
101,GLP1RA main_SU main_Breast cancer,IQVIA_France_DA_20230201,0,5799,24940,0,0,0,0,0,0,0,0,0,0,0,NA,NA,NA,NA
101,GLP1RA main_SU main_Breast cancer,LPD_Spain_20220704,0,3795,12030,0,0,0,0,0,0,0,0,0,0,0,NA,NA,NA,NA
101,GLP1RA main_SU main_Breast cancer,US_Hospital_20230130,0,2639,14000,0,0,0,0,0,0,0,0,0,0,0,NA,NA,NA,NA
101,GLP1RA main_SU main_Breast cancer,IQVIA_Belgium_LPD_20221006,0,1773,5210,0,0,0,0,0,0,0,0,0,0,0,NA,NA,NA,NA
101,GLP1RA main_SU main_Breast cancer,AUSOM_20220228,0,699,3190,0,0,0,0,0,0,0,0,0,0,0,NA,NA,NA,NA
101,GLP1RA main_SU main_Breast cancer,Australia_EMR_20230317,0,586,4420,0,0,0,0,0,0,0,0,0,0,0,NA,NA,NA,NA
101,GLP1RA main_SU main_Breast cancer,TMUCRD_20210406,0,433,3150,0,0,0,0,0,0,0,0,0,0,0,NA,NA,NA,NA
101,GLP1RA main_SU main_Breast cancer,RED_CDM_Tufts_20221005,0,132,2180,0,0,0,0,0,0,0,0,0,0,0,NA,NA,NA,NA
101,GLP1RA main_SU main_Breast cancer,Japan_HIS_20220120,0,108,2830,0,0,0,0,0,0,0,0,0,0,0,NA,NA,NA,NA
101,GLP1RA main_SU main_Breast cancer,Keck_Upgraded_OMOP_v5_NA,1,15,80,0,0,0,0,0,0,0,0,0,0,0,NA,NA,NA,NA
101,GLP1RA main_SU main_Breast cancer,ktph_sg_NA,1,13,20,0,0,NA,0,0,0,0,0,0,0,0,NA,NA,NA,NA
101,GLP1RA main_SU main_Breast cancer,cdm_cds,2,0,0,0,0,0,0,0,0,0,0,1,0,0,NA,NA,NA,NA
101,GLP1RA main_SU main_Breast cancer,Klinicki_centar_Crne_Gore_20230101,3,0,0,0,0,0,0,0,0,0,1,0,0,1,NA,NA,NA,NA
101,GLP1RA main_SU main_Breast cancer,premier_2326_20230125,3,0,0,0,0,0,0,0,1,0,0,0,0,1,NA,NA,NA,NA
101,GLP1RA main_SU main_Breast cancer,ccpp_v54_20210101,5,0,0,0,0,0,0,0,0,0,1,1,1,1,NA,NA,NA,NA
101,GLP1RA main_SU main_Breast cancer,HKU-THIN,5,0,-12724481,1,0,NA,0,0,0,0,1,0,1,1,NA,NA,NA,NA
101,GLP1RA main_SU main_Breast cancer,omop_20190828,NA,NA,48480,NA,0,NA,0,0,NA,0,NA,0,NA,0,NA,NA,NA,NA
102,SGLT2I main_SU main_Breast cancer,US_OPEN_CLAIMS_20230313,0,2797753,13190780,0,0,0,0,0,0,0,0,0,0,0,NA,NA,NA,NA
102,SGLT2I main_SU main_Breast cancer,US_PharMetrics_Plus_20230330,0,603199,1606870,0,0,0,0,0,0,0,0,0,0,0,NA,NA,NA,NA
102,SGLT2I main_SU main_Breast cancer,optum_extended_ses_2327_20230204,0,433598,953930,0,0,0,0,0,0,0,0,0,0,0,NA,NA,NA,NA
102,SGLT2I main_SU main_Breast cancer,optum_extended_dod_2323_20230201,0,433595,953920,0,0,0,0,0,0,0,0,0,0,0,NA,NA,NA,NA
102,SGLT2I main_SU main_Breast cancer,truven_ccae_2324_20230201,0,397219,936040,0,0,0,0,0,0,0,0,0,0,0,NA,NA,NA,NA
102,SGLT2I main_SU main_Breast cancer,optum_ehr_2247_20221205,0,262584,913790,0,0,0,0,0,0,0,0,0,0,0,NA,NA,NA,NA
102,SGLT2I main_SU main_Breast cancer,truven_mdcr_2322_20230127,0,120964,150100,0,0,0,0,0,0,0,0,0,0,0,NA,NA,NA,NA
102,SGLT2I main_SU main_Breast cancer,pmtx_202203_20220831,0,108591,293530,0,0,0,0,0,0,0,0,0,0,0,NA,NA,NA,NA
102,SGLT2I main_SU main_Breast cancer,jmdc_2325_20230126,0,93462,186980,0,0,0,0,0,0,0,0,0,0,0,NA,NA,NA,NA
102,SGLT2I main_SU main_Breast cancer,VA-OMOP_20230411,0,77503,522110,0,0,0,0,0,0,0,0,0,0,0,NA,NA,NA,NA
102,SGLT2I main_SU main_Breast cancer,Japan_Claims_20230215,0,44250,128600,0,0,0,0,0,0,0,0,0,0,0,NA,NA,NA,NA
102,SGLT2I main_SU main_Breast cancer,UK_IMRD_THIN_20221230,0,40675,76320,0,0,0,0,0,0,0,0,0,0,0,NA,NA,NA,NA
102,SGLT2I main_SU main_Breast cancer,truven_mdcd_2359_20230215,0,36976,171320,0,0,0,0,0,0,0,0,0,0,0,NA,NA,NA,NA
102,SGLT2I main_SU main_Breast cancer,IQVIA_Germany_DA_20230124,0,34376,168770,0,0,0,0,0,0,0,0,0,0,0,NA,NA,NA,NA
102,SGLT2I main_SU main_Breast cancer,UK_IMRD_EMIS_20230215,0,12232,28020,0,0,0,0,0,0,0,0,0,0,0,NA,NA,NA,NA
102,SGLT2I main_SU main_Breast cancer,JHM_OMOP_20230406,0,7898,21260,0,0,0,0,0,0,0,0,0,0,0,NA,NA,NA,NA
102,SGLT2I main_SU main_Breast cancer,LPD_Italy_20221226,0,7179,15830,0,0,0,0,0,0,0,0,0,0,0,NA,NA,NA,NA
102,SGLT2I main_SU main_Breast cancer,LPD_Spain_20220704,0,6161,19530,0,0,0,0,0,0,0,0,0,0,0,NA,NA,NA,NA
102,SGLT2I main_SU main_Breast cancer,US_Hospital_20230130,0,5983,31740,0,0,0,0,0,0,0,0,0,0,0,NA,NA,NA,NA
102,SGLT2I main_SU main_Breast cancer,France_LPD_20230118,0,5475,21290,0,0,0,0,0,0,0,0,0,0,0,NA,NA,NA,NA
102,SGLT2I main_SU main_Breast cancer,CUIMC_20221214,0,4366,37640,0,0,0,0,0,0,0,0,0,0,0,NA,NA,NA,NA
102,SGLT2I main_SU main_Breast cancer,IQVIA_Belgium_LPD_20221006,0,1773,5210,0,0,0,0,0,0,0,0,0,0,0,NA,NA,NA,NA
102,SGLT2I main_SU main_Breast cancer,AUSOM_20220228,0,1500,6850,0,0,0,0,0,0,0,0,0,0,0,NA,NA,NA,NA
102,SGLT2I main_SU main_Breast cancer,TMUCRD_20210406,0,1475,10740,0,0,0,0,0,0,0,0,0,0,0,NA,NA,NA,NA
102,SGLT2I main_SU main_Breast cancer,IQVIA_France_DA_20230201,0,728,3130,0,0,0,0,0,0,0,0,0,0,0,NA,NA,NA,NA
102,SGLT2I main_SU main_Breast cancer,Australia_EMR_20230317,0,586,4420,0,0,0,0,0,0,0,0,0,0,0,NA,NA,NA,NA
102,SGLT2I main_SU main_Breast cancer,Japan_HIS_20220120,0,281,7370,0,0,0,0,0,0,0,0,0,0,0,NA,NA,NA,NA
102,SGLT2I main_SU main_Breast cancer,RED_CDM_Tufts_20221005,0,83,1360,0,0,0,0,0,0,0,0,0,0,0,NA,NA,NA,NA
102,SGLT2I main_SU main_Breast cancer,ktph_sg_NA,1,93,140,0,0,NA,0,0,0,0,0,0,0,0,NA,NA,NA,NA
102,SGLT2I main_SU main_Breast cancer,Keck_Upgraded_OMOP_v5_NA,1,69,370,0,0,0,0,0,0,0,0,0,0,0,NA,NA,NA,NA
102,SGLT2I main_SU main_Breast cancer,Klinicki_centar_Crne_Gore_20230101,2,0,0,0,0,0,0,0,0,0,1,0,0,0,NA,NA,NA,NA
102,SGLT2I main_SU main_Breast cancer,cdm_cds,2,0,0,0,0,0,0,0,0,0,0,1,0,0,NA,NA,NA,NA
102,SGLT2I main_SU main_Breast cancer,premier_2326_20230125,3,0,0,0,0,0,0,0,1,0,0,0,0,1,NA,NA,NA,NA
102,SGLT2I main_SU main_Breast cancer,ccpp_v54_20210101,5,0,0,0,0,0,0,0,0,0,1,1,1,1,NA,NA,NA,NA
102,SGLT2I main_SU main_Breast cancer,HKU-THIN,5,0,-12724481,1,0,NA,0,0,0,0,1,0,1,1,NA,NA,NA,NA
102,SGLT2I main_SU main_Breast cancer,omop_20190828,NA,NA,900220,NA,0,NA,0,0,NA,0,NA,0,NA,NA,NA,NA,NA,NA
103,DPP4I main_GLP1RA main_Diabetic ketoacidosis,US_OPEN_CLAIMS_20230313,0,2984398,14070770,0,0,0,0,0,0,0,0,0,0,0,NA,NA,NA,NA
103,DPP4I main_GLP1RA main_Diabetic ketoacidosis,truven_ccae_2324_20230201,0,626883,1477240,0,0,0,0,0,0,0,0,0,0,0,NA,NA,NA,NA
103,DPP4I main_GLP1RA main_Diabetic ketoacidosis,optum_extended_dod_2323_20230201,0,599920,1319840,0,0,0,0,0,0,0,0,0,0,0,NA,NA,NA,NA
103,DPP4I main_GLP1RA main_Diabetic ketoacidosis,optum_extended_ses_2327_20230204,0,599919,1319840,0,0,0,0,0,0,0,0,0,0,0,NA,NA,NA,NA
103,DPP4I main_GLP1RA main_Diabetic ketoacidosis,US_PharMetrics_Plus_20230330,0,546343,1455410,0,0,0,0,0,0,0,0,0,0,0,NA,NA,NA,NA
103,DPP4I main_GLP1RA main_Diabetic ketoacidosis,optum_ehr_2247_20221205,0,381202,1326580,0,0,0,0,0,0,0,0,0,0,0,NA,NA,NA,NA
103,DPP4I main_GLP1RA main_Diabetic ketoacidosis,truven_mdcr_2322_20230127,0,193421,240010,0,0,0,0,0,0,0,0,0,0,0,NA,NA,NA,NA
103,DPP4I main_GLP1RA main_Diabetic ketoacidosis,pmtx_202203_20220831,0,113907,307900,0,0,0,0,0,0,0,0,0,0,0,NA,NA,NA,NA
103,DPP4I main_GLP1RA main_Diabetic ketoacidosis,VA-OMOP_20230411,0,74531,502090,0,0,0,0,0,0,0,0,0,0,0,NA,NA,NA,NA
103,DPP4I main_GLP1RA main_Diabetic ketoacidosis,truven_mdcd_2359_20230215,0,53891,249690,0,0,0,0,0,0,0,0,0,0,0,NA,NA,NA,NA
103,DPP4I main_GLP1RA main_Diabetic ketoacidosis,UK_IMRD_THIN_20221230,0,32984,61890,0,0,0,0,0,0,0,0,0,0,0,NA,NA,NA,NA
103,DPP4I main_GLP1RA main_Diabetic ketoacidosis,IQVIA_Germany_DA_20230124,0,25687,126110,0,0,0,0,0,0,0,0,0,0,0,NA,NA,NA,NA
103,DPP4I main_GLP1RA main_Diabetic ketoacidosis,France_LPD_20230118,0,19374,75340,0,0,0,0,0,0,0,0,0,0,0,NA,NA,NA,NA
103,DPP4I main_GLP1RA main_Diabetic ketoacidosis,jmdc_2325_20230126,0,15225,30460,0,0,0,0,0,0,0,0,0,0,0,NA,NA,NA,NA
103,DPP4I main_GLP1RA main_Diabetic ketoacidosis,UK_IMRD_EMIS_20230215,0,13027,29840,0,0,0,0,0,0,0,0,0,0,0,NA,NA,NA,NA
103,DPP4I main_GLP1RA main_Diabetic ketoacidosis,Japan_Claims_20230215,0,10987,31930,0,0,0,0,0,0,0,0,0,0,0,NA,NA,NA,NA
103,DPP4I main_GLP1RA main_Diabetic ketoacidosis,LPD_Italy_20221226,0,8350,18410,0,0,0,0,0,0,0,0,0,0,0,NA,NA,NA,NA
103,DPP4I main_GLP1RA main_Diabetic ketoacidosis,JHM_OMOP_20230406,0,7300,19650,0,0,0,0,0,0,0,0,0,0,0,NA,NA,NA,NA
103,DPP4I main_GLP1RA main_Diabetic ketoacidosis,CUIMC_20221214,0,6690,57670,0,0,0,0,0,0,0,0,0,0,0,NA,NA,NA,NA
103,DPP4I main_GLP1RA main_Diabetic ketoacidosis,IQVIA_France_DA_20230201,0,5799,24940,0,0,0,0,0,0,0,0,0,0,0,NA,NA,NA,NA
103,DPP4I main_GLP1RA main_Diabetic ketoacidosis,LPD_Spain_20220704,0,3795,12030,0,0,0,0,0,0,0,0,0,0,0,NA,NA,NA,NA
103,DPP4I main_GLP1RA main_Diabetic ketoacidosis,US_Hospital_20230130,0,2639,14000,0,0,0,0,0,0,0,0,0,0,0,NA,NA,NA,NA
103,DPP4I main_GLP1RA main_Diabetic ketoacidosis,Australia_EMR_20230317,0,835,6300,0,0,0,0,0,0,0,0,0,0,0,NA,NA,NA,NA
103,DPP4I main_GLP1RA main_Diabetic ketoacidosis,AUSOM_20220228,0,699,3190,0,0,0,0,0,0,0,0,0,0,0,NA,NA,NA,NA
103,DPP4I main_GLP1RA main_Diabetic ketoacidosis,TMUCRD_20210406,0,433,3150,0,0,0,0,0,0,0,0,0,0,0,NA,NA,NA,NA
103,DPP4I main_GLP1RA main_Diabetic ketoacidosis,RED_CDM_Tufts_20221005,0,113,1860,0,0,0,0,0,0,0,0,0,0,0,NA,NA,NA,NA
103,DPP4I main_GLP1RA main_Diabetic ketoacidosis,Japan_HIS_20220120,0,108,2830,0,0,0,0,0,0,0,0,0,0,0,NA,NA,NA,NA
103,DPP4I main_GLP1RA main_Diabetic ketoacidosis,IQVIA_Belgium_LPD_20221006,1,2933,8620,0,0,0,0,0,0,0,0,0,1,0,NA,NA,NA,NA
103,DPP4I main_GLP1RA main_Diabetic ketoacidosis,Keck_Upgraded_OMOP_v5_NA,1,15,80,0,0,0,0,0,0,0,0,0,0,0,NA,NA,NA,NA
103,DPP4I main_GLP1RA main_Diabetic ketoacidosis,ktph_sg_NA,1,13,20,0,0,NA,0,0,0,0,0,0,0,0,NA,NA,NA,NA
103,DPP4I main_GLP1RA main_Diabetic ketoacidosis,Klinicki_centar_Crne_Gore_20230101,2,0,0,0,0,0,0,0,0,0,1,0,0,0,NA,NA,NA,NA
103,DPP4I main_GLP1RA main_Diabetic ketoacidosis,cdm_cds,2,0,0,0,0,0,0,0,0,0,0,1,0,0,NA,NA,NA,NA
103,DPP4I main_GLP1RA main_Diabetic ketoacidosis,premier_2326_20230125,3,0,0,0,0,0,0,0,1,0,1,0,0,0,NA,NA,NA,NA
103,DPP4I main_GLP1RA main_Diabetic ketoacidosis,ccpp_v54_20210101,5,0,0,0,0,0,0,0,0,0,1,1,1,1,NA,NA,NA,NA
103,DPP4I main_GLP1RA main_Diabetic ketoacidosis,HKU-THIN,5,0,-12724481,1,0,NA,0,0,0,0,1,0,1,1,NA,NA,NA,NA
103,DPP4I main_GLP1RA main_Diabetic ketoacidosis,omop_20190828,NA,NA,48480,NA,0,NA,0,0,NA,0,0,0,0,NA,NA,NA,NA,NA
104,DPP4I main_SGLT2I main_Diabetic ketoacidosis,US_OPEN_CLAIMS_20230313,0,2797753,13190780,0,0,0,0,0,0,0,0,0,0,0,NA,NA,NA,NA
104,DPP4I main_SGLT2I main_Diabetic ketoacidosis,US_PharMetrics_Plus_20230330,0,546343,1455410,0,0,0,0,0,0,0,0,0,0,0,NA,NA,NA,NA
104,DPP4I main_SGLT2I main_Diabetic ketoacidosis,optum_extended_ses_2327_20230204,0,433598,953930,0,0,0,0,0,0,0,0,0,0,0,NA,NA,NA,NA
104,DPP4I main_SGLT2I main_Diabetic ketoacidosis,optum_extended_dod_2323_20230201,0,433595,953920,0,0,0,0,0,0,0,0,0,0,0,NA,NA,NA,NA
104,DPP4I main_SGLT2I main_Diabetic ketoacidosis,truven_ccae_2324_20230201,0,397219,936040,0,0,0,0,0,0,0,0,0,0,0,NA,NA,NA,NA
104,DPP4I main_SGLT2I main_Diabetic ketoacidosis,optum_ehr_2247_20221205,0,262584,913790,0,0,0,0,0,0,0,0,0,0,0,NA,NA,NA,NA
104,DPP4I main_SGLT2I main_Diabetic ketoacidosis,truven_mdcr_2322_20230127,0,120964,150100,0,0,0,0,0,0,0,0,0,0,0,NA,NA,NA,NA
104,DPP4I main_SGLT2I main_Diabetic ketoacidosis,pmtx_202203_20220831,0,108591,293530,0,0,0,0,0,0,0,0,0,0,0,NA,NA,NA,NA
104,DPP4I main_SGLT2I main_Diabetic ketoacidosis,jmdc_2325_20230126,0,97761,195580,0,0,0,0,0,0,0,0,0,0,0,NA,NA,NA,NA
104,DPP4I main_SGLT2I main_Diabetic ketoacidosis,VA-OMOP_20230411,0,77503,522110,0,0,0,0,0,0,0,0,0,0,0,NA,NA,NA,NA
104,DPP4I main_SGLT2I main_Diabetic ketoacidosis,Japan_Claims_20230215,0,44250,128600,0,0,0,0,0,0,0,0,0,0,0,NA,NA,NA,NA
104,DPP4I main_SGLT2I main_Diabetic ketoacidosis,UK_IMRD_THIN_20221230,0,40675,76320,0,0,0,0,0,0,0,0,0,0,0,NA,NA,NA,NA
104,DPP4I main_SGLT2I main_Diabetic ketoacidosis,truven_mdcd_2359_20230215,0,36976,171320,0,0,0,0,0,0,0,0,0,0,0,NA,NA,NA,NA
104,DPP4I main_SGLT2I main_Diabetic ketoacidosis,IQVIA_Germany_DA_20230124,0,36211,177780,0,0,0,0,0,0,0,0,0,0,0,NA,NA,NA,NA
104,DPP4I main_SGLT2I main_Diabetic ketoacidosis,UK_IMRD_EMIS_20230215,0,16790,38460,0,0,0,0,0,0,0,0,0,0,0,NA,NA,NA,NA
104,DPP4I main_SGLT2I main_Diabetic ketoacidosis,LPD_Spain_20220704,0,10616,33650,0,0,0,0,0,0,0,0,0,0,0,NA,NA,NA,NA
104,DPP4I main_SGLT2I main_Diabetic ketoacidosis,JHM_OMOP_20230406,0,7300,19650,0,0,0,0,0,0,0,0,0,0,0,NA,NA,NA,NA
104,DPP4I main_SGLT2I main_Diabetic ketoacidosis,LPD_Italy_20221226,0,7179,15830,0,0,0,0,0,0,0,0,0,0,0,NA,NA,NA,NA
104,DPP4I main_SGLT2I main_Diabetic ketoacidosis,US_Hospital_20230130,0,5983,31740,0,0,0,0,0,0,0,0,0,0,0,NA,NA,NA,NA
104,DPP4I main_SGLT2I main_Diabetic ketoacidosis,France_LPD_20230118,0,5475,21290,0,0,0,0,0,0,0,0,0,0,0,NA,NA,NA,NA
104,DPP4I main_SGLT2I main_Diabetic ketoacidosis,CUIMC_20221214,0,4366,37640,0,0,0,0,0,0,0,0,0,0,0,NA,NA,NA,NA
104,DPP4I main_SGLT2I main_Diabetic ketoacidosis,Australia_EMR_20230317,0,2683,20240,0,0,0,0,0,0,0,0,0,0,0,NA,NA,NA,NA
104,DPP4I main_SGLT2I main_Diabetic ketoacidosis,AUSOM_20220228,0,1500,6850,0,0,0,0,0,0,0,0,0,0,0,NA,NA,NA,NA
104,DPP4I main_SGLT2I main_Diabetic ketoacidosis,TMUCRD_20210406,0,1475,10740,0,0,0,0,0,0,0,0,0,0,0,NA,NA,NA,NA
104,DPP4I main_SGLT2I main_Diabetic ketoacidosis,IQVIA_France_DA_20230201,0,728,3130,0,0,0,0,0,0,0,0,0,0,0,NA,NA,NA,NA
104,DPP4I main_SGLT2I main_Diabetic ketoacidosis,Japan_HIS_20220120,0,281,7370,0,0,0,0,0,0,0,0,0,0,0,NA,NA,NA,NA
104,DPP4I main_SGLT2I main_Diabetic ketoacidosis,RED_CDM_Tufts_20221005,0,83,1360,0,0,0,0,0,0,0,0,0,0,0,NA,NA,NA,NA
104,DPP4I main_SGLT2I main_Diabetic ketoacidosis,IQVIA_Belgium_LPD_20221006,1,2208,6490,0,0,0,0,0,0,0,0,0,1,0,NA,NA,NA,NA
104,DPP4I main_SGLT2I main_Diabetic ketoacidosis,ktph_sg_NA,1,93,140,0,0,NA,0,0,0,0,0,0,0,0,NA,NA,NA,NA
104,DPP4I main_SGLT2I main_Diabetic ketoacidosis,Keck_Upgraded_OMOP_v5_NA,1,69,370,0,0,0,0,0,0,0,0,0,0,0,NA,NA,NA,NA
104,DPP4I main_SGLT2I main_Diabetic ketoacidosis,Klinicki_centar_Crne_Gore_20230101,1,10,50,0,0,0,0,0,0,0,0,0,0,0,NA,NA,NA,NA
104,DPP4I main_SGLT2I main_Diabetic ketoacidosis,cdm_cds,2,0,0,0,0,0,0,0,0,0,0,1,0,0,NA,NA,NA,NA
104,DPP4I main_SGLT2I main_Diabetic ketoacidosis,premier_2326_20230125,3,0,0,0,0,0,0,0,1,0,1,0,0,0,NA,NA,NA,NA
104,DPP4I main_SGLT2I main_Diabetic ketoacidosis,ccpp_v54_20210101,5,0,0,0,0,0,0,0,0,0,1,1,1,1,NA,NA,NA,NA
104,DPP4I main_SGLT2I main_Diabetic ketoacidosis,HKU-THIN,5,0,-12724481,1,0,NA,0,0,0,0,1,0,1,1,NA,NA,NA,NA
104,DPP4I main_SGLT2I main_Diabetic ketoacidosis,omop_20190828,NA,NA,900220,NA,0,NA,0,0,NA,0,NA,0,0,NA,NA,NA,NA,NA
105,DPP4I main_SU main_Diabetic ketoacidosis,US_OPEN_CLAIMS_20230313,0,2984398,14070770,0,0,0,0,0,0,0,0,0,0,0,NA,NA,NA,NA
105,DPP4I main_SU main_Diabetic ketoacidosis,truven_ccae_2324_20230201,0,626883,1477240,0,0,0,0,0,0,0,0,0,0,0,NA,NA,NA,NA
105,DPP4I main_SU main_Diabetic ketoacidosis,optum_extended_dod_2323_20230201,0,599920,1319840,0,0,0,0,0,0,0,0,0,0,0,NA,NA,NA,NA
105,DPP4I main_SU main_Diabetic ketoacidosis,optum_extended_ses_2327_20230204,0,599919,1319840,0,0,0,0,0,0,0,0,0,0,0,NA,NA,NA,NA
105,DPP4I main_SU main_Diabetic ketoacidosis,US_PharMetrics_Plus_20230330,0,546343,1455410,0,0,0,0,0,0,0,0,0,0,0,NA,NA,NA,NA
105,DPP4I main_SU main_Diabetic ketoacidosis,optum_ehr_2247_20221205,0,449949,1565820,0,0,0,0,0,0,0,0,0,0,0,NA,NA,NA,NA
105,DPP4I main_SU main_Diabetic ketoacidosis,truven_mdcr_2322_20230127,0,388236,481750,0,0,0,0,0,0,0,0,0,0,0,NA,NA,NA,NA
105,DPP4I main_SU main_Diabetic ketoacidosis,pmtx_202203_20220831,0,113907,307900,0,0,0,0,0,0,0,0,0,0,0,NA,NA,NA,NA
105,DPP4I main_SU main_Diabetic ketoacidosis,jmdc_2325_20230126,0,93462,186980,0,0,0,0,0,0,0,0,0,0,0,NA,NA,NA,NA
105,DPP4I main_SU main_Diabetic ketoacidosis,VA-OMOP_20230411,0,78282,527360,0,0,0,0,0,0,0,0,0,0,0,NA,NA,NA,NA
105,DPP4I main_SU main_Diabetic ketoacidosis,Japan_Claims_20230215,0,63264,183860,0,0,0,0,0,0,0,0,0,0,0,NA,NA,NA,NA
105,DPP4I main_SU main_Diabetic ketoacidosis,US_Hospital_20230130,0,62779,333060,0,0,0,0,0,0,0,0,0,0,0,NA,NA,NA,NA
105,DPP4I main_SU main_Diabetic ketoacidosis,truven_mdcd_2359_20230215,0,53891,249690,0,0,0,0,0,0,0,0,0,0,0,NA,NA,NA,NA
105,DPP4I main_SU main_Diabetic ketoacidosis,UK_IMRD_THIN_20221230,0,46223,86730,0,0,0,0,0,0,0,0,0,0,0,NA,NA,NA,NA
105,DPP4I main_SU main_Diabetic ketoacidosis,IQVIA_Germany_DA_20230124,0,34376,168770,0,0,0,0,0,0,0,0,0,0,0,NA,NA,NA,NA
105,DPP4I main_SU main_Diabetic ketoacidosis,France_LPD_20230118,0,17967,69870,0,0,0,0,0,0,0,0,0,0,0,NA,NA,NA,NA
105,DPP4I main_SU main_Diabetic ketoacidosis,LPD_Italy_20221226,0,15674,34560,0,0,0,0,0,0,0,0,0,0,0,NA,NA,NA,NA
105,DPP4I main_SU main_Diabetic ketoacidosis,UK_IMRD_EMIS_20230215,0,12232,28020,0,0,0,0,0,0,0,0,0,0,0,NA,NA,NA,NA
105,DPP4I main_SU main_Diabetic ketoacidosis,IQVIA_France_DA_20230201,0,8245,35460,0,0,0,0,0,0,0,0,0,0,0,NA,NA,NA,NA
105,DPP4I main_SU main_Diabetic ketoacidosis,AUSOM_20220228,0,7616,34770,0,0,0,0,0,0,0,0,0,0,0,NA,NA,NA,NA
105,DPP4I main_SU main_Diabetic ketoacidosis,JHM_OMOP_20230406,0,7300,19650,0,0,0,0,0,0,0,0,0,0,0,NA,NA,NA,NA
105,DPP4I main_SU main_Diabetic ketoacidosis,TMUCRD_20210406,0,7245,52740,0,0,0,0,0,0,0,0,0,0,0,NA,NA,NA,NA
105,DPP4I main_SU main_Diabetic ketoacidosis,CUIMC_20221214,0,7067,60920,0,0,0,0,0,0,0,0,0,0,0,NA,NA,NA,NA
105,DPP4I main_SU main_Diabetic ketoacidosis,LPD_Spain_20220704,0,6161,19530,0,0,0,0,0,0,0,0,0,0,0,NA,NA,NA,NA
105,DPP4I main_SU main_Diabetic ketoacidosis,Keck_Upgraded_OMOP_v5_NA,0,1700,9120,0,0,0,0,0,0,0,0,0,0,0,NA,NA,NA,NA
105,DPP4I main_SU main_Diabetic ketoacidosis,Australia_EMR_20230317,0,586,4420,0,0,0,0,0,0,0,0,0,0,0,NA,NA,NA,NA
105,DPP4I main_SU main_Diabetic ketoacidosis,Japan_HIS_20220120,0,449,11790,0,0,0,0,0,0,0,0,0,0,0,NA,NA,NA,NA
105,DPP4I main_SU main_Diabetic ketoacidosis,RED_CDM_Tufts_20221005,0,113,1860,0,0,0,0,0,0,0,0,0,0,0,NA,NA,NA,NA
105,DPP4I main_SU main_Diabetic ketoacidosis,premier_2326_20230125,1,6525,914680,0,0,0,0,0,1,0,0,0,0,0,NA,NA,NA,NA
105,DPP4I main_SU main_Diabetic ketoacidosis,IQVIA_Belgium_LPD_20221006,1,1773,5210,0,0,0,0,0,0,0,0,0,1,0,NA,NA,NA,NA
105,DPP4I main_SU main_Diabetic ketoacidosis,ktph_sg_NA,1,578,870,0,0,NA,0,0,0,0,0,0,0,0,NA,NA,NA,NA
105,DPP4I main_SU main_Diabetic ketoacidosis,Klinicki_centar_Crne_Gore_20230101,2,0,0,0,0,0,0,0,0,0,1,0,0,0,NA,NA,NA,NA
105,DPP4I main_SU main_Diabetic ketoacidosis,cdm_cds,2,0,0,0,0,0,0,0,0,0,0,1,0,0,NA,NA,NA,NA
105,DPP4I main_SU main_Diabetic ketoacidosis,ccpp_v54_20210101,5,0,0,0,0,0,0,0,0,0,1,1,1,1,NA,NA,NA,NA
105,DPP4I main_SU main_Diabetic ketoacidosis,HKU-THIN,5,0,-12724481,1,0,NA,0,0,0,0,1,0,1,1,NA,NA,NA,NA
105,DPP4I main_SU main_Diabetic ketoacidosis,omop_20190828,NA,NA,900220,NA,0,NA,0,0,NA,0,NA,0,0,NA,NA,NA,NA,NA
106,GLP1RA main_SGLT2I main_Diabetic ketoacidosis,US_OPEN_CLAIMS_20230313,0,2797753,13190780,0,0,0,0,0,0,0,0,0,0,0,NA,NA,NA,NA
106,GLP1RA main_SGLT2I main_Diabetic ketoacidosis,US_PharMetrics_Plus_20230330,0,603199,1606870,0,0,0,0,0,0,0,0,0,0,0,NA,NA,NA,NA
106,GLP1RA main_SGLT2I main_Diabetic ketoacidosis,optum_extended_ses_2327_20230204,0,433598,953930,0,0,0,0,0,0,0,0,0,0,0,NA,NA,NA,NA
106,GLP1RA main_SGLT2I main_Diabetic ketoacidosis,optum_extended_dod_2323_20230201,0,433595,953920,0,0,0,0,0,0,0,0,0,0,0,NA,NA,NA,NA
106,GLP1RA main_SGLT2I main_Diabetic ketoacidosis,truven_ccae_2324_20230201,0,397219,936040,0,0,0,0,0,0,0,0,0,0,0,NA,NA,NA,NA
106,GLP1RA main_SGLT2I main_Diabetic ketoacidosis,optum_ehr_2247_20221205,0,262584,913790,0,0,0,0,0,0,0,0,0,0,0,NA,NA,NA,NA
106,GLP1RA main_SGLT2I main_Diabetic ketoacidosis,truven_mdcr_2322_20230127,0,120964,150100,0,0,0,0,0,0,0,0,0,0,0,NA,NA,NA,NA
106,GLP1RA main_SGLT2I main_Diabetic ketoacidosis,pmtx_202203_20220831,0,108591,293530,0,0,0,0,0,0,0,0,0,0,0,NA,NA,NA,NA
106,GLP1RA main_SGLT2I main_Diabetic ketoacidosis,VA-OMOP_20230411,0,74531,502090,0,0,0,0,0,0,0,0,0,0,0,NA,NA,NA,NA
106,GLP1RA main_SGLT2I main_Diabetic ketoacidosis,truven_mdcd_2359_20230215,0,36976,171320,0,0,0,0,0,0,0,0,0,0,0,NA,NA,NA,NA
106,GLP1RA main_SGLT2I main_Diabetic ketoacidosis,UK_IMRD_THIN_20221230,0,32984,61890,0,0,0,0,0,0,0,0,0,0,0,NA,NA,NA,NA
106,GLP1RA main_SGLT2I main_Diabetic ketoacidosis,IQVIA_Germany_DA_20230124,0,25687,126110,0,0,0,0,0,0,0,0,0,0,0,NA,NA,NA,NA
106,GLP1RA main_SGLT2I main_Diabetic ketoacidosis,jmdc_2325_20230126,0,15225,30460,0,0,0,0,0,0,0,0,0,0,0,NA,NA,NA,NA
106,GLP1RA main_SGLT2I main_Diabetic ketoacidosis,UK_IMRD_EMIS_20230215,0,13027,29840,0,0,0,0,0,0,0,0,0,0,0,NA,NA,NA,NA
106,GLP1RA main_SGLT2I main_Diabetic ketoacidosis,Japan_Claims_20230215,0,10987,31930,0,0,0,0,0,0,0,0,0,0,0,NA,NA,NA,NA
106,GLP1RA main_SGLT2I main_Diabetic ketoacidosis,JHM_OMOP_20230406,0,7898,21260,0,0,0,0,0,0,0,0,0,0,0,NA,NA,NA,NA
106,GLP1RA main_SGLT2I main_Diabetic ketoacidosis,LPD_Italy_20221226,0,7179,15830,0,0,0,0,0,0,0,0,0,0,0,NA,NA,NA,NA
106,GLP1RA main_SGLT2I main_Diabetic ketoacidosis,France_LPD_20230118,0,5475,21290,0,0,0,0,0,0,0,0,0,0,0,NA,NA,NA,NA
106,GLP1RA main_SGLT2I main_Diabetic ketoacidosis,CUIMC_20221214,0,4366,37640,0,0,0,0,0,0,0,0,0,0,0,NA,NA,NA,NA
106,GLP1RA main_SGLT2I main_Diabetic ketoacidosis,LPD_Spain_20220704,0,3795,12030,0,0,0,0,0,0,0,0,0,0,0,NA,NA,NA,NA
106,GLP1RA main_SGLT2I main_Diabetic ketoacidosis,US_Hospital_20230130,0,2639,14000,0,0,0,0,0,0,0,0,0,0,0,NA,NA,NA,NA
106,GLP1RA main_SGLT2I main_Diabetic ketoacidosis,Australia_EMR_20230317,0,835,6300,0,0,0,0,0,0,0,0,0,0,0,NA,NA,NA,NA
106,GLP1RA main_SGLT2I main_Diabetic ketoacidosis,IQVIA_France_DA_20230201,0,728,3130,0,0,0,0,0,0,0,0,0,0,0,NA,NA,NA,NA
106,GLP1RA main_SGLT2I main_Diabetic ketoacidosis,AUSOM_20220228,0,699,3190,0,0,0,0,0,0,0,0,0,0,0,NA,NA,NA,NA
106,GLP1RA main_SGLT2I main_Diabetic ketoacidosis,TMUCRD_20210406,0,433,3150,0,0,0,0,0,0,0,0,0,0,0,NA,NA,NA,NA
106,GLP1RA main_SGLT2I main_Diabetic ketoacidosis,Japan_HIS_20220120,0,108,2830,0,0,0,0,0,0,0,0,0,0,0,NA,NA,NA,NA
106,GLP1RA main_SGLT2I main_Diabetic ketoacidosis,RED_CDM_Tufts_20221005,0,83,1360,0,0,0,0,0,0,0,0,0,0,0,NA,NA,NA,NA
106,GLP1RA main_SGLT2I main_Diabetic ketoacidosis,IQVIA_Belgium_LPD_20221006,1,2208,6490,0,0,0,0,0,0,0,0,0,1,0,NA,NA,NA,NA
106,GLP1RA main_SGLT2I main_Diabetic ketoacidosis,Keck_Upgraded_OMOP_v5_NA,1,15,80,0,0,0,0,0,0,0,0,0,0,0,NA,NA,NA,NA
106,GLP1RA main_SGLT2I main_Diabetic ketoacidosis,ktph_sg_NA,1,13,20,0,0,NA,0,0,0,0,0,0,0,0,NA,NA,NA,NA
106,GLP1RA main_SGLT2I main_Diabetic ketoacidosis,Klinicki_centar_Crne_Gore_20230101,2,0,0,0,0,0,0,0,0,0,0,0,0,1,NA,NA,NA,NA
106,GLP1RA main_SGLT2I main_Diabetic ketoacidosis,cdm_cds,2,0,0,0,0,0,0,0,0,0,0,1,0,0,NA,NA,NA,NA
106,GLP1RA main_SGLT2I main_Diabetic ketoacidosis,premier_2326_20230125,4,0,0,0,0,0,0,0,1,0,1,0,0,1,NA,NA,NA,NA
106,GLP1RA main_SGLT2I main_Diabetic ketoacidosis,ccpp_v54_20210101,5,0,0,0,0,0,0,0,0,0,1,1,1,1,NA,NA,NA,NA
106,GLP1RA main_SGLT2I main_Diabetic ketoacidosis,HKU-THIN,5,0,-12724481,1,0,NA,0,0,0,0,1,0,1,1,NA,NA,NA,NA
106,GLP1RA main_SGLT2I main_Diabetic ketoacidosis,omop_20190828,NA,NA,48480,NA,0,NA,0,0,NA,0,NA,0,0,0,NA,NA,NA,NA
107,GLP1RA main_SU main_Diabetic ketoacidosis,US_OPEN_CLAIMS_20230313,0,4114327,19398130,0,0,0,0,0,0,0,0,0,0,0,NA,NA,NA,NA
107,GLP1RA main_SU main_Diabetic ketoacidosis,US_PharMetrics_Plus_20230330,0,845464,2252240,0,0,0,0,0,0,0,0,0,0,0,NA,NA,NA,NA
107,GLP1RA main_SU main_Diabetic ketoacidosis,truven_ccae_2324_20230201,0,772045,1819310,0,0,0,0,0,0,0,0,0,0,0,NA,NA,NA,NA
107,GLP1RA main_SU main_Diabetic ketoacidosis,optum_extended_dod_2323_20230201,0,652061,1434550,0,0,0,0,0,0,0,0,0,0,0,NA,NA,NA,NA
107,GLP1RA main_SU main_Diabetic ketoacidosis,optum_extended_ses_2327_20230204,0,652050,1434530,0,0,0,0,0,0,0,0,0,0,0,NA,NA,NA,NA
107,GLP1RA main_SU main_Diabetic ketoacidosis,optum_ehr_2247_20221205,0,381202,1326580,0,0,0,0,0,0,0,0,0,0,0,NA,NA,NA,NA
107,GLP1RA main_SU main_Diabetic ketoacidosis,truven_mdcr_2322_20230127,0,193421,240010,0,0,0,0,0,0,0,0,0,0,0,NA,NA,NA,NA
107,GLP1RA main_SU main_Diabetic ketoacidosis,pmtx_202203_20220831,0,145186,392450,0,0,0,0,0,0,0,0,0,0,0,NA,NA,NA,NA
107,GLP1RA main_SU main_Diabetic ketoacidosis,VA-OMOP_20230411,0,74531,502090,0,0,0,0,0,0,0,0,0,0,0,NA,NA,NA,NA
107,GLP1RA main_SU main_Diabetic ketoacidosis,truven_mdcd_2359_20230215,0,58097,269180,0,0,0,0,0,0,0,0,0,0,0,NA,NA,NA,NA
107,GLP1RA main_SU main_Diabetic ketoacidosis,UK_IMRD_THIN_20221230,0,32984,61890,0,0,0,0,0,0,0,0,0,0,0,NA,NA,NA,NA
107,GLP1RA main_SU main_Diabetic ketoacidosis,IQVIA_Germany_DA_20230124,0,25687,126110,0,0,0,0,0,0,0,0,0,0,0,NA,NA,NA,NA
107,GLP1RA main_SU main_Diabetic ketoacidosis,France_LPD_20230118,0,17967,69870,0,0,0,0,0,0,0,0,0,0,0,NA,NA,NA,NA
107,GLP1RA main_SU main_Diabetic ketoacidosis,jmdc_2325_20230126,0,15225,30460,0,0,0,0,0,0,0,0,0,0,0,NA,NA,NA,NA
107,GLP1RA main_SU main_Diabetic ketoacidosis,UK_IMRD_EMIS_20230215,0,12232,28020,0,0,0,0,0,0,0,0,0,0,0,NA,NA,NA,NA
107,GLP1RA main_SU main_Diabetic ketoacidosis,JHM_OMOP_20230406,0,11569,31140,0,0,0,0,0,0,0,0,0,0,0,NA,NA,NA,NA
107,GLP1RA main_SU main_Diabetic ketoacidosis,Japan_Claims_20230215,0,10987,31930,0,0,0,0,0,0,0,0,0,0,0,NA,NA,NA,NA
107,GLP1RA main_SU main_Diabetic ketoacidosis,LPD_Italy_20221226,0,8350,18410,0,0,0,0,0,0,0,0,0,0,0,NA,NA,NA,NA
107,GLP1RA main_SU main_Diabetic ketoacidosis,CUIMC_20221214,0,6690,57670,0,0,0,0,0,0,0,0,0,0,0,NA,NA,NA,NA
107,GLP1RA main_SU main_Diabetic ketoacidosis,IQVIA_France_DA_20230201,0,5799,24940,0,0,0,0,0,0,0,0,0,0,0,NA,NA,NA,NA
107,GLP1RA main_SU main_Diabetic ketoacidosis,LPD_Spain_20220704,0,3795,12030,0,0,0,0,0,0,0,0,0,0,0,NA,NA,NA,NA
107,GLP1RA main_SU main_Diabetic ketoacidosis,US_Hospital_20230130,0,2639,14000,0,0,0,0,0,0,0,0,0,0,0,NA,NA,NA,NA
107,GLP1RA main_SU main_Diabetic ketoacidosis,AUSOM_20220228,0,699,3190,0,0,0,0,0,0,0,0,0,0,0,NA,NA,NA,NA
107,GLP1RA main_SU main_Diabetic ketoacidosis,Australia_EMR_20230317,0,586,4420,0,0,0,0,0,0,0,0,0,0,0,NA,NA,NA,NA
107,GLP1RA main_SU main_Diabetic ketoacidosis,TMUCRD_20210406,0,433,3150,0,0,0,0,0,0,0,0,0,0,0,NA,NA,NA,NA
107,GLP1RA main_SU main_Diabetic ketoacidosis,RED_CDM_Tufts_20221005,0,132,2180,0,0,0,0,0,0,0,0,0,0,0,NA,NA,NA,NA
107,GLP1RA main_SU main_Diabetic ketoacidosis,Japan_HIS_20220120,0,108,2830,0,0,0,0,0,0,0,0,0,0,0,NA,NA,NA,NA
107,GLP1RA main_SU main_Diabetic ketoacidosis,IQVIA_Belgium_LPD_20221006,1,1773,5210,0,0,0,0,0,0,0,0,0,1,0,NA,NA,NA,NA
107,GLP1RA main_SU main_Diabetic ketoacidosis,Keck_Upgraded_OMOP_v5_NA,1,15,80,0,0,0,0,0,0,0,0,0,0,0,NA,NA,NA,NA
107,GLP1RA main_SU main_Diabetic ketoacidosis,ktph_sg_NA,1,13,20,0,0,NA,0,0,0,0,0,0,0,0,NA,NA,NA,NA
107,GLP1RA main_SU main_Diabetic ketoacidosis,cdm_cds,2,0,0,0,0,0,0,0,0,0,0,1,0,0,NA,NA,NA,NA
107,GLP1RA main_SU main_Diabetic ketoacidosis,Klinicki_centar_Crne_Gore_20230101,3,0,0,0,0,0,0,0,0,0,1,0,0,1,NA,NA,NA,NA
107,GLP1RA main_SU main_Diabetic ketoacidosis,premier_2326_20230125,3,0,0,0,0,0,0,0,1,0,0,0,0,1,NA,NA,NA,NA
107,GLP1RA main_SU main_Diabetic ketoacidosis,ccpp_v54_20210101,5,0,0,0,0,0,0,0,0,0,1,1,1,1,NA,NA,NA,NA
107,GLP1RA main_SU main_Diabetic ketoacidosis,HKU-THIN,5,0,-12724481,1,0,NA,0,0,0,0,1,0,1,1,NA,NA,NA,NA
107,GLP1RA main_SU main_Diabetic ketoacidosis,omop_20190828,NA,NA,48480,NA,0,NA,0,0,NA,0,NA,0,0,0,NA,NA,NA,NA
108,SGLT2I main_SU main_Diabetic ketoacidosis,US_OPEN_CLAIMS_20230313,0,2797753,13190780,0,0,0,0,0,0,0,0,0,0,0,NA,NA,NA,NA
108,SGLT2I main_SU main_Diabetic ketoacidosis,US_PharMetrics_Plus_20230330,0,603199,1606870,0,0,0,0,0,0,0,0,0,0,0,NA,NA,NA,NA
108,SGLT2I main_SU main_Diabetic ketoacidosis,optum_extended_ses_2327_20230204,0,433598,953930,0,0,0,0,0,0,0,0,0,0,0,NA,NA,NA,NA
108,SGLT2I main_SU main_Diabetic ketoacidosis,optum_extended_dod_2323_20230201,0,433595,953920,0,0,0,0,0,0,0,0,0,0,0,NA,NA,NA,NA
108,SGLT2I main_SU main_Diabetic ketoacidosis,truven_ccae_2324_20230201,0,397219,936040,0,0,0,0,0,0,0,0,0,0,0,NA,NA,NA,NA
108,SGLT2I main_SU main_Diabetic ketoacidosis,optum_ehr_2247_20221205,0,262584,913790,0,0,0,0,0,0,0,0,0,0,0,NA,NA,NA,NA
108,SGLT2I main_SU main_Diabetic ketoacidosis,truven_mdcr_2322_20230127,0,120964,150100,0,0,0,0,0,0,0,0,0,0,0,NA,NA,NA,NA
108,SGLT2I main_SU main_Diabetic ketoacidosis,pmtx_202203_20220831,0,108591,293530,0,0,0,0,0,0,0,0,0,0,0,NA,NA,NA,NA
108,SGLT2I main_SU main_Diabetic ketoacidosis,jmdc_2325_20230126,0,93462,186980,0,0,0,0,0,0,0,0,0,0,0,NA,NA,NA,NA
108,SGLT2I main_SU main_Diabetic ketoacidosis,VA-OMOP_20230411,0,77503,522110,0,0,0,0,0,0,0,0,0,0,0,NA,NA,NA,NA
108,SGLT2I main_SU main_Diabetic ketoacidosis,Japan_Claims_20230215,0,44250,128600,0,0,0,0,0,0,0,0,0,0,0,NA,NA,NA,NA
108,SGLT2I main_SU main_Diabetic ketoacidosis,UK_IMRD_THIN_20221230,0,40675,76320,0,0,0,0,0,0,0,0,0,0,0,NA,NA,NA,NA
108,SGLT2I main_SU main_Diabetic ketoacidosis,truven_mdcd_2359_20230215,0,36976,171320,0,0,0,0,0,0,0,0,0,0,0,NA,NA,NA,NA
108,SGLT2I main_SU main_Diabetic ketoacidosis,IQVIA_Germany_DA_20230124,0,34376,168770,0,0,0,0,0,0,0,0,0,0,0,NA,NA,NA,NA
108,SGLT2I main_SU main_Diabetic ketoacidosis,UK_IMRD_EMIS_20230215,0,12232,28020,0,0,0,0,0,0,0,0,0,0,0,NA,NA,NA,NA
108,SGLT2I main_SU main_Diabetic ketoacidosis,JHM_OMOP_20230406,0,7898,21260,0,0,0,0,0,0,0,0,0,0,0,NA,NA,NA,NA
108,SGLT2I main_SU main_Diabetic ketoacidosis,LPD_Italy_20221226,0,7179,15830,0,0,0,0,0,0,0,0,0,0,0,NA,NA,NA,NA
108,SGLT2I main_SU main_Diabetic ketoacidosis,LPD_Spain_20220704,0,6161,19530,0,0,0,0,0,0,0,0,0,0,0,NA,NA,NA,NA
108,SGLT2I main_SU main_Diabetic ketoacidosis,US_Hospital_20230130,0,5983,31740,0,0,0,0,0,0,0,0,0,0,0,NA,NA,NA,NA
108,SGLT2I main_SU main_Diabetic ketoacidosis,France_LPD_20230118,0,5475,21290,0,0,0,0,0,0,0,0,0,0,0,NA,NA,NA,NA
108,SGLT2I main_SU main_Diabetic ketoacidosis,CUIMC_20221214,0,4366,37640,0,0,0,0,0,0,0,0,0,0,0,NA,NA,NA,NA
108,SGLT2I main_SU main_Diabetic ketoacidosis,AUSOM_20220228,0,1500,6850,0,0,0,0,0,0,0,0,0,0,0,NA,NA,NA,NA
108,SGLT2I main_SU main_Diabetic ketoacidosis,TMUCRD_20210406,0,1475,10740,0,0,0,0,0,0,0,0,0,0,0,NA,NA,NA,NA
108,SGLT2I main_SU main_Diabetic ketoacidosis,IQVIA_France_DA_20230201,0,728,3130,0,0,0,0,0,0,0,0,0,0,0,NA,NA,NA,NA
108,SGLT2I main_SU main_Diabetic ketoacidosis,Australia_EMR_20230317,0,586,4420,0,0,0,0,0,0,0,0,0,0,0,NA,NA,NA,NA
108,SGLT2I main_SU main_Diabetic ketoacidosis,Japan_HIS_20220120,0,281,7370,0,0,0,0,0,0,0,0,0,0,0,NA,NA,NA,NA
108,SGLT2I main_SU main_Diabetic ketoacidosis,RED_CDM_Tufts_20221005,0,83,1360,0,0,0,0,0,0,0,0,0,0,0,NA,NA,NA,NA
108,SGLT2I main_SU main_Diabetic ketoacidosis,IQVIA_Belgium_LPD_20221006,1,1773,5210,0,0,0,0,0,0,0,0,0,1,0,NA,NA,NA,NA
108,SGLT2I main_SU main_Diabetic ketoacidosis,ktph_sg_NA,1,93,140,0,0,NA,0,0,0,0,0,0,0,0,NA,NA,NA,NA
108,SGLT2I main_SU main_Diabetic ketoacidosis,Keck_Upgraded_OMOP_v5_NA,1,69,370,0,0,0,0,0,0,0,0,0,0,0,NA,NA,NA,NA
108,SGLT2I main_SU main_Diabetic ketoacidosis,Klinicki_centar_Crne_Gore_20230101,2,0,0,0,0,0,0,0,0,0,1,0,0,0,NA,NA,NA,NA
108,SGLT2I main_SU main_Diabetic ketoacidosis,cdm_cds,2,0,0,0,0,0,0,0,0,0,0,1,0,0,NA,NA,NA,NA
108,SGLT2I main_SU main_Diabetic ketoacidosis,premier_2326_20230125,3,0,0,0,0,0,0,0,1,0,0,0,0,1,NA,NA,NA,NA
108,SGLT2I main_SU main_Diabetic ketoacidosis,ccpp_v54_20210101,5,0,0,0,0,0,0,0,0,0,1,1,1,1,NA,NA,NA,NA
108,SGLT2I main_SU main_Diabetic ketoacidosis,HKU-THIN,5,0,-12724481,1,0,NA,0,0,0,0,1,0,1,1,NA,NA,NA,NA
108,SGLT2I main_SU main_Diabetic ketoacidosis,omop_20190828,NA,NA,900220,NA,0,NA,0,0,NA,0,NA,0,0,NA,NA,NA,NA,NA
109,DPP4I main_GLP1RA main_Diarrhea,US_OPEN_CLAIMS_20230313,0,2984398,14070770,0,0,0,0,0,0,0,0,0,0,0,NA,NA,NA,NA
109,DPP4I main_GLP1RA main_Diarrhea,truven_ccae_2324_20230201,0,626883,1477240,0,0,0,0,0,0,0,0,0,0,0,NA,NA,NA,NA
109,DPP4I main_GLP1RA main_Diarrhea,optum_extended_dod_2323_20230201,0,599920,1319840,0,0,0,0,0,0,0,0,0,0,0,NA,NA,NA,NA
109,DPP4I main_GLP1RA main_Diarrhea,optum_extended_ses_2327_20230204,0,599919,1319840,0,0,0,0,0,0,0,0,0,0,0,NA,NA,NA,NA
109,DPP4I main_GLP1RA main_Diarrhea,US_PharMetrics_Plus_20230330,0,546343,1455410,0,0,0,0,0,0,0,0,0,0,0,NA,NA,NA,NA
109,DPP4I main_GLP1RA main_Diarrhea,optum_ehr_2247_20221205,0,381202,1326580,0,0,0,0,0,0,0,0,0,0,0,NA,NA,NA,NA
109,DPP4I main_GLP1RA main_Diarrhea,truven_mdcr_2322_20230127,0,193421,240010,0,0,0,0,0,0,0,0,0,0,0,NA,NA,NA,NA
109,DPP4I main_GLP1RA main_Diarrhea,pmtx_202203_20220831,0,113907,307900,0,0,0,0,0,0,0,0,0,0,0,NA,NA,NA,NA
109,DPP4I main_GLP1RA main_Diarrhea,VA-OMOP_20230411,0,74531,502090,0,0,0,0,0,0,0,0,0,0,0,NA,NA,NA,NA
109,DPP4I main_GLP1RA main_Diarrhea,truven_mdcd_2359_20230215,0,53891,249690,0,0,0,0,0,0,0,0,0,0,0,NA,NA,NA,NA
109,DPP4I main_GLP1RA main_Diarrhea,UK_IMRD_THIN_20221230,0,32984,61890,0,0,0,0,0,0,0,0,0,0,0,NA,NA,NA,NA
109,DPP4I main_GLP1RA main_Diarrhea,IQVIA_Germany_DA_20230124,0,25687,126110,0,0,0,0,0,0,0,0,0,0,0,NA,NA,NA,NA
109,DPP4I main_GLP1RA main_Diarrhea,France_LPD_20230118,0,19374,75340,0,0,0,0,0,0,0,0,0,0,0,NA,NA,NA,NA
109,DPP4I main_GLP1RA main_Diarrhea,jmdc_2325_20230126,0,15225,30460,0,0,0,0,0,0,0,0,0,0,0,NA,NA,NA,NA
109,DPP4I main_GLP1RA main_Diarrhea,UK_IMRD_EMIS_20230215,0,13027,29840,0,0,0,0,0,0,0,0,0,0,0,NA,NA,NA,NA
109,DPP4I main_GLP1RA main_Diarrhea,Japan_Claims_20230215,0,10987,31930,0,0,0,0,0,0,0,0,0,0,0,NA,NA,NA,NA
109,DPP4I main_GLP1RA main_Diarrhea,LPD_Italy_20221226,0,8350,18410,0,0,0,0,0,0,0,0,0,0,0,NA,NA,NA,NA
109,DPP4I main_GLP1RA main_Diarrhea,JHM_OMOP_20230406,0,7300,19650,0,0,0,0,0,0,0,0,0,0,0,NA,NA,NA,NA
109,DPP4I main_GLP1RA main_Diarrhea,CUIMC_20221214,0,6690,57670,0,0,0,0,0,0,0,0,0,0,0,NA,NA,NA,NA
109,DPP4I main_GLP1RA main_Diarrhea,IQVIA_France_DA_20230201,0,5799,24940,0,0,0,0,0,0,0,0,0,0,0,NA,NA,NA,NA
109,DPP4I main_GLP1RA main_Diarrhea,LPD_Spain_20220704,0,3795,12030,0,0,0,0,0,0,0,0,0,0,0,NA,NA,NA,NA
109,DPP4I main_GLP1RA main_Diarrhea,IQVIA_Belgium_LPD_20221006,0,2933,8620,0,0,0,0,0,0,0,0,0,0,0,NA,NA,NA,NA
109,DPP4I main_GLP1RA main_Diarrhea,US_Hospital_20230130,0,2639,14000,0,0,0,0,0,0,0,0,0,0,0,NA,NA,NA,NA
109,DPP4I main_GLP1RA main_Diarrhea,Australia_EMR_20230317,0,835,6300,0,0,0,0,0,0,0,0,0,0,0,NA,NA,NA,NA
109,DPP4I main_GLP1RA main_Diarrhea,AUSOM_20220228,0,699,3190,0,0,0,0,0,0,0,0,0,0,0,NA,NA,NA,NA
109,DPP4I main_GLP1RA main_Diarrhea,TMUCRD_20210406,0,433,3150,0,0,0,0,0,0,0,0,0,0,0,NA,NA,NA,NA
109,DPP4I main_GLP1RA main_Diarrhea,RED_CDM_Tufts_20221005,0,113,1860,0,0,0,0,0,0,0,0,0,0,0,NA,NA,NA,NA
109,DPP4I main_GLP1RA main_Diarrhea,Japan_HIS_20220120,0,108,2830,0,0,0,0,0,0,0,0,0,0,0,NA,NA,NA,NA
109,DPP4I main_GLP1RA main_Diarrhea,Keck_Upgraded_OMOP_v5_NA,1,15,80,0,0,0,0,0,0,0,0,0,0,0,NA,NA,NA,NA
109,DPP4I main_GLP1RA main_Diarrhea,ktph_sg_NA,1,13,20,0,0,NA,0,0,0,0,0,0,0,0,NA,NA,NA,NA
109,DPP4I main_GLP1RA main_Diarrhea,Klinicki_centar_Crne_Gore_20230101,2,0,0,0,0,0,0,0,0,0,1,0,0,0,NA,NA,NA,NA
109,DPP4I main_GLP1RA main_Diarrhea,cdm_cds,2,0,0,0,0,0,0,0,0,0,0,1,0,0,NA,NA,NA,NA
109,DPP4I main_GLP1RA main_Diarrhea,premier_2326_20230125,3,0,0,0,0,0,0,0,1,0,1,0,0,0,NA,NA,NA,NA
109,DPP4I main_GLP1RA main_Diarrhea,ccpp_v54_20210101,5,0,0,0,0,0,0,0,0,0,1,1,1,1,NA,NA,NA,NA
109,DPP4I main_GLP1RA main_Diarrhea,HKU-THIN,5,0,-12724481,1,0,NA,0,0,0,0,1,0,1,1,NA,NA,NA,NA
109,DPP4I main_GLP1RA main_Diarrhea,omop_20190828,NA,NA,48480,NA,0,NA,0,0,NA,0,0,0,NA,NA,NA,NA,NA,NA
110,DPP4I main_SGLT2I main_Diarrhea,US_OPEN_CLAIMS_20230313,0,2797753,13190780,0,0,0,0,0,0,0,0,0,0,0,NA,NA,NA,NA
110,DPP4I main_SGLT2I main_Diarrhea,US_PharMetrics_Plus_20230330,0,546343,1455410,0,0,0,0,0,0,0,0,0,0,0,NA,NA,NA,NA
110,DPP4I main_SGLT2I main_Diarrhea,optum_extended_ses_2327_20230204,0,433598,953930,0,0,0,0,0,0,0,0,0,0,0,NA,NA,NA,NA
110,DPP4I main_SGLT2I main_Diarrhea,optum_extended_dod_2323_20230201,0,433595,953920,0,0,0,0,0,0,0,0,0,0,0,NA,NA,NA,NA
110,DPP4I main_SGLT2I main_Diarrhea,truven_ccae_2324_20230201,0,397219,936040,0,0,0,0,0,0,0,0,0,0,0,NA,NA,NA,NA
110,DPP4I main_SGLT2I main_Diarrhea,optum_ehr_2247_20221205,0,262584,913790,0,0,0,0,0,0,0,0,0,0,0,NA,NA,NA,NA
110,DPP4I main_SGLT2I main_Diarrhea,truven_mdcr_2322_20230127,0,120964,150100,0,0,0,0,0,0,0,0,0,0,0,NA,NA,NA,NA
110,DPP4I main_SGLT2I main_Diarrhea,pmtx_202203_20220831,0,108591,293530,0,0,0,0,0,0,0,0,0,0,0,NA,NA,NA,NA
110,DPP4I main_SGLT2I main_Diarrhea,jmdc_2325_20230126,0,97761,195580,0,0,0,0,0,0,0,0,0,0,0,NA,NA,NA,NA
110,DPP4I main_SGLT2I main_Diarrhea,VA-OMOP_20230411,0,77503,522110,0,0,0,0,0,0,0,0,0,0,0,NA,NA,NA,NA
110,DPP4I main_SGLT2I main_Diarrhea,Japan_Claims_20230215,0,44250,128600,0,0,0,0,0,0,0,0,0,0,0,NA,NA,NA,NA
110,DPP4I main_SGLT2I main_Diarrhea,UK_IMRD_THIN_20221230,0,40675,76320,0,0,0,0,0,0,0,0,0,0,0,NA,NA,NA,NA
110,DPP4I main_SGLT2I main_Diarrhea,truven_mdcd_2359_20230215,0,36976,171320,0,0,0,0,0,0,0,0,0,0,0,NA,NA,NA,NA
110,DPP4I main_SGLT2I main_Diarrhea,IQVIA_Germany_DA_20230124,0,36211,177780,0,0,0,0,0,0,0,0,0,0,0,NA,NA,NA,NA
110,DPP4I main_SGLT2I main_Diarrhea,UK_IMRD_EMIS_20230215,0,16790,38460,0,0,0,0,0,0,0,0,0,0,0,NA,NA,NA,NA
110,DPP4I main_SGLT2I main_Diarrhea,LPD_Spain_20220704,0,10616,33650,0,0,0,0,0,0,0,0,0,0,0,NA,NA,NA,NA
110,DPP4I main_SGLT2I main_Diarrhea,JHM_OMOP_20230406,0,7300,19650,0,0,0,0,0,0,0,0,0,0,0,NA,NA,NA,NA
110,DPP4I main_SGLT2I main_Diarrhea,LPD_Italy_20221226,0,7179,15830,0,0,0,0,0,0,0,0,0,0,0,NA,NA,NA,NA
110,DPP4I main_SGLT2I main_Diarrhea,US_Hospital_20230130,0,5983,31740,0,0,0,0,0,0,0,0,0,0,0,NA,NA,NA,NA
110,DPP4I main_SGLT2I main_Diarrhea,France_LPD_20230118,0,5475,21290,0,0,0,0,0,0,0,0,0,0,0,NA,NA,NA,NA
110,DPP4I main_SGLT2I main_Diarrhea,CUIMC_20221214,0,4366,37640,0,0,0,0,0,0,0,0,0,0,0,NA,NA,NA,NA
110,DPP4I main_SGLT2I main_Diarrhea,Australia_EMR_20230317,0,2683,20240,0,0,0,0,0,0,0,0,0,0,0,NA,NA,NA,NA
110,DPP4I main_SGLT2I main_Diarrhea,IQVIA_Belgium_LPD_20221006,0,2208,6490,0,0,0,0,0,0,0,0,0,0,0,NA,NA,NA,NA
110,DPP4I main_SGLT2I main_Diarrhea,AUSOM_20220228,0,1500,6850,0,0,0,0,0,0,0,0,0,0,0,NA,NA,NA,NA
110,DPP4I main_SGLT2I main_Diarrhea,TMUCRD_20210406,0,1475,10740,0,0,0,0,0,0,0,0,0,0,0,NA,NA,NA,NA
110,DPP4I main_SGLT2I main_Diarrhea,IQVIA_France_DA_20230201,0,728,3130,0,0,0,0,0,0,0,0,0,0,0,NA,NA,NA,NA
110,DPP4I main_SGLT2I main_Diarrhea,Japan_HIS_20220120,0,281,7370,0,0,0,0,0,0,0,0,0,0,0,NA,NA,NA,NA
110,DPP4I main_SGLT2I main_Diarrhea,RED_CDM_Tufts_20221005,0,83,1360,0,0,0,0,0,0,0,0,0,0,0,NA,NA,NA,NA
110,DPP4I main_SGLT2I main_Diarrhea,ktph_sg_NA,1,93,140,0,0,NA,0,0,0,0,0,0,0,0,NA,NA,NA,NA
110,DPP4I main_SGLT2I main_Diarrhea,Keck_Upgraded_OMOP_v5_NA,1,69,370,0,0,0,0,0,0,0,0,0,0,0,NA,NA,NA,NA
110,DPP4I main_SGLT2I main_Diarrhea,Klinicki_centar_Crne_Gore_20230101,1,10,50,0,0,0,0,0,0,0,0,0,0,0,NA,NA,NA,NA
110,DPP4I main_SGLT2I main_Diarrhea,cdm_cds,2,0,0,0,0,0,0,0,0,0,0,1,0,0,NA,NA,NA,NA
110,DPP4I main_SGLT2I main_Diarrhea,premier_2326_20230125,3,0,0,0,0,0,0,0,1,0,1,0,0,0,NA,NA,NA,NA
110,DPP4I main_SGLT2I main_Diarrhea,ccpp_v54_20210101,5,0,0,0,0,0,0,0,0,0,1,1,1,1,NA,NA,NA,NA
110,DPP4I main_SGLT2I main_Diarrhea,HKU-THIN,5,0,-12724481,1,0,NA,0,0,0,0,1,0,1,1,NA,NA,NA,NA
110,DPP4I main_SGLT2I main_Diarrhea,omop_20190828,NA,NA,900220,NA,0,NA,0,0,NA,0,NA,0,NA,NA,NA,NA,NA,NA
111,DPP4I main_SU main_Diarrhea,US_OPEN_CLAIMS_20230313,0,2984398,14070770,0,0,0,0,0,0,0,0,0,0,0,NA,NA,NA,NA
111,DPP4I main_SU main_Diarrhea,truven_ccae_2324_20230201,0,626883,1477240,0,0,0,0,0,0,0,0,0,0,0,NA,NA,NA,NA
111,DPP4I main_SU main_Diarrhea,optum_extended_dod_2323_20230201,0,599920,1319840,0,0,0,0,0,0,0,0,0,0,0,NA,NA,NA,NA
111,DPP4I main_SU main_Diarrhea,optum_extended_ses_2327_20230204,0,599919,1319840,0,0,0,0,0,0,0,0,0,0,0,NA,NA,NA,NA
111,DPP4I main_SU main_Diarrhea,US_PharMetrics_Plus_20230330,0,546343,1455410,0,0,0,0,0,0,0,0,0,0,0,NA,NA,NA,NA
111,DPP4I main_SU main_Diarrhea,optum_ehr_2247_20221205,0,449949,1565820,0,0,0,0,0,0,0,0,0,0,0,NA,NA,NA,NA
111,DPP4I main_SU main_Diarrhea,truven_mdcr_2322_20230127,0,388236,481750,0,0,0,0,0,0,0,0,0,0,0,NA,NA,NA,NA
111,DPP4I main_SU main_Diarrhea,pmtx_202203_20220831,0,113907,307900,0,0,0,0,0,0,0,0,0,0,0,NA,NA,NA,NA
111,DPP4I main_SU main_Diarrhea,jmdc_2325_20230126,0,93462,186980,0,0,0,0,0,0,0,0,0,0,0,NA,NA,NA,NA
111,DPP4I main_SU main_Diarrhea,VA-OMOP_20230411,0,78282,527360,0,0,0,0,0,0,0,0,0,0,0,NA,NA,NA,NA
111,DPP4I main_SU main_Diarrhea,Japan_Claims_20230215,0,63264,183860,0,0,0,0,0,0,0,0,0,0,0,NA,NA,NA,NA
111,DPP4I main_SU main_Diarrhea,US_Hospital_20230130,0,62779,333060,0,0,0,0,0,0,0,0,0,0,0,NA,NA,NA,NA
111,DPP4I main_SU main_Diarrhea,truven_mdcd_2359_20230215,0,53891,249690,0,0,0,0,0,0,0,0,0,0,0,NA,NA,NA,NA
111,DPP4I main_SU main_Diarrhea,UK_IMRD_THIN_20221230,0,46223,86730,0,0,0,0,0,0,0,0,0,0,0,NA,NA,NA,NA
111,DPP4I main_SU main_Diarrhea,IQVIA_Germany_DA_20230124,0,34376,168770,0,0,0,0,0,0,0,0,0,0,0,NA,NA,NA,NA
111,DPP4I main_SU main_Diarrhea,France_LPD_20230118,0,17967,69870,0,0,0,0,0,0,0,0,0,0,0,NA,NA,NA,NA
111,DPP4I main_SU main_Diarrhea,LPD_Italy_20221226,0,15674,34560,0,0,0,0,0,0,0,0,0,0,0,NA,NA,NA,NA
111,DPP4I main_SU main_Diarrhea,UK_IMRD_EMIS_20230215,0,12232,28020,0,0,0,0,0,0,0,0,0,0,0,NA,NA,NA,NA
111,DPP4I main_SU main_Diarrhea,IQVIA_France_DA_20230201,0,8245,35460,0,0,0,0,0,0,0,0,0,0,0,NA,NA,NA,NA
111,DPP4I main_SU main_Diarrhea,AUSOM_20220228,0,7616,34770,0,0,0,0,0,0,0,0,0,0,0,NA,NA,NA,NA
111,DPP4I main_SU main_Diarrhea,JHM_OMOP_20230406,0,7300,19650,0,0,0,0,0,0,0,0,0,0,0,NA,NA,NA,NA
111,DPP4I main_SU main_Diarrhea,TMUCRD_20210406,0,7245,52740,0,0,0,0,0,0,0,0,0,0,0,NA,NA,NA,NA
111,DPP4I main_SU main_Diarrhea,CUIMC_20221214,0,7067,60920,0,0,0,0,0,0,0,0,0,0,0,NA,NA,NA,NA
111,DPP4I main_SU main_Diarrhea,LPD_Spain_20220704,0,6161,19530,0,0,0,0,0,0,0,0,0,0,0,NA,NA,NA,NA
111,DPP4I main_SU main_Diarrhea,IQVIA_Belgium_LPD_20221006,0,1773,5210,0,0,0,0,0,0,0,0,0,0,0,NA,NA,NA,NA
111,DPP4I main_SU main_Diarrhea,Keck_Upgraded_OMOP_v5_NA,0,1700,9120,0,0,0,0,0,0,0,0,0,0,0,NA,NA,NA,NA
111,DPP4I main_SU main_Diarrhea,Australia_EMR_20230317,0,586,4420,0,0,0,0,0,0,0,0,0,0,0,NA,NA,NA,NA
111,DPP4I main_SU main_Diarrhea,Japan_HIS_20220120,0,449,11790,0,0,0,0,0,0,0,0,0,0,0,NA,NA,NA,NA
111,DPP4I main_SU main_Diarrhea,RED_CDM_Tufts_20221005,0,113,1860,0,0,0,0,0,0,0,0,0,0,0,NA,NA,NA,NA
111,DPP4I main_SU main_Diarrhea,premier_2326_20230125,1,6525,914680,0,0,0,0,0,1,0,0,0,0,0,NA,NA,NA,NA
111,DPP4I main_SU main_Diarrhea,ktph_sg_NA,1,578,870,0,0,NA,0,0,0,0,0,0,0,0,NA,NA,NA,NA
111,DPP4I main_SU main_Diarrhea,Klinicki_centar_Crne_Gore_20230101,2,0,0,0,0,0,0,0,0,0,1,0,0,0,NA,NA,NA,NA
111,DPP4I main_SU main_Diarrhea,cdm_cds,2,0,0,0,0,0,0,0,0,0,0,1,0,0,NA,NA,NA,NA
111,DPP4I main_SU main_Diarrhea,ccpp_v54_20210101,5,0,0,0,0,0,0,0,0,0,1,1,1,1,NA,NA,NA,NA
111,DPP4I main_SU main_Diarrhea,HKU-THIN,5,0,-12724481,1,0,NA,0,0,0,0,1,0,1,1,NA,NA,NA,NA
111,DPP4I main_SU main_Diarrhea,omop_20190828,NA,NA,900220,NA,0,NA,0,0,NA,0,NA,0,NA,NA,NA,NA,NA,NA
112,GLP1RA main_SGLT2I main_Diarrhea,US_OPEN_CLAIMS_20230313,0,2797753,13190780,0,0,0,0,0,0,0,0,0,0,0,NA,NA,NA,NA
112,GLP1RA main_SGLT2I main_Diarrhea,US_PharMetrics_Plus_20230330,0,603199,1606870,0,0,0,0,0,0,0,0,0,0,0,NA,NA,NA,NA
112,GLP1RA main_SGLT2I main_Diarrhea,optum_extended_ses_2327_20230204,0,433598,953930,0,0,0,0,0,0,0,0,0,0,0,NA,NA,NA,NA
112,GLP1RA main_SGLT2I main_Diarrhea,optum_extended_dod_2323_20230201,0,433595,953920,0,0,0,0,0,0,0,0,0,0,0,NA,NA,NA,NA
112,GLP1RA main_SGLT2I main_Diarrhea,truven_ccae_2324_20230201,0,397219,936040,0,0,0,0,0,0,0,0,0,0,0,NA,NA,NA,NA
112,GLP1RA main_SGLT2I main_Diarrhea,optum_ehr_2247_20221205,0,262584,913790,0,0,0,0,0,0,0,0,0,0,0,NA,NA,NA,NA
112,GLP1RA main_SGLT2I main_Diarrhea,truven_mdcr_2322_20230127,0,120964,150100,0,0,0,0,0,0,0,0,0,0,0,NA,NA,NA,NA
112,GLP1RA main_SGLT2I main_Diarrhea,pmtx_202203_20220831,0,108591,293530,0,0,0,0,0,0,0,0,0,0,0,NA,NA,NA,NA
112,GLP1RA main_SGLT2I main_Diarrhea,VA-OMOP_20230411,0,74531,502090,0,0,0,0,0,0,0,0,0,0,0,NA,NA,NA,NA
112,GLP1RA main_SGLT2I main_Diarrhea,truven_mdcd_2359_20230215,0,36976,171320,0,0,0,0,0,0,0,0,0,0,0,NA,NA,NA,NA
112,GLP1RA main_SGLT2I main_Diarrhea,UK_IMRD_THIN_20221230,0,32984,61890,0,0,0,0,0,0,0,0,0,0,0,NA,NA,NA,NA
112,GLP1RA main_SGLT2I main_Diarrhea,IQVIA_Germany_DA_20230124,0,25687,126110,0,0,0,0,0,0,0,0,0,0,0,NA,NA,NA,NA
112,GLP1RA main_SGLT2I main_Diarrhea,jmdc_2325_20230126,0,15225,30460,0,0,0,0,0,0,0,0,0,0,0,NA,NA,NA,NA
112,GLP1RA main_SGLT2I main_Diarrhea,UK_IMRD_EMIS_20230215,0,13027,29840,0,0,0,0,0,0,0,0,0,0,0,NA,NA,NA,NA
112,GLP1RA main_SGLT2I main_Diarrhea,Japan_Claims_20230215,0,10987,31930,0,0,0,0,0,0,0,0,0,0,0,NA,NA,NA,NA
112,GLP1RA main_SGLT2I main_Diarrhea,JHM_OMOP_20230406,0,7898,21260,0,0,0,0,0,0,0,0,0,0,0,NA,NA,NA,NA
112,GLP1RA main_SGLT2I main_Diarrhea,LPD_Italy_20221226,0,7179,15830,0,0,0,0,0,0,0,0,0,0,0,NA,NA,NA,NA
112,GLP1RA main_SGLT2I main_Diarrhea,France_LPD_20230118,0,5475,21290,0,0,0,0,0,0,0,0,0,0,0,NA,NA,NA,NA
112,GLP1RA main_SGLT2I main_Diarrhea,CUIMC_20221214,0,4366,37640,0,0,0,0,0,0,0,0,0,0,0,NA,NA,NA,NA
112,GLP1RA main_SGLT2I main_Diarrhea,LPD_Spain_20220704,0,3795,12030,0,0,0,0,0,0,0,0,0,0,0,NA,NA,NA,NA
112,GLP1RA main_SGLT2I main_Diarrhea,US_Hospital_20230130,0,2639,14000,0,0,0,0,0,0,0,0,0,0,0,NA,NA,NA,NA
112,GLP1RA main_SGLT2I main_Diarrhea,IQVIA_Belgium_LPD_20221006,0,2208,6490,0,0,0,0,0,0,0,0,0,0,0,NA,NA,NA,NA
112,GLP1RA main_SGLT2I main_Diarrhea,Australia_EMR_20230317,0,835,6300,0,0,0,0,0,0,0,0,0,0,0,NA,NA,NA,NA
112,GLP1RA main_SGLT2I main_Diarrhea,IQVIA_France_DA_20230201,0,728,3130,0,0,0,0,0,0,0,0,0,0,0,NA,NA,NA,NA
112,GLP1RA main_SGLT2I main_Diarrhea,AUSOM_20220228,0,699,3190,0,0,0,0,0,0,0,0,0,0,0,NA,NA,NA,NA
112,GLP1RA main_SGLT2I main_Diarrhea,TMUCRD_20210406,0,433,3150,0,0,0,0,0,0,0,0,0,0,0,NA,NA,NA,NA
112,GLP1RA main_SGLT2I main_Diarrhea,Japan_HIS_20220120,0,108,2830,0,0,0,0,0,0,0,0,0,0,0,NA,NA,NA,NA
112,GLP1RA main_SGLT2I main_Diarrhea,RED_CDM_Tufts_20221005,0,83,1360,0,0,0,0,0,0,0,0,0,0,0,NA,NA,NA,NA
112,GLP1RA main_SGLT2I main_Diarrhea,Keck_Upgraded_OMOP_v5_NA,1,15,80,0,0,0,0,0,0,0,0,0,0,0,NA,NA,NA,NA
112,GLP1RA main_SGLT2I main_Diarrhea,ktph_sg_NA,1,13,20,0,0,NA,0,0,0,0,0,0,0,0,NA,NA,NA,NA
112,GLP1RA main_SGLT2I main_Diarrhea,Klinicki_centar_Crne_Gore_20230101,2,0,0,0,0,0,0,0,0,0,0,0,0,1,NA,NA,NA,NA
112,GLP1RA main_SGLT2I main_Diarrhea,cdm_cds,2,0,0,0,0,0,0,0,0,0,0,1,0,0,NA,NA,NA,NA
112,GLP1RA main_SGLT2I main_Diarrhea,premier_2326_20230125,4,0,0,0,0,0,0,0,1,0,1,0,0,1,NA,NA,NA,NA
112,GLP1RA main_SGLT2I main_Diarrhea,ccpp_v54_20210101,5,0,0,0,0,0,0,0,0,0,1,1,1,1,NA,NA,NA,NA
112,GLP1RA main_SGLT2I main_Diarrhea,HKU-THIN,5,0,-12724481,1,0,NA,0,0,0,0,1,0,1,1,NA,NA,NA,NA
112,GLP1RA main_SGLT2I main_Diarrhea,omop_20190828,NA,NA,48480,NA,0,NA,0,0,NA,0,NA,0,NA,0,NA,NA,NA,NA
113,GLP1RA main_SU main_Diarrhea,US_OPEN_CLAIMS_20230313,0,4114327,19398130,0,0,0,0,0,0,0,0,0,0,0,NA,NA,NA,NA
113,GLP1RA main_SU main_Diarrhea,US_PharMetrics_Plus_20230330,0,845464,2252240,0,0,0,0,0,0,0,0,0,0,0,NA,NA,NA,NA
113,GLP1RA main_SU main_Diarrhea,truven_ccae_2324_20230201,0,772045,1819310,0,0,0,0,0,0,0,0,0,0,0,NA,NA,NA,NA
113,GLP1RA main_SU main_Diarrhea,optum_extended_dod_2323_20230201,0,652061,1434550,0,0,0,0,0,0,0,0,0,0,0,NA,NA,NA,NA
113,GLP1RA main_SU main_Diarrhea,optum_extended_ses_2327_20230204,0,652050,1434530,0,0,0,0,0,0,0,0,0,0,0,NA,NA,NA,NA
113,GLP1RA main_SU main_Diarrhea,optum_ehr_2247_20221205,0,381202,1326580,0,0,0,0,0,0,0,0,0,0,0,NA,NA,NA,NA
113,GLP1RA main_SU main_Diarrhea,truven_mdcr_2322_20230127,0,193421,240010,0,0,0,0,0,0,0,0,0,0,0,NA,NA,NA,NA
113,GLP1RA main_SU main_Diarrhea,pmtx_202203_20220831,0,145186,392450,0,0,0,0,0,0,0,0,0,0,0,NA,NA,NA,NA
113,GLP1RA main_SU main_Diarrhea,VA-OMOP_20230411,0,74531,502090,0,0,0,0,0,0,0,0,0,0,0,NA,NA,NA,NA
113,GLP1RA main_SU main_Diarrhea,truven_mdcd_2359_20230215,0,58097,269180,0,0,0,0,0,0,0,0,0,0,0,NA,NA,NA,NA
113,GLP1RA main_SU main_Diarrhea,UK_IMRD_THIN_20221230,0,32984,61890,0,0,0,0,0,0,0,0,0,0,0,NA,NA,NA,NA
113,GLP1RA main_SU main_Diarrhea,IQVIA_Germany_DA_20230124,0,25687,126110,0,0,0,0,0,0,0,0,0,0,0,NA,NA,NA,NA
113,GLP1RA main_SU main_Diarrhea,France_LPD_20230118,0,17967,69870,0,0,0,0,0,0,0,0,0,0,0,NA,NA,NA,NA
113,GLP1RA main_SU main_Diarrhea,jmdc_2325_20230126,0,15225,30460,0,0,0,0,0,0,0,0,0,0,0,NA,NA,NA,NA
113,GLP1RA main_SU main_Diarrhea,UK_IMRD_EMIS_20230215,0,12232,28020,0,0,0,0,0,0,0,0,0,0,0,NA,NA,NA,NA
113,GLP1RA main_SU main_Diarrhea,JHM_OMOP_20230406,0,11569,31140,0,0,0,0,0,0,0,0,0,0,0,NA,NA,NA,NA
113,GLP1RA main_SU main_Diarrhea,Japan_Claims_20230215,0,10987,31930,0,0,0,0,0,0,0,0,0,0,0,NA,NA,NA,NA
113,GLP1RA main_SU main_Diarrhea,LPD_Italy_20221226,0,8350,18410,0,0,0,0,0,0,0,0,0,0,0,NA,NA,NA,NA
113,GLP1RA main_SU main_Diarrhea,CUIMC_20221214,0,6690,57670,0,0,0,0,0,0,0,0,0,0,0,NA,NA,NA,NA
113,GLP1RA main_SU main_Diarrhea,IQVIA_France_DA_20230201,0,5799,24940,0,0,0,0,0,0,0,0,0,0,0,NA,NA,NA,NA
113,GLP1RA main_SU main_Diarrhea,LPD_Spain_20220704,0,3795,12030,0,0,0,0,0,0,0,0,0,0,0,NA,NA,NA,NA
113,GLP1RA main_SU main_Diarrhea,US_Hospital_20230130,0,2639,14000,0,0,0,0,0,0,0,0,0,0,0,NA,NA,NA,NA
113,GLP1RA main_SU main_Diarrhea,IQVIA_Belgium_LPD_20221006,0,1773,5210,0,0,0,0,0,0,0,0,0,0,0,NA,NA,NA,NA
113,GLP1RA main_SU main_Diarrhea,AUSOM_20220228,0,699,3190,0,0,0,0,0,0,0,0,0,0,0,NA,NA,NA,NA
113,GLP1RA main_SU main_Diarrhea,Australia_EMR_20230317,0,586,4420,0,0,0,0,0,0,0,0,0,0,0,NA,NA,NA,NA
113,GLP1RA main_SU main_Diarrhea,TMUCRD_20210406,0,433,3150,0,0,0,0,0,0,0,0,0,0,0,NA,NA,NA,NA
113,GLP1RA main_SU main_Diarrhea,RED_CDM_Tufts_20221005,0,132,2180,0,0,0,0,0,0,0,0,0,0,0,NA,NA,NA,NA
113,GLP1RA main_SU main_Diarrhea,Japan_HIS_20220120,0,108,2830,0,0,0,0,0,0,0,0,0,0,0,NA,NA,NA,NA
113,GLP1RA main_SU main_Diarrhea,Keck_Upgraded_OMOP_v5_NA,1,15,80,0,0,0,0,0,0,0,0,0,0,0,NA,NA,NA,NA
113,GLP1RA main_SU main_Diarrhea,ktph_sg_NA,1,13,20,0,0,NA,0,0,0,0,0,0,0,0,NA,NA,NA,NA
113,GLP1RA main_SU main_Diarrhea,cdm_cds,2,0,0,0,0,0,0,0,0,0,0,1,0,0,NA,NA,NA,NA
113,GLP1RA main_SU main_Diarrhea,Klinicki_centar_Crne_Gore_20230101,3,0,0,0,0,0,0,0,0,0,1,0,0,1,NA,NA,NA,NA
113,GLP1RA main_SU main_Diarrhea,premier_2326_20230125,3,0,0,0,0,0,0,0,1,0,0,0,0,1,NA,NA,NA,NA
113,GLP1RA main_SU main_Diarrhea,ccpp_v54_20210101,5,0,0,0,0,0,0,0,0,0,1,1,1,1,NA,NA,NA,NA
113,GLP1RA main_SU main_Diarrhea,HKU-THIN,5,0,-12724481,1,0,NA,0,0,0,0,1,0,1,1,NA,NA,NA,NA
113,GLP1RA main_SU main_Diarrhea,omop_20190828,NA,NA,48480,NA,0,NA,0,0,NA,0,NA,0,NA,0,NA,NA,NA,NA
114,SGLT2I main_SU main_Diarrhea,US_OPEN_CLAIMS_20230313,0,2797753,13190780,0,0,0,0,0,0,0,0,0,0,0,NA,NA,NA,NA
114,SGLT2I main_SU main_Diarrhea,US_PharMetrics_Plus_20230330,0,603199,1606870,0,0,0,0,0,0,0,0,0,0,0,NA,NA,NA,NA
114,SGLT2I main_SU main_Diarrhea,optum_extended_ses_2327_20230204,0,433598,953930,0,0,0,0,0,0,0,0,0,0,0,NA,NA,NA,NA
114,SGLT2I main_SU main_Diarrhea,optum_extended_dod_2323_20230201,0,433595,953920,0,0,0,0,0,0,0,0,0,0,0,NA,NA,NA,NA
114,SGLT2I main_SU main_Diarrhea,truven_ccae_2324_20230201,0,397219,936040,0,0,0,0,0,0,0,0,0,0,0,NA,NA,NA,NA
114,SGLT2I main_SU main_Diarrhea,optum_ehr_2247_20221205,0,262584,913790,0,0,0,0,0,0,0,0,0,0,0,NA,NA,NA,NA
114,SGLT2I main_SU main_Diarrhea,truven_mdcr_2322_20230127,0,120964,150100,0,0,0,0,0,0,0,0,0,0,0,NA,NA,NA,NA
114,SGLT2I main_SU main_Diarrhea,pmtx_202203_20220831,0,108591,293530,0,0,0,0,0,0,0,0,0,0,0,NA,NA,NA,NA
114,SGLT2I main_SU main_Diarrhea,jmdc_2325_20230126,0,93462,186980,0,0,0,0,0,0,0,0,0,0,0,NA,NA,NA,NA
114,SGLT2I main_SU main_Diarrhea,VA-OMOP_20230411,0,77503,522110,0,0,0,0,0,0,0,0,0,0,0,NA,NA,NA,NA
114,SGLT2I main_SU main_Diarrhea,Japan_Claims_20230215,0,44250,128600,0,0,0,0,0,0,0,0,0,0,0,NA,NA,NA,NA
114,SGLT2I main_SU main_Diarrhea,UK_IMRD_THIN_20221230,0,40675,76320,0,0,0,0,0,0,0,0,0,0,0,NA,NA,NA,NA
114,SGLT2I main_SU main_Diarrhea,truven_mdcd_2359_20230215,0,36976,171320,0,0,0,0,0,0,0,0,0,0,0,NA,NA,NA,NA
114,SGLT2I main_SU main_Diarrhea,IQVIA_Germany_DA_20230124,0,34376,168770,0,0,0,0,0,0,0,0,0,0,0,NA,NA,NA,NA
114,SGLT2I main_SU main_Diarrhea,UK_IMRD_EMIS_20230215,0,12232,28020,0,0,0,0,0,0,0,0,0,0,0,NA,NA,NA,NA
114,SGLT2I main_SU main_Diarrhea,JHM_OMOP_20230406,0,7898,21260,0,0,0,0,0,0,0,0,0,0,0,NA,NA,NA,NA
114,SGLT2I main_SU main_Diarrhea,LPD_Italy_20221226,0,7179,15830,0,0,0,0,0,0,0,0,0,0,0,NA,NA,NA,NA
114,SGLT2I main_SU main_Diarrhea,LPD_Spain_20220704,0,6161,19530,0,0,0,0,0,0,0,0,0,0,0,NA,NA,NA,NA
114,SGLT2I main_SU main_Diarrhea,US_Hospital_20230130,0,5983,31740,0,0,0,0,0,0,0,0,0,0,0,NA,NA,NA,NA
114,SGLT2I main_SU main_Diarrhea,France_LPD_20230118,0,5475,21290,0,0,0,0,0,0,0,0,0,0,0,NA,NA,NA,NA
114,SGLT2I main_SU main_Diarrhea,CUIMC_20221214,0,4366,37640,0,0,0,0,0,0,0,0,0,0,0,NA,NA,NA,NA
114,SGLT2I main_SU main_Diarrhea,IQVIA_Belgium_LPD_20221006,0,1773,5210,0,0,0,0,0,0,0,0,0,0,0,NA,NA,NA,NA
114,SGLT2I main_SU main_Diarrhea,AUSOM_20220228,0,1500,6850,0,0,0,0,0,0,0,0,0,0,0,NA,NA,NA,NA
114,SGLT2I main_SU main_Diarrhea,TMUCRD_20210406,0,1475,10740,0,0,0,0,0,0,0,0,0,0,0,NA,NA,NA,NA
114,SGLT2I main_SU main_Diarrhea,IQVIA_France_DA_20230201,0,728,3130,0,0,0,0,0,0,0,0,0,0,0,NA,NA,NA,NA
114,SGLT2I main_SU main_Diarrhea,Australia_EMR_20230317,0,586,4420,0,0,0,0,0,0,0,0,0,0,0,NA,NA,NA,NA
114,SGLT2I main_SU main_Diarrhea,Japan_HIS_20220120,0,281,7370,0,0,0,0,0,0,0,0,0,0,0,NA,NA,NA,NA
114,SGLT2I main_SU main_Diarrhea,RED_CDM_Tufts_20221005,0,83,1360,0,0,0,0,0,0,0,0,0,0,0,NA,NA,NA,NA
114,SGLT2I main_SU main_Diarrhea,ktph_sg_NA,1,93,140,0,0,NA,0,0,0,0,0,0,0,0,NA,NA,NA,NA
114,SGLT2I main_SU main_Diarrhea,Keck_Upgraded_OMOP_v5_NA,1,69,370,0,0,0,0,0,0,0,0,0,0,0,NA,NA,NA,NA
114,SGLT2I main_SU main_Diarrhea,Klinicki_centar_Crne_Gore_20230101,2,0,0,0,0,0,0,0,0,0,1,0,0,0,NA,NA,NA,NA
114,SGLT2I main_SU main_Diarrhea,cdm_cds,2,0,0,0,0,0,0,0,0,0,0,1,0,0,NA,NA,NA,NA
114,SGLT2I main_SU main_Diarrhea,premier_2326_20230125,3,0,0,0,0,0,0,0,1,0,0,0,0,1,NA,NA,NA,NA
114,SGLT2I main_SU main_Diarrhea,ccpp_v54_20210101,5,0,0,0,0,0,0,0,0,0,1,1,1,1,NA,NA,NA,NA
114,SGLT2I main_SU main_Diarrhea,HKU-THIN,5,0,-12724481,1,0,NA,0,0,0,0,1,0,1,1,NA,NA,NA,NA
114,SGLT2I main_SU main_Diarrhea,omop_20190828,NA,NA,900220,NA,0,NA,0,0,NA,0,NA,0,NA,NA,NA,NA,NA,NA
115,DPP4I main_GLP1RA main_Genitourinary infection,US_OPEN_CLAIMS_20230313,0,2984398,14070770,0,0,0,0,0,0,0,0,0,0,0,NA,NA,NA,NA
115,DPP4I main_GLP1RA main_Genitourinary infection,truven_ccae_2324_20230201,0,626883,1477240,0,0,0,0,0,0,0,0,0,0,0,NA,NA,NA,NA
115,DPP4I main_GLP1RA main_Genitourinary infection,optum_extended_dod_2323_20230201,0,599920,1319840,0,0,0,0,0,0,0,0,0,0,0,NA,NA,NA,NA
115,DPP4I main_GLP1RA main_Genitourinary infection,optum_extended_ses_2327_20230204,0,599919,1319840,0,0,0,0,0,0,0,0,0,0,0,NA,NA,NA,NA
115,DPP4I main_GLP1RA main_Genitourinary infection,US_PharMetrics_Plus_20230330,0,546343,1455410,0,0,0,0,0,0,0,0,0,0,0,NA,NA,NA,NA
115,DPP4I main_GLP1RA main_Genitourinary infection,optum_ehr_2247_20221205,0,381202,1326580,0,0,0,0,0,0,0,0,0,0,0,NA,NA,NA,NA
115,DPP4I main_GLP1RA main_Genitourinary infection,truven_mdcr_2322_20230127,0,193421,240010,0,0,0,0,0,0,0,0,0,0,0,NA,NA,NA,NA
115,DPP4I main_GLP1RA main_Genitourinary infection,pmtx_202203_20220831,0,113907,307900,0,0,0,0,0,0,0,0,0,0,0,NA,NA,NA,NA
115,DPP4I main_GLP1RA main_Genitourinary infection,VA-OMOP_20230411,0,74531,502090,0,0,0,0,0,0,0,0,0,0,0,NA,NA,NA,NA
115,DPP4I main_GLP1RA main_Genitourinary infection,truven_mdcd_2359_20230215,0,53891,249690,0,0,0,0,0,0,0,0,0,0,0,NA,NA,NA,NA
115,DPP4I main_GLP1RA main_Genitourinary infection,UK_IMRD_THIN_20221230,0,32984,61890,0,0,0,0,0,0,0,0,0,0,0,NA,NA,NA,NA
115,DPP4I main_GLP1RA main_Genitourinary infection,IQVIA_Germany_DA_20230124,0,25687,126110,0,0,0,0,0,0,0,0,0,0,0,NA,NA,NA,NA
115,DPP4I main_GLP1RA main_Genitourinary infection,France_LPD_20230118,0,19374,75340,0,0,0,0,0,0,0,0,0,0,0,NA,NA,NA,NA
115,DPP4I main_GLP1RA main_Genitourinary infection,jmdc_2325_20230126,0,15225,30460,0,0,0,0,0,0,0,0,0,0,0,NA,NA,NA,NA
115,DPP4I main_GLP1RA main_Genitourinary infection,UK_IMRD_EMIS_20230215,0,13027,29840,0,0,0,0,0,0,0,0,0,0,0,NA,NA,NA,NA
115,DPP4I main_GLP1RA main_Genitourinary infection,Japan_Claims_20230215,0,10987,31930,0,0,0,0,0,0,0,0,0,0,0,NA,NA,NA,NA
115,DPP4I main_GLP1RA main_Genitourinary infection,LPD_Italy_20221226,0,8350,18410,0,0,0,0,0,0,0,0,0,0,0,NA,NA,NA,NA
115,DPP4I main_GLP1RA main_Genitourinary infection,JHM_OMOP_20230406,0,7300,19650,0,0,0,0,0,0,0,0,0,0,0,NA,NA,NA,NA
115,DPP4I main_GLP1RA main_Genitourinary infection,CUIMC_20221214,0,6690,57670,0,0,0,0,0,0,0,0,0,0,0,NA,NA,NA,NA
115,DPP4I main_GLP1RA main_Genitourinary infection,IQVIA_France_DA_20230201,0,5799,24940,0,0,0,0,0,0,0,0,0,0,0,NA,NA,NA,NA
115,DPP4I main_GLP1RA main_Genitourinary infection,LPD_Spain_20220704,0,3795,12030,0,0,0,0,0,0,0,0,0,0,0,NA,NA,NA,NA
115,DPP4I main_GLP1RA main_Genitourinary infection,IQVIA_Belgium_LPD_20221006,0,2933,8620,0,0,0,0,0,0,0,0,0,0,0,NA,NA,NA,NA
115,DPP4I main_GLP1RA main_Genitourinary infection,US_Hospital_20230130,0,2639,14000,0,0,0,0,0,0,0,0,0,0,0,NA,NA,NA,NA
115,DPP4I main_GLP1RA main_Genitourinary infection,Australia_EMR_20230317,0,835,6300,0,0,0,0,0,0,0,0,0,0,0,NA,NA,NA,NA
115,DPP4I main_GLP1RA main_Genitourinary infection,AUSOM_20220228,0,699,3190,0,0,0,0,0,0,0,0,0,0,0,NA,NA,NA,NA
115,DPP4I main_GLP1RA main_Genitourinary infection,TMUCRD_20210406,0,433,3150,0,0,0,0,0,0,0,0,0,0,0,NA,NA,NA,NA
115,DPP4I main_GLP1RA main_Genitourinary infection,RED_CDM_Tufts_20221005,0,113,1860,0,0,0,0,0,0,0,0,0,0,0,NA,NA,NA,NA
115,DPP4I main_GLP1RA main_Genitourinary infection,Japan_HIS_20220120,0,108,2830,0,0,0,0,0,0,0,0,0,0,0,NA,NA,NA,NA
115,DPP4I main_GLP1RA main_Genitourinary infection,Keck_Upgraded_OMOP_v5_NA,1,15,80,0,0,0,0,0,0,0,0,0,0,0,NA,NA,NA,NA
115,DPP4I main_GLP1RA main_Genitourinary infection,ktph_sg_NA,1,13,20,0,0,NA,0,0,0,0,0,0,0,0,NA,NA,NA,NA
115,DPP4I main_GLP1RA main_Genitourinary infection,Klinicki_centar_Crne_Gore_20230101,2,0,0,0,0,0,0,0,0,0,1,0,0,0,NA,NA,NA,NA
115,DPP4I main_GLP1RA main_Genitourinary infection,cdm_cds,2,0,0,0,0,0,0,0,0,0,0,1,0,0,NA,NA,NA,NA
115,DPP4I main_GLP1RA main_Genitourinary infection,premier_2326_20230125,3,0,0,0,0,0,0,0,1,0,1,0,0,0,NA,NA,NA,NA
115,DPP4I main_GLP1RA main_Genitourinary infection,ccpp_v54_20210101,4,0,0,0,0,0,0,0,0,0,1,1,0,1,NA,NA,NA,NA
115,DPP4I main_GLP1RA main_Genitourinary infection,HKU-THIN,5,0,-12724481,1,0,NA,0,0,0,0,1,0,1,1,NA,NA,NA,NA
115,DPP4I main_GLP1RA main_Genitourinary infection,omop_20190828,NA,NA,48480,NA,0,NA,0,0,NA,0,0,0,NA,NA,NA,NA,NA,NA
116,DPP4I main_SGLT2I main_Genitourinary infection,US_OPEN_CLAIMS_20230313,0,2797753,13190780,0,0,0,0,0,0,0,0,0,0,0,NA,NA,NA,NA
116,DPP4I main_SGLT2I main_Genitourinary infection,US_PharMetrics_Plus_20230330,0,546343,1455410,0,0,0,0,0,0,0,0,0,0,0,NA,NA,NA,NA
116,DPP4I main_SGLT2I main_Genitourinary infection,optum_extended_ses_2327_20230204,0,433598,953930,0,0,0,0,0,0,0,0,0,0,0,NA,NA,NA,NA
116,DPP4I main_SGLT2I main_Genitourinary infection,optum_extended_dod_2323_20230201,0,433595,953920,0,0,0,0,0,0,0,0,0,0,0,NA,NA,NA,NA
116,DPP4I main_SGLT2I main_Genitourinary infection,truven_ccae_2324_20230201,0,397219,936040,0,0,0,0,0,0,0,0,0,0,0,NA,NA,NA,NA
116,DPP4I main_SGLT2I main_Genitourinary infection,optum_ehr_2247_20221205,0,262584,913790,0,0,0,0,0,0,0,0,0,0,0,NA,NA,NA,NA
116,DPP4I main_SGLT2I main_Genitourinary infection,truven_mdcr_2322_20230127,0,120964,150100,0,0,0,0,0,0,0,0,0,0,0,NA,NA,NA,NA
116,DPP4I main_SGLT2I main_Genitourinary infection,pmtx_202203_20220831,0,108591,293530,0,0,0,0,0,0,0,0,0,0,0,NA,NA,NA,NA
116,DPP4I main_SGLT2I main_Genitourinary infection,jmdc_2325_20230126,0,97761,195580,0,0,0,0,0,0,0,0,0,0,0,NA,NA,NA,NA
116,DPP4I main_SGLT2I main_Genitourinary infection,VA-OMOP_20230411,0,77503,522110,0,0,0,0,0,0,0,0,0,0,0,NA,NA,NA,NA
116,DPP4I main_SGLT2I main_Genitourinary infection,Japan_Claims_20230215,0,44250,128600,0,0,0,0,0,0,0,0,0,0,0,NA,NA,NA,NA
116,DPP4I main_SGLT2I main_Genitourinary infection,UK_IMRD_THIN_20221230,0,40675,76320,0,0,0,0,0,0,0,0,0,0,0,NA,NA,NA,NA
116,DPP4I main_SGLT2I main_Genitourinary infection,truven_mdcd_2359_20230215,0,36976,171320,0,0,0,0,0,0,0,0,0,0,0,NA,NA,NA,NA
116,DPP4I main_SGLT2I main_Genitourinary infection,IQVIA_Germany_DA_20230124,0,36211,177780,0,0,0,0,0,0,0,0,0,0,0,NA,NA,NA,NA
116,DPP4I main_SGLT2I main_Genitourinary infection,UK_IMRD_EMIS_20230215,0,16790,38460,0,0,0,0,0,0,0,0,0,0,0,NA,NA,NA,NA
116,DPP4I main_SGLT2I main_Genitourinary infection,LPD_Spain_20220704,0,10616,33650,0,0,0,0,0,0,0,0,0,0,0,NA,NA,NA,NA
116,DPP4I main_SGLT2I main_Genitourinary infection,JHM_OMOP_20230406,0,7300,19650,0,0,0,0,0,0,0,0,0,0,0,NA,NA,NA,NA
116,DPP4I main_SGLT2I main_Genitourinary infection,LPD_Italy_20221226,0,7179,15830,0,0,0,0,0,0,0,0,0,0,0,NA,NA,NA,NA
116,DPP4I main_SGLT2I main_Genitourinary infection,US_Hospital_20230130,0,5983,31740,0,0,0,0,0,0,0,0,0,0,0,NA,NA,NA,NA
116,DPP4I main_SGLT2I main_Genitourinary infection,France_LPD_20230118,0,5475,21290,0,0,0,0,0,0,0,0,0,0,0,NA,NA,NA,NA
116,DPP4I main_SGLT2I main_Genitourinary infection,CUIMC_20221214,0,4366,37640,0,0,0,0,0,0,0,0,0,0,0,NA,NA,NA,NA
116,DPP4I main_SGLT2I main_Genitourinary infection,Australia_EMR_20230317,0,2683,20240,0,0,0,0,0,0,0,0,0,0,0,NA,NA,NA,NA
116,DPP4I main_SGLT2I main_Genitourinary infection,IQVIA_Belgium_LPD_20221006,0,2208,6490,0,0,0,0,0,0,0,0,0,0,0,NA,NA,NA,NA
116,DPP4I main_SGLT2I main_Genitourinary infection,AUSOM_20220228,0,1500,6850,0,0,0,0,0,0,0,0,0,0,0,NA,NA,NA,NA
116,DPP4I main_SGLT2I main_Genitourinary infection,TMUCRD_20210406,0,1475,10740,0,0,0,0,0,0,0,0,0,0,0,NA,NA,NA,NA
116,DPP4I main_SGLT2I main_Genitourinary infection,IQVIA_France_DA_20230201,0,728,3130,0,0,0,0,0,0,0,0,0,0,0,NA,NA,NA,NA
116,DPP4I main_SGLT2I main_Genitourinary infection,Japan_HIS_20220120,0,281,7370,0,0,0,0,0,0,0,0,0,0,0,NA,NA,NA,NA
116,DPP4I main_SGLT2I main_Genitourinary infection,RED_CDM_Tufts_20221005,0,83,1360,0,0,0,0,0,0,0,0,0,0,0,NA,NA,NA,NA
116,DPP4I main_SGLT2I main_Genitourinary infection,ktph_sg_NA,1,93,140,0,0,NA,0,0,0,0,0,0,0,0,NA,NA,NA,NA
116,DPP4I main_SGLT2I main_Genitourinary infection,Keck_Upgraded_OMOP_v5_NA,1,69,370,0,0,0,0,0,0,0,0,0,0,0,NA,NA,NA,NA
116,DPP4I main_SGLT2I main_Genitourinary infection,Klinicki_centar_Crne_Gore_20230101,1,10,50,0,0,0,0,0,0,0,0,0,0,0,NA,NA,NA,NA
116,DPP4I main_SGLT2I main_Genitourinary infection,cdm_cds,2,0,0,0,0,0,0,0,0,0,0,1,0,0,NA,NA,NA,NA
116,DPP4I main_SGLT2I main_Genitourinary infection,premier_2326_20230125,3,0,0,0,0,0,0,0,1,0,1,0,0,0,NA,NA,NA,NA
116,DPP4I main_SGLT2I main_Genitourinary infection,ccpp_v54_20210101,4,0,0,0,0,0,0,0,0,0,1,1,0,1,NA,NA,NA,NA
116,DPP4I main_SGLT2I main_Genitourinary infection,HKU-THIN,5,0,-12724481,1,0,NA,0,0,0,0,1,0,1,1,NA,NA,NA,NA
116,DPP4I main_SGLT2I main_Genitourinary infection,omop_20190828,NA,NA,900220,NA,0,NA,0,0,NA,0,NA,0,NA,NA,NA,NA,NA,NA
117,DPP4I main_SU main_Genitourinary infection,US_OPEN_CLAIMS_20230313,0,2984398,14070770,0,0,0,0,0,0,0,0,0,0,0,NA,NA,NA,NA
117,DPP4I main_SU main_Genitourinary infection,truven_ccae_2324_20230201,0,626883,1477240,0,0,0,0,0,0,0,0,0,0,0,NA,NA,NA,NA
117,DPP4I main_SU main_Genitourinary infection,optum_extended_dod_2323_20230201,0,599920,1319840,0,0,0,0,0,0,0,0,0,0,0,NA,NA,NA,NA
117,DPP4I main_SU main_Genitourinary infection,optum_extended_ses_2327_20230204,0,599919,1319840,0,0,0,0,0,0,0,0,0,0,0,NA,NA,NA,NA
117,DPP4I main_SU main_Genitourinary infection,US_PharMetrics_Plus_20230330,0,546343,1455410,0,0,0,0,0,0,0,0,0,0,0,NA,NA,NA,NA
117,DPP4I main_SU main_Genitourinary infection,optum_ehr_2247_20221205,0,449949,1565820,0,0,0,0,0,0,0,0,0,0,0,NA,NA,NA,NA
117,DPP4I main_SU main_Genitourinary infection,truven_mdcr_2322_20230127,0,388236,481750,0,0,0,0,0,0,0,0,0,0,0,NA,NA,NA,NA
117,DPP4I main_SU main_Genitourinary infection,pmtx_202203_20220831,0,113907,307900,0,0,0,0,0,0,0,0,0,0,0,NA,NA,NA,NA
117,DPP4I main_SU main_Genitourinary infection,jmdc_2325_20230126,0,93462,186980,0,0,0,0,0,0,0,0,0,0,0,NA,NA,NA,NA
117,DPP4I main_SU main_Genitourinary infection,VA-OMOP_20230411,0,78282,527360,0,0,0,0,0,0,0,0,0,0,0,NA,NA,NA,NA
117,DPP4I main_SU main_Genitourinary infection,Japan_Claims_20230215,0,63264,183860,0,0,0,0,0,0,0,0,0,0,0,NA,NA,NA,NA
117,DPP4I main_SU main_Genitourinary infection,US_Hospital_20230130,0,62779,333060,0,0,0,0,0,0,0,0,0,0,0,NA,NA,NA,NA
117,DPP4I main_SU main_Genitourinary infection,truven_mdcd_2359_20230215,0,53891,249690,0,0,0,0,0,0,0,0,0,0,0,NA,NA,NA,NA
117,DPP4I main_SU main_Genitourinary infection,UK_IMRD_THIN_20221230,0,46223,86730,0,0,0,0,0,0,0,0,0,0,0,NA,NA,NA,NA
117,DPP4I main_SU main_Genitourinary infection,IQVIA_Germany_DA_20230124,0,34376,168770,0,0,0,0,0,0,0,0,0,0,0,NA,NA,NA,NA
117,DPP4I main_SU main_Genitourinary infection,France_LPD_20230118,0,17967,69870,0,0,0,0,0,0,0,0,0,0,0,NA,NA,NA,NA
117,DPP4I main_SU main_Genitourinary infection,LPD_Italy_20221226,0,15674,34560,0,0,0,0,0,0,0,0,0,0,0,NA,NA,NA,NA
117,DPP4I main_SU main_Genitourinary infection,UK_IMRD_EMIS_20230215,0,12232,28020,0,0,0,0,0,0,0,0,0,0,0,NA,NA,NA,NA
117,DPP4I main_SU main_Genitourinary infection,IQVIA_France_DA_20230201,0,8245,35460,0,0,0,0,0,0,0,0,0,0,0,NA,NA,NA,NA
117,DPP4I main_SU main_Genitourinary infection,AUSOM_20220228,0,7616,34770,0,0,0,0,0,0,0,0,0,0,0,NA,NA,NA,NA
117,DPP4I main_SU main_Genitourinary infection,JHM_OMOP_20230406,0,7300,19650,0,0,0,0,0,0,0,0,0,0,0,NA,NA,NA,NA
117,DPP4I main_SU main_Genitourinary infection,TMUCRD_20210406,0,7245,52740,0,0,0,0,0,0,0,0,0,0,0,NA,NA,NA,NA
117,DPP4I main_SU main_Genitourinary infection,CUIMC_20221214,0,7067,60920,0,0,0,0,0,0,0,0,0,0,0,NA,NA,NA,NA
117,DPP4I main_SU main_Genitourinary infection,LPD_Spain_20220704,0,6161,19530,0,0,0,0,0,0,0,0,0,0,0,NA,NA,NA,NA
117,DPP4I main_SU main_Genitourinary infection,IQVIA_Belgium_LPD_20221006,0,1773,5210,0,0,0,0,0,0,0,0,0,0,0,NA,NA,NA,NA
117,DPP4I main_SU main_Genitourinary infection,Keck_Upgraded_OMOP_v5_NA,0,1700,9120,0,0,0,0,0,0,0,0,0,0,0,NA,NA,NA,NA
117,DPP4I main_SU main_Genitourinary infection,Australia_EMR_20230317,0,586,4420,0,0,0,0,0,0,0,0,0,0,0,NA,NA,NA,NA
117,DPP4I main_SU main_Genitourinary infection,Japan_HIS_20220120,0,449,11790,0,0,0,0,0,0,0,0,0,0,0,NA,NA,NA,NA
117,DPP4I main_SU main_Genitourinary infection,RED_CDM_Tufts_20221005,0,113,1860,0,0,0,0,0,0,0,0,0,0,0,NA,NA,NA,NA
117,DPP4I main_SU main_Genitourinary infection,premier_2326_20230125,1,6525,914680,0,0,0,0,0,1,0,0,0,0,0,NA,NA,NA,NA
117,DPP4I main_SU main_Genitourinary infection,ktph_sg_NA,1,578,870,0,0,NA,0,0,0,0,0,0,0,0,NA,NA,NA,NA
117,DPP4I main_SU main_Genitourinary infection,Klinicki_centar_Crne_Gore_20230101,2,0,0,0,0,0,0,0,0,0,1,0,0,0,NA,NA,NA,NA
117,DPP4I main_SU main_Genitourinary infection,cdm_cds,2,0,0,0,0,0,0,0,0,0,0,1,0,0,NA,NA,NA,NA
117,DPP4I main_SU main_Genitourinary infection,ccpp_v54_20210101,4,0,0,0,0,0,0,0,0,0,1,1,0,1,NA,NA,NA,NA
117,DPP4I main_SU main_Genitourinary infection,HKU-THIN,5,0,-12724481,1,0,NA,0,0,0,0,1,0,1,1,NA,NA,NA,NA
117,DPP4I main_SU main_Genitourinary infection,omop_20190828,NA,NA,900220,NA,0,NA,0,0,NA,0,NA,0,NA,NA,NA,NA,NA,NA
118,GLP1RA main_SGLT2I main_Genitourinary infection,US_OPEN_CLAIMS_20230313,0,2797753,13190780,0,0,0,0,0,0,0,0,0,0,0,NA,NA,NA,NA
118,GLP1RA main_SGLT2I main_Genitourinary infection,US_PharMetrics_Plus_20230330,0,603199,1606870,0,0,0,0,0,0,0,0,0,0,0,NA,NA,NA,NA
118,GLP1RA main_SGLT2I main_Genitourinary infection,optum_extended_ses_2327_20230204,0,433598,953930,0,0,0,0,0,0,0,0,0,0,0,NA,NA,NA,NA
118,GLP1RA main_SGLT2I main_Genitourinary infection,optum_extended_dod_2323_20230201,0,433595,953920,0,0,0,0,0,0,0,0,0,0,0,NA,NA,NA,NA
118,GLP1RA main_SGLT2I main_Genitourinary infection,truven_ccae_2324_20230201,0,397219,936040,0,0,0,0,0,0,0,0,0,0,0,NA,NA,NA,NA
118,GLP1RA main_SGLT2I main_Genitourinary infection,optum_ehr_2247_20221205,0,262584,913790,0,0,0,0,0,0,0,0,0,0,0,NA,NA,NA,NA
118,GLP1RA main_SGLT2I main_Genitourinary infection,truven_mdcr_2322_20230127,0,120964,150100,0,0,0,0,0,0,0,0,0,0,0,NA,NA,NA,NA
118,GLP1RA main_SGLT2I main_Genitourinary infection,pmtx_202203_20220831,0,108591,293530,0,0,0,0,0,0,0,0,0,0,0,NA,NA,NA,NA
118,GLP1RA main_SGLT2I main_Genitourinary infection,VA-OMOP_20230411,0,74531,502090,0,0,0,0,0,0,0,0,0,0,0,NA,NA,NA,NA
118,GLP1RA main_SGLT2I main_Genitourinary infection,truven_mdcd_2359_20230215,0,36976,171320,0,0,0,0,0,0,0,0,0,0,0,NA,NA,NA,NA
118,GLP1RA main_SGLT2I main_Genitourinary infection,UK_IMRD_THIN_20221230,0,32984,61890,0,0,0,0,0,0,0,0,0,0,0,NA,NA,NA,NA
118,GLP1RA main_SGLT2I main_Genitourinary infection,IQVIA_Germany_DA_20230124,0,25687,126110,0,0,0,0,0,0,0,0,0,0,0,NA,NA,NA,NA
118,GLP1RA main_SGLT2I main_Genitourinary infection,jmdc_2325_20230126,0,15225,30460,0,0,0,0,0,0,0,0,0,0,0,NA,NA,NA,NA
118,GLP1RA main_SGLT2I main_Genitourinary infection,UK_IMRD_EMIS_20230215,0,13027,29840,0,0,0,0,0,0,0,0,0,0,0,NA,NA,NA,NA
118,GLP1RA main_SGLT2I main_Genitourinary infection,Japan_Claims_20230215,0,10987,31930,0,0,0,0,0,0,0,0,0,0,0,NA,NA,NA,NA
118,GLP1RA main_SGLT2I main_Genitourinary infection,JHM_OMOP_20230406,0,7898,21260,0,0,0,0,0,0,0,0,0,0,0,NA,NA,NA,NA
118,GLP1RA main_SGLT2I main_Genitourinary infection,LPD_Italy_20221226,0,7179,15830,0,0,0,0,0,0,0,0,0,0,0,NA,NA,NA,NA
118,GLP1RA main_SGLT2I main_Genitourinary infection,France_LPD_20230118,0,5475,21290,0,0,0,0,0,0,0,0,0,0,0,NA,NA,NA,NA
118,GLP1RA main_SGLT2I main_Genitourinary infection,CUIMC_20221214,0,4366,37640,0,0,0,0,0,0,0,0,0,0,0,NA,NA,NA,NA
118,GLP1RA main_SGLT2I main_Genitourinary infection,LPD_Spain_20220704,0,3795,12030,0,0,0,0,0,0,0,0,0,0,0,NA,NA,NA,NA
118,GLP1RA main_SGLT2I main_Genitourinary infection,US_Hospital_20230130,0,2639,14000,0,0,0,0,0,0,0,0,0,0,0,NA,NA,NA,NA
118,GLP1RA main_SGLT2I main_Genitourinary infection,IQVIA_Belgium_LPD_20221006,0,2208,6490,0,0,0,0,0,0,0,0,0,0,0,NA,NA,NA,NA
118,GLP1RA main_SGLT2I main_Genitourinary infection,Australia_EMR_20230317,0,835,6300,0,0,0,0,0,0,0,0,0,0,0,NA,NA,NA,NA
118,GLP1RA main_SGLT2I main_Genitourinary infection,IQVIA_France_DA_20230201,0,728,3130,0,0,0,0,0,0,0,0,0,0,0,NA,NA,NA,NA
118,GLP1RA main_SGLT2I main_Genitourinary infection,AUSOM_20220228,0,699,3190,0,0,0,0,0,0,0,0,0,0,0,NA,NA,NA,NA
118,GLP1RA main_SGLT2I main_Genitourinary infection,TMUCRD_20210406,0,433,3150,0,0,0,0,0,0,0,0,0,0,0,NA,NA,NA,NA
118,GLP1RA main_SGLT2I main_Genitourinary infection,Japan_HIS_20220120,0,108,2830,0,0,0,0,0,0,0,0,0,0,0,NA,NA,NA,NA
118,GLP1RA main_SGLT2I main_Genitourinary infection,RED_CDM_Tufts_20221005,0,83,1360,0,0,0,0,0,0,0,0,0,0,0,NA,NA,NA,NA
118,GLP1RA main_SGLT2I main_Genitourinary infection,Keck_Upgraded_OMOP_v5_NA,1,15,80,0,0,0,0,0,0,0,0,0,0,0,NA,NA,NA,NA
118,GLP1RA main_SGLT2I main_Genitourinary infection,ktph_sg_NA,1,13,20,0,0,NA,0,0,0,0,0,0,0,0,NA,NA,NA,NA
118,GLP1RA main_SGLT2I main_Genitourinary infection,Klinicki_centar_Crne_Gore_20230101,2,0,0,0,0,0,0,0,0,0,0,0,0,1,NA,NA,NA,NA
118,GLP1RA main_SGLT2I main_Genitourinary infection,cdm_cds,2,0,0,0,0,0,0,0,0,0,0,1,0,0,NA,NA,NA,NA
118,GLP1RA main_SGLT2I main_Genitourinary infection,ccpp_v54_20210101,4,0,0,0,0,0,0,0,0,0,1,1,0,1,NA,NA,NA,NA
118,GLP1RA main_SGLT2I main_Genitourinary infection,premier_2326_20230125,4,0,0,0,0,0,0,0,1,0,1,0,0,1,NA,NA,NA,NA
118,GLP1RA main_SGLT2I main_Genitourinary infection,HKU-THIN,5,0,-12724481,1,0,NA,0,0,0,0,1,0,1,1,NA,NA,NA,NA
118,GLP1RA main_SGLT2I main_Genitourinary infection,omop_20190828,NA,NA,48480,NA,0,NA,0,0,NA,0,NA,0,NA,0,NA,NA,NA,NA
119,GLP1RA main_SU main_Genitourinary infection,US_OPEN_CLAIMS_20230313,0,4114327,19398130,0,0,0,0,0,0,0,0,0,0,0,NA,NA,NA,NA
119,GLP1RA main_SU main_Genitourinary infection,US_PharMetrics_Plus_20230330,0,845464,2252240,0,0,0,0,0,0,0,0,0,0,0,NA,NA,NA,NA
119,GLP1RA main_SU main_Genitourinary infection,truven_ccae_2324_20230201,0,772045,1819310,0,0,0,0,0,0,0,0,0,0,0,NA,NA,NA,NA
119,GLP1RA main_SU main_Genitourinary infection,optum_extended_dod_2323_20230201,0,652061,1434550,0,0,0,0,0,0,0,0,0,0,0,NA,NA,NA,NA
119,GLP1RA main_SU main_Genitourinary infection,optum_extended_ses_2327_20230204,0,652050,1434530,0,0,0,0,0,0,0,0,0,0,0,NA,NA,NA,NA
119,GLP1RA main_SU main_Genitourinary infection,optum_ehr_2247_20221205,0,381202,1326580,0,0,0,0,0,0,0,0,0,0,0,NA,NA,NA,NA
119,GLP1RA main_SU main_Genitourinary infection,truven_mdcr_2322_20230127,0,193421,240010,0,0,0,0,0,0,0,0,0,0,0,NA,NA,NA,NA
119,GLP1RA main_SU main_Genitourinary infection,pmtx_202203_20220831,0,145186,392450,0,0,0,0,0,0,0,0,0,0,0,NA,NA,NA,NA
119,GLP1RA main_SU main_Genitourinary infection,VA-OMOP_20230411,0,74531,502090,0,0,0,0,0,0,0,0,0,0,0,NA,NA,NA,NA
119,GLP1RA main_SU main_Genitourinary infection,truven_mdcd_2359_20230215,0,58097,269180,0,0,0,0,0,0,0,0,0,0,0,NA,NA,NA,NA
119,GLP1RA main_SU main_Genitourinary infection,UK_IMRD_THIN_20221230,0,32984,61890,0,0,0,0,0,0,0,0,0,0,0,NA,NA,NA,NA
119,GLP1RA main_SU main_Genitourinary infection,IQVIA_Germany_DA_20230124,0,25687,126110,0,0,0,0,0,0,0,0,0,0,0,NA,NA,NA,NA
119,GLP1RA main_SU main_Genitourinary infection,France_LPD_20230118,0,17967,69870,0,0,0,0,0,0,0,0,0,0,0,NA,NA,NA,NA
119,GLP1RA main_SU main_Genitourinary infection,jmdc_2325_20230126,0,15225,30460,0,0,0,0,0,0,0,0,0,0,0,NA,NA,NA,NA
119,GLP1RA main_SU main_Genitourinary infection,UK_IMRD_EMIS_20230215,0,12232,28020,0,0,0,0,0,0,0,0,0,0,0,NA,NA,NA,NA
119,GLP1RA main_SU main_Genitourinary infection,JHM_OMOP_20230406,0,11569,31140,0,0,0,0,0,0,0,0,0,0,0,NA,NA,NA,NA
119,GLP1RA main_SU main_Genitourinary infection,Japan_Claims_20230215,0,10987,31930,0,0,0,0,0,0,0,0,0,0,0,NA,NA,NA,NA
119,GLP1RA main_SU main_Genitourinary infection,LPD_Italy_20221226,0,8350,18410,0,0,0,0,0,0,0,0,0,0,0,NA,NA,NA,NA
119,GLP1RA main_SU main_Genitourinary infection,CUIMC_20221214,0,6690,57670,0,0,0,0,0,0,0,0,0,0,0,NA,NA,NA,NA
119,GLP1RA main_SU main_Genitourinary infection,IQVIA_France_DA_20230201,0,5799,24940,0,0,0,0,0,0,0,0,0,0,0,NA,NA,NA,NA
119,GLP1RA main_SU main_Genitourinary infection,LPD_Spain_20220704,0,3795,12030,0,0,0,0,0,0,0,0,0,0,0,NA,NA,NA,NA
119,GLP1RA main_SU main_Genitourinary infection,US_Hospital_20230130,0,2639,14000,0,0,0,0,0,0,0,0,0,0,0,NA,NA,NA,NA
119,GLP1RA main_SU main_Genitourinary infection,IQVIA_Belgium_LPD_20221006,0,1773,5210,0,0,0,0,0,0,0,0,0,0,0,NA,NA,NA,NA
119,GLP1RA main_SU main_Genitourinary infection,AUSOM_20220228,0,699,3190,0,0,0,0,0,0,0,0,0,0,0,NA,NA,NA,NA
119,GLP1RA main_SU main_Genitourinary infection,Australia_EMR_20230317,0,586,4420,0,0,0,0,0,0,0,0,0,0,0,NA,NA,NA,NA
119,GLP1RA main_SU main_Genitourinary infection,TMUCRD_20210406,0,433,3150,0,0,0,0,0,0,0,0,0,0,0,NA,NA,NA,NA
119,GLP1RA main_SU main_Genitourinary infection,RED_CDM_Tufts_20221005,0,132,2180,0,0,0,0,0,0,0,0,0,0,0,NA,NA,NA,NA
119,GLP1RA main_SU main_Genitourinary infection,Japan_HIS_20220120,0,108,2830,0,0,0,0,0,0,0,0,0,0,0,NA,NA,NA,NA
119,GLP1RA main_SU main_Genitourinary infection,Keck_Upgraded_OMOP_v5_NA,1,15,80,0,0,0,0,0,0,0,0,0,0,0,NA,NA,NA,NA
119,GLP1RA main_SU main_Genitourinary infection,ktph_sg_NA,1,13,20,0,0,NA,0,0,0,0,0,0,0,0,NA,NA,NA,NA
119,GLP1RA main_SU main_Genitourinary infection,cdm_cds,2,0,0,0,0,0,0,0,0,0,0,1,0,0,NA,NA,NA,NA
119,GLP1RA main_SU main_Genitourinary infection,Klinicki_centar_Crne_Gore_20230101,3,0,0,0,0,0,0,0,0,0,1,0,0,1,NA,NA,NA,NA
119,GLP1RA main_SU main_Genitourinary infection,premier_2326_20230125,3,0,0,0,0,0,0,0,1,0,0,0,0,1,NA,NA,NA,NA
119,GLP1RA main_SU main_Genitourinary infection,ccpp_v54_20210101,4,0,0,0,0,0,0,0,0,0,1,1,0,1,NA,NA,NA,NA
119,GLP1RA main_SU main_Genitourinary infection,HKU-THIN,5,0,-12724481,1,0,NA,0,0,0,0,1,0,1,1,NA,NA,NA,NA
119,GLP1RA main_SU main_Genitourinary infection,omop_20190828,NA,NA,48480,NA,0,NA,0,0,NA,0,NA,0,NA,0,NA,NA,NA,NA
120,SGLT2I main_SU main_Genitourinary infection,US_OPEN_CLAIMS_20230313,0,2797753,13190780,0,0,0,0,0,0,0,0,0,0,0,NA,NA,NA,NA
120,SGLT2I main_SU main_Genitourinary infection,US_PharMetrics_Plus_20230330,0,603199,1606870,0,0,0,0,0,0,0,0,0,0,0,NA,NA,NA,NA
120,SGLT2I main_SU main_Genitourinary infection,optum_extended_ses_2327_20230204,0,433598,953930,0,0,0,0,0,0,0,0,0,0,0,NA,NA,NA,NA
120,SGLT2I main_SU main_Genitourinary infection,optum_extended_dod_2323_20230201,0,433595,953920,0,0,0,0,0,0,0,0,0,0,0,NA,NA,NA,NA
120,SGLT2I main_SU main_Genitourinary infection,truven_ccae_2324_20230201,0,397219,936040,0,0,0,0,0,0,0,0,0,0,0,NA,NA,NA,NA
120,SGLT2I main_SU main_Genitourinary infection,optum_ehr_2247_20221205,0,262584,913790,0,0,0,0,0,0,0,0,0,0,0,NA,NA,NA,NA
120,SGLT2I main_SU main_Genitourinary infection,truven_mdcr_2322_20230127,0,120964,150100,0,0,0,0,0,0,0,0,0,0,0,NA,NA,NA,NA
120,SGLT2I main_SU main_Genitourinary infection,pmtx_202203_20220831,0,108591,293530,0,0,0,0,0,0,0,0,0,0,0,NA,NA,NA,NA
120,SGLT2I main_SU main_Genitourinary infection,jmdc_2325_20230126,0,93462,186980,0,0,0,0,0,0,0,0,0,0,0,NA,NA,NA,NA
120,SGLT2I main_SU main_Genitourinary infection,VA-OMOP_20230411,0,77503,522110,0,0,0,0,0,0,0,0,0,0,0,NA,NA,NA,NA
120,SGLT2I main_SU main_Genitourinary infection,Japan_Claims_20230215,0,44250,128600,0,0,0,0,0,0,0,0,0,0,0,NA,NA,NA,NA
120,SGLT2I main_SU main_Genitourinary infection,UK_IMRD_THIN_20221230,0,40675,76320,0,0,0,0,0,0,0,0,0,0,0,NA,NA,NA,NA
120,SGLT2I main_SU main_Genitourinary infection,truven_mdcd_2359_20230215,0,36976,171320,0,0,0,0,0,0,0,0,0,0,0,NA,NA,NA,NA
120,SGLT2I main_SU main_Genitourinary infection,IQVIA_Germany_DA_20230124,0,34376,168770,0,0,0,0,0,0,0,0,0,0,0,NA,NA,NA,NA
120,SGLT2I main_SU main_Genitourinary infection,UK_IMRD_EMIS_20230215,0,12232,28020,0,0,0,0,0,0,0,0,0,0,0,NA,NA,NA,NA
120,SGLT2I main_SU main_Genitourinary infection,JHM_OMOP_20230406,0,7898,21260,0,0,0,0,0,0,0,0,0,0,0,NA,NA,NA,NA
120,SGLT2I main_SU main_Genitourinary infection,LPD_Italy_20221226,0,7179,15830,0,0,0,0,0,0,0,0,0,0,0,NA,NA,NA,NA
120,SGLT2I main_SU main_Genitourinary infection,LPD_Spain_20220704,0,6161,19530,0,0,0,0,0,0,0,0,0,0,0,NA,NA,NA,NA
120,SGLT2I main_SU main_Genitourinary infection,US_Hospital_20230130,0,5983,31740,0,0,0,0,0,0,0,0,0,0,0,NA,NA,NA,NA
120,SGLT2I main_SU main_Genitourinary infection,France_LPD_20230118,0,5475,21290,0,0,0,0,0,0,0,0,0,0,0,NA,NA,NA,NA
120,SGLT2I main_SU main_Genitourinary infection,CUIMC_20221214,0,4366,37640,0,0,0,0,0,0,0,0,0,0,0,NA,NA,NA,NA
120,SGLT2I main_SU main_Genitourinary infection,IQVIA_Belgium_LPD_20221006,0,1773,5210,0,0,0,0,0,0,0,0,0,0,0,NA,NA,NA,NA
120,SGLT2I main_SU main_Genitourinary infection,AUSOM_20220228,0,1500,6850,0,0,0,0,0,0,0,0,0,0,0,NA,NA,NA,NA
120,SGLT2I main_SU main_Genitourinary infection,TMUCRD_20210406,0,1475,10740,0,0,0,0,0,0,0,0,0,0,0,NA,NA,NA,NA
120,SGLT2I main_SU main_Genitourinary infection,IQVIA_France_DA_20230201,0,728,3130,0,0,0,0,0,0,0,0,0,0,0,NA,NA,NA,NA
120,SGLT2I main_SU main_Genitourinary infection,Australia_EMR_20230317,0,586,4420,0,0,0,0,0,0,0,0,0,0,0,NA,NA,NA,NA
120,SGLT2I main_SU main_Genitourinary infection,Japan_HIS_20220120,0,281,7370,0,0,0,0,0,0,0,0,0,0,0,NA,NA,NA,NA
120,SGLT2I main_SU main_Genitourinary infection,RED_CDM_Tufts_20221005,0,83,1360,0,0,0,0,0,0,0,0,0,0,0,NA,NA,NA,NA
120,SGLT2I main_SU main_Genitourinary infection,ktph_sg_NA,1,93,140,0,0,NA,0,0,0,0,0,0,0,0,NA,NA,NA,NA
120,SGLT2I main_SU main_Genitourinary infection,Keck_Upgraded_OMOP_v5_NA,1,69,370,0,0,0,0,0,0,0,0,0,0,0,NA,NA,NA,NA
120,SGLT2I main_SU main_Genitourinary infection,Klinicki_centar_Crne_Gore_20230101,2,0,0,0,0,0,0,0,0,0,1,0,0,0,NA,NA,NA,NA
120,SGLT2I main_SU main_Genitourinary infection,cdm_cds,2,0,0,0,0,0,0,0,0,0,0,1,0,0,NA,NA,NA,NA
120,SGLT2I main_SU main_Genitourinary infection,premier_2326_20230125,3,0,0,0,0,0,0,0,1,0,0,0,0,1,NA,NA,NA,NA
120,SGLT2I main_SU main_Genitourinary infection,ccpp_v54_20210101,4,0,0,0,0,0,0,0,0,0,1,1,0,1,NA,NA,NA,NA
120,SGLT2I main_SU main_Genitourinary infection,HKU-THIN,5,0,-12724481,1,0,NA,0,0,0,0,1,0,1,1,NA,NA,NA,NA
120,SGLT2I main_SU main_Genitourinary infection,omop_20190828,NA,NA,900220,NA,0,NA,0,0,NA,0,NA,0,NA,NA,NA,NA,NA,NA
121,DPP4I main_GLP1RA main_Hyperkalemia,truven_ccae_2324_20230201,0,480180,1477240,0,0,0,0,0,0,0,0,0,0,0,0,NA,NA,NA
121,DPP4I main_GLP1RA main_Hyperkalemia,optum_extended_ses_2327_20230204,0,186508,1319840,0,0,0,0,0,0,0,0,0,0,0,0,NA,NA,NA
121,DPP4I main_GLP1RA main_Hyperkalemia,optum_extended_dod_2323_20230201,0,185988,1319840,0,0,0,0,0,0,0,0,0,0,0,0,NA,NA,NA
121,DPP4I main_GLP1RA main_Hyperkalemia,truven_mdcr_2322_20230127,0,133262,240010,0,0,0,0,0,0,0,0,0,0,0,0,NA,NA,NA
121,DPP4I main_GLP1RA main_Hyperkalemia,pmtx_202203_20220831,0,112872,307900,0,0,0,0,0,0,0,0,0,0,0,0,NA,NA,NA
121,DPP4I main_GLP1RA main_Hyperkalemia,truven_mdcd_2359_20230215,0,53598,249690,0,0,0,0,0,0,0,0,0,0,0,0,NA,NA,NA
121,DPP4I main_GLP1RA main_Hyperkalemia,optum_ehr_2247_20221205,0,34059,1326580,0,0,0,0,0,0,0,0,0,0,0,0,NA,NA,NA
121,DPP4I main_GLP1RA main_Hyperkalemia,VA-OMOP_20230411,0,15364,502090,0,0,0,0,0,0,0,0,0,0,0,0,NA,NA,NA
121,DPP4I main_GLP1RA main_Hyperkalemia,jmdc_2325_20230126,0,10504,30460,0,0,0,0,0,0,0,0,0,0,0,0,NA,NA,NA
121,DPP4I main_GLP1RA main_Hyperkalemia,CUIMC_20221214,0,418,57670,0,0,0,0,0,0,0,0,0,0,0,0,NA,NA,NA
121,DPP4I main_GLP1RA main_Hyperkalemia,AUSOM_20220228,0,283,3190,0,0,0,0,0,0,0,0,0,0,0,0,NA,NA,NA
121,DPP4I main_GLP1RA main_Hyperkalemia,JHM_OMOP_20230406,0,252,19650,0,0,0,0,0,0,0,0,0,0,0,0,NA,NA,NA
121,DPP4I main_GLP1RA main_Hyperkalemia,RED_CDM_Tufts_20221005,0,6,1860,0,0,0,0,0,0,0,0,0,0,0,0,NA,NA,NA
121,DPP4I main_GLP1RA main_Hyperkalemia,TMUCRD_20210406,0,NA,3150,0,0,0,0,0,0,0,0,0,0,0,0,NA,NA,NA
121,DPP4I main_GLP1RA main_Hyperkalemia,Keck_Upgraded_OMOP_v5_NA,1,0,80,0,0,0,0,0,0,0,0,0,0,0,0,NA,NA,NA
121,DPP4I main_GLP1RA main_Hyperkalemia,LPD_Italy_20221226,2,0,0,0,0,0,0,0,0,0,0,0,0,0,1,NA,NA,NA
121,DPP4I main_GLP1RA main_Hyperkalemia,Japan_Claims_20230215,2,0,0,0,0,0,0,0,0,0,0,0,0,0,1,NA,NA,NA
121,DPP4I main_GLP1RA main_Hyperkalemia,Australia_EMR_20230317,2,0,0,0,0,0,0,0,0,0,0,0,0,0,1,NA,NA,NA
121,DPP4I main_GLP1RA main_Hyperkalemia,US_OPEN_CLAIMS_20230313,2,0,0,0,0,0,0,0,0,0,0,0,0,0,1,NA,NA,NA
121,DPP4I main_GLP1RA main_Hyperkalemia,Klinicki_centar_Crne_Gore_20230101,2,0,0,0,0,0,0,0,0,0,1,0,0,0,0,NA,NA,NA
121,DPP4I main_GLP1RA main_Hyperkalemia,IQVIA_Germany_DA_20230124,2,0,0,0,0,0,0,0,0,0,0,0,0,0,1,NA,NA,NA
121,DPP4I main_GLP1RA main_Hyperkalemia,ktph_sg_NA,2,0,0,0,0,NA,0,0,0,0,0,0,0,0,1,NA,NA,NA
121,DPP4I main_GLP1RA main_Hyperkalemia,Japan_HIS_20220120,2,0,0,0,0,0,0,0,0,0,0,0,0,0,1,NA,NA,NA
121,DPP4I main_GLP1RA main_Hyperkalemia,US_PharMetrics_Plus_20230330,2,0,0,0,0,0,0,0,0,0,0,0,0,0,1,NA,NA,NA
121,DPP4I main_GLP1RA main_Hyperkalemia,LPD_Spain_20220704,2,0,0,0,0,0,0,0,0,0,0,0,0,0,1,NA,NA,NA
121,DPP4I main_GLP1RA main_Hyperkalemia,France_LPD_20230118,2,0,0,0,0,0,0,0,0,0,0,0,0,0,1,NA,NA,NA
121,DPP4I main_GLP1RA main_Hyperkalemia,IQVIA_France_DA_20230201,2,0,0,0,0,0,0,0,0,0,0,0,0,0,1,NA,NA,NA
121,DPP4I main_GLP1RA main_Hyperkalemia,UK_IMRD_THIN_20221230,2,0,0,0,0,0,0,0,0,0,0,0,0,0,1,NA,NA,NA
121,DPP4I main_GLP1RA main_Hyperkalemia,UK_IMRD_EMIS_20230215,2,0,0,0,0,0,0,0,0,0,0,0,0,0,1,NA,NA,NA
121,DPP4I main_GLP1RA main_Hyperkalemia,US_Hospital_20230130,2,0,0,0,0,0,0,0,0,0,0,0,0,0,1,NA,NA,NA
121,DPP4I main_GLP1RA main_Hyperkalemia,IQVIA_Belgium_LPD_20221006,2,0,0,0,0,0,0,0,0,0,0,0,0,0,1,NA,NA,NA
121,DPP4I main_GLP1RA main_Hyperkalemia,premier_2326_20230125,3,0,0,0,0,0,0,0,1,0,1,0,0,0,0,NA,NA,NA
121,DPP4I main_GLP1RA main_Hyperkalemia,cdm_cds,3,0,0,0,0,0,0,0,0,0,0,1,0,0,1,NA,NA,NA
121,DPP4I main_GLP1RA main_Hyperkalemia,ccpp_v54_20210101,5,0,0,0,0,0,0,0,0,0,1,1,1,1,0,NA,NA,NA
121,DPP4I main_GLP1RA main_Hyperkalemia,HKU-THIN,6,0,-12724481,1,0,NA,0,0,0,0,1,0,1,1,1,NA,NA,NA
121,DPP4I main_GLP1RA main_Hyperkalemia,omop_20190828,NA,NA,48480,NA,0,NA,0,0,NA,0,0,0,NA,NA,NA,NA,NA,NA
122,DPP4I main_SGLT2I main_Hyperkalemia,truven_ccae_2324_20230201,0,304262,936040,0,0,0,0,0,0,0,0,0,0,0,0,NA,NA,NA
122,DPP4I main_SGLT2I main_Hyperkalemia,optum_extended_ses_2327_20230204,0,134801,953930,0,0,0,0,0,0,0,0,0,0,0,0,NA,NA,NA
122,DPP4I main_SGLT2I main_Hyperkalemia,optum_extended_dod_2323_20230201,0,134424,953920,0,0,0,0,0,0,0,0,0,0,0,0,NA,NA,NA
122,DPP4I main_SGLT2I main_Hyperkalemia,pmtx_202203_20220831,0,107605,293530,0,0,0,0,0,0,0,0,0,0,0,0,NA,NA,NA
122,DPP4I main_SGLT2I main_Hyperkalemia,truven_mdcr_2322_20230127,0,83341,150100,0,0,0,0,0,0,0,0,0,0,0,0,NA,NA,NA
122,DPP4I main_SGLT2I main_Hyperkalemia,jmdc_2325_20230126,0,67444,195580,0,0,0,0,0,0,0,0,0,0,0,0,NA,NA,NA
122,DPP4I main_SGLT2I main_Hyperkalemia,truven_mdcd_2359_20230215,0,36775,171320,0,0,0,0,0,0,0,0,0,0,0,0,NA,NA,NA
122,DPP4I main_SGLT2I main_Hyperkalemia,optum_ehr_2247_20221205,0,23461,913790,0,0,0,0,0,0,0,0,0,0,0,0,NA,NA,NA
122,DPP4I main_SGLT2I main_Hyperkalemia,VA-OMOP_20230411,0,15977,522110,0,0,0,0,0,0,0,0,0,0,0,0,NA,NA,NA
122,DPP4I main_SGLT2I main_Hyperkalemia,AUSOM_20220228,0,608,6850,0,0,0,0,0,0,0,0,0,0,0,0,NA,NA,NA
122,DPP4I main_SGLT2I main_Hyperkalemia,CUIMC_20221214,0,273,37640,0,0,0,0,0,0,0,0,0,0,0,0,NA,NA,NA
122,DPP4I main_SGLT2I main_Hyperkalemia,JHM_OMOP_20230406,0,252,19650,0,0,0,0,0,0,0,0,0,0,0,0,NA,NA,NA
122,DPP4I main_SGLT2I main_Hyperkalemia,RED_CDM_Tufts_20221005,0,5,1360,0,0,0,0,0,0,0,0,0,0,0,0,NA,NA,NA
122,DPP4I main_SGLT2I main_Hyperkalemia,TMUCRD_20210406,0,NA,10740,0,0,0,0,0,0,0,0,0,0,0,0,NA,NA,NA
122,DPP4I main_SGLT2I main_Hyperkalemia,Klinicki_centar_Crne_Gore_20230101,1,1,50,0,0,0,0,0,0,0,0,0,0,0,0,NA,NA,NA
122,DPP4I main_SGLT2I main_Hyperkalemia,Keck_Upgraded_OMOP_v5_NA,1,0,370,0,0,0,0,0,0,0,0,0,0,0,0,NA,NA,NA
122,DPP4I main_SGLT2I main_Hyperkalemia,LPD_Italy_20221226,2,0,0,0,0,0,0,0,0,0,0,0,0,0,1,NA,NA,NA
122,DPP4I main_SGLT2I main_Hyperkalemia,Japan_Claims_20230215,2,0,0,0,0,0,0,0,0,0,0,0,0,0,1,NA,NA,NA
122,DPP4I main_SGLT2I main_Hyperkalemia,Australia_EMR_20230317,2,0,0,0,0,0,0,0,0,0,0,0,0,0,1,NA,NA,NA
122,DPP4I main_SGLT2I main_Hyperkalemia,US_OPEN_CLAIMS_20230313,2,0,0,0,0,0,0,0,0,0,0,0,0,0,1,NA,NA,NA
122,DPP4I main_SGLT2I main_Hyperkalemia,IQVIA_Germany_DA_20230124,2,0,0,0,0,0,0,0,0,0,0,0,0,0,1,NA,NA,NA
122,DPP4I main_SGLT2I main_Hyperkalemia,ktph_sg_NA,2,0,0,0,0,NA,0,0,0,0,0,0,0,0,1,NA,NA,NA
122,DPP4I main_SGLT2I main_Hyperkalemia,Japan_HIS_20220120,2,0,0,0,0,0,0,0,0,0,0,0,0,0,1,NA,NA,NA
122,DPP4I main_SGLT2I main_Hyperkalemia,US_PharMetrics_Plus_20230330,2,0,0,0,0,0,0,0,0,0,0,0,0,0,1,NA,NA,NA
122,DPP4I main_SGLT2I main_Hyperkalemia,LPD_Spain_20220704,2,0,0,0,0,0,0,0,0,0,0,0,0,0,1,NA,NA,NA
122,DPP4I main_SGLT2I main_Hyperkalemia,France_LPD_20230118,2,0,0,0,0,0,0,0,0,0,0,0,0,0,1,NA,NA,NA
122,DPP4I main_SGLT2I main_Hyperkalemia,IQVIA_France_DA_20230201,2,0,0,0,0,0,0,0,0,0,0,0,0,0,1,NA,NA,NA
122,DPP4I main_SGLT2I main_Hyperkalemia,UK_IMRD_THIN_20221230,2,0,0,0,0,0,0,0,0,0,0,0,0,0,1,NA,NA,NA
122,DPP4I main_SGLT2I main_Hyperkalemia,UK_IMRD_EMIS_20230215,2,0,0,0,0,0,0,0,0,0,0,0,0,0,1,NA,NA,NA
122,DPP4I main_SGLT2I main_Hyperkalemia,US_Hospital_20230130,2,0,0,0,0,0,0,0,0,0,0,0,0,0,1,NA,NA,NA
122,DPP4I main_SGLT2I main_Hyperkalemia,IQVIA_Belgium_LPD_20221006,2,0,0,0,0,0,0,0,0,0,0,0,0,0,1,NA,NA,NA
122,DPP4I main_SGLT2I main_Hyperkalemia,premier_2326_20230125,3,0,0,0,0,0,0,0,1,0,1,0,0,0,0,NA,NA,NA
122,DPP4I main_SGLT2I main_Hyperkalemia,cdm_cds,3,0,0,0,0,0,0,0,0,0,0,1,0,0,1,NA,NA,NA
122,DPP4I main_SGLT2I main_Hyperkalemia,ccpp_v54_20210101,5,0,0,0,0,0,0,0,0,0,1,1,1,1,0,NA,NA,NA
122,DPP4I main_SGLT2I main_Hyperkalemia,HKU-THIN,6,0,-12724481,1,0,NA,0,0,0,0,1,0,1,1,1,NA,NA,NA
122,DPP4I main_SGLT2I main_Hyperkalemia,omop_20190828,NA,NA,900220,NA,0,NA,0,0,NA,0,NA,0,NA,NA,NA,NA,NA,NA
123,DPP4I main_SU main_Hyperkalemia,truven_ccae_2324_20230201,0,480180,1477240,0,0,0,0,0,0,0,0,0,0,0,0,NA,NA,NA
123,DPP4I main_SU main_Hyperkalemia,truven_mdcr_2322_20230127,0,267485,481750,0,0,0,0,0,0,0,0,0,0,0,0,NA,NA,NA
123,DPP4I main_SU main_Hyperkalemia,optum_extended_ses_2327_20230204,0,186508,1319840,0,0,0,0,0,0,0,0,0,0,0,0,NA,NA,NA
123,DPP4I main_SU main_Hyperkalemia,optum_extended_dod_2323_20230201,0,185988,1319840,0,0,0,0,0,0,0,0,0,0,0,0,NA,NA,NA
123,DPP4I main_SU main_Hyperkalemia,pmtx_202203_20220831,0,112872,307900,0,0,0,0,0,0,0,0,0,0,0,0,NA,NA,NA
123,DPP4I main_SU main_Hyperkalemia,jmdc_2325_20230126,0,64478,186980,0,0,0,0,0,0,0,0,0,0,0,0,NA,NA,NA
123,DPP4I main_SU main_Hyperkalemia,truven_mdcd_2359_20230215,0,53598,249690,0,0,0,0,0,0,0,0,0,0,0,0,NA,NA,NA
123,DPP4I main_SU main_Hyperkalemia,optum_ehr_2247_20221205,0,40202,1565820,0,0,0,0,0,0,0,0,0,0,0,0,NA,NA,NA
123,DPP4I main_SU main_Hyperkalemia,VA-OMOP_20230411,0,16137,527360,0,0,0,0,0,0,0,0,0,0,0,0,NA,NA,NA
123,DPP4I main_SU main_Hyperkalemia,AUSOM_20220228,0,3087,34770,0,0,0,0,0,0,0,0,0,0,0,0,NA,NA,NA
123,DPP4I main_SU main_Hyperkalemia,CUIMC_20221214,0,442,60920,0,0,0,0,0,0,0,0,0,0,0,0,NA,NA,NA
123,DPP4I main_SU main_Hyperkalemia,JHM_OMOP_20230406,0,252,19650,0,0,0,0,0,0,0,0,0,0,0,0,NA,NA,NA
123,DPP4I main_SU main_Hyperkalemia,RED_CDM_Tufts_20221005,0,6,1860,0,0,0,0,0,0,0,0,0,0,0,0,NA,NA,NA
123,DPP4I main_SU main_Hyperkalemia,TMUCRD_20210406,0,NA,52740,0,0,0,0,0,0,0,0,0,0,0,0,NA,NA,NA
123,DPP4I main_SU main_Hyperkalemia,premier_2326_20230125,1,4438,914680,0,0,0,0,0,1,0,0,0,0,0,0,NA,NA,NA
123,DPP4I main_SU main_Hyperkalemia,Keck_Upgraded_OMOP_v5_NA,1,1,393.71,0,0,0,0,0,0,0,0,0,0,0,0,NA,NA,NA
123,DPP4I main_SU main_Hyperkalemia,LPD_Italy_20221226,2,0,0,0,0,0,0,0,0,0,0,0,0,0,1,NA,NA,NA
123,DPP4I main_SU main_Hyperkalemia,Japan_Claims_20230215,2,0,0,0,0,0,0,0,0,0,0,0,0,0,1,NA,NA,NA
123,DPP4I main_SU main_Hyperkalemia,Australia_EMR_20230317,2,0,0,0,0,0,0,0,0,0,0,0,0,0,1,NA,NA,NA
123,DPP4I main_SU main_Hyperkalemia,US_OPEN_CLAIMS_20230313,2,0,0,0,0,0,0,0,0,0,0,0,0,0,1,NA,NA,NA
123,DPP4I main_SU main_Hyperkalemia,Klinicki_centar_Crne_Gore_20230101,2,0,0,0,0,0,0,0,0,0,1,0,0,0,0,NA,NA,NA
123,DPP4I main_SU main_Hyperkalemia,IQVIA_Germany_DA_20230124,2,0,0,0,0,0,0,0,0,0,0,0,0,0,1,NA,NA,NA
123,DPP4I main_SU main_Hyperkalemia,ktph_sg_NA,2,0,0,0,0,NA,0,0,0,0,0,0,0,0,1,NA,NA,NA
123,DPP4I main_SU main_Hyperkalemia,Japan_HIS_20220120,2,0,0,0,0,0,0,0,0,0,0,0,0,0,1,NA,NA,NA
123,DPP4I main_SU main_Hyperkalemia,US_PharMetrics_Plus_20230330,2,0,0,0,0,0,0,0,0,0,0,0,0,0,1,NA,NA,NA
123,DPP4I main_SU main_Hyperkalemia,LPD_Spain_20220704,2,0,0,0,0,0,0,0,0,0,0,0,0,0,1,NA,NA,NA
123,DPP4I main_SU main_Hyperkalemia,France_LPD_20230118,2,0,0,0,0,0,0,0,0,0,0,0,0,0,1,NA,NA,NA
123,DPP4I main_SU main_Hyperkalemia,IQVIA_France_DA_20230201,2,0,0,0,0,0,0,0,0,0,0,0,0,0,1,NA,NA,NA
123,DPP4I main_SU main_Hyperkalemia,UK_IMRD_THIN_20221230,2,0,0,0,0,0,0,0,0,0,0,0,0,0,1,NA,NA,NA
123,DPP4I main_SU main_Hyperkalemia,UK_IMRD_EMIS_20230215,2,0,0,0,0,0,0,0,0,0,0,0,0,0,1,NA,NA,NA
123,DPP4I main_SU main_Hyperkalemia,US_Hospital_20230130,2,0,0,0,0,0,0,0,0,0,0,0,0,0,1,NA,NA,NA
123,DPP4I main_SU main_Hyperkalemia,IQVIA_Belgium_LPD_20221006,2,0,0,0,0,0,0,0,0,0,0,0,0,0,1,NA,NA,NA
123,DPP4I main_SU main_Hyperkalemia,cdm_cds,3,0,0,0,0,0,0,0,0,0,0,1,0,0,1,NA,NA,NA
123,DPP4I main_SU main_Hyperkalemia,ccpp_v54_20210101,5,0,0,0,0,0,0,0,0,0,1,1,1,1,0,NA,NA,NA
123,DPP4I main_SU main_Hyperkalemia,HKU-THIN,6,0,-12724481,1,0,NA,0,0,0,0,1,0,1,1,1,NA,NA,NA
123,DPP4I main_SU main_Hyperkalemia,omop_20190828,NA,NA,900220,NA,0,NA,0,0,NA,0,NA,0,NA,NA,NA,NA,NA,NA
124,GLP1RA main_SGLT2I main_Hyperkalemia,truven_ccae_2324_20230201,0,304262,936040,0,0,0,0,0,0,0,0,0,0,0,0,NA,NA,NA
124,GLP1RA main_SGLT2I main_Hyperkalemia,optum_extended_ses_2327_20230204,0,134801,953930,0,0,0,0,0,0,0,0,0,0,0,0,NA,NA,NA
124,GLP1RA main_SGLT2I main_Hyperkalemia,optum_extended_dod_2323_20230201,0,134424,953920,0,0,0,0,0,0,0,0,0,0,0,0,NA,NA,NA
124,GLP1RA main_SGLT2I main_Hyperkalemia,pmtx_202203_20220831,0,107605,293530,0,0,0,0,0,0,0,0,0,0,0,0,NA,NA,NA
124,GLP1RA main_SGLT2I main_Hyperkalemia,truven_mdcr_2322_20230127,0,83341,150100,0,0,0,0,0,0,0,0,0,0,0,0,NA,NA,NA
124,GLP1RA main_SGLT2I main_Hyperkalemia,truven_mdcd_2359_20230215,0,36775,171320,0,0,0,0,0,0,0,0,0,0,0,0,NA,NA,NA
124,GLP1RA main_SGLT2I main_Hyperkalemia,optum_ehr_2247_20221205,0,23461,913790,0,0,0,0,0,0,0,0,0,0,0,0,NA,NA,NA
124,GLP1RA main_SGLT2I main_Hyperkalemia,VA-OMOP_20230411,0,15364,502090,0,0,0,0,0,0,0,0,0,0,0,0,NA,NA,NA
124,GLP1RA main_SGLT2I main_Hyperkalemia,jmdc_2325_20230126,0,10504,30460,0,0,0,0,0,0,0,0,0,0,0,0,NA,NA,NA
124,GLP1RA main_SGLT2I main_Hyperkalemia,AUSOM_20220228,0,283,3190,0,0,0,0,0,0,0,0,0,0,0,0,NA,NA,NA
124,GLP1RA main_SGLT2I main_Hyperkalemia,CUIMC_20221214,0,273,37640,0,0,0,0,0,0,0,0,0,0,0,0,NA,NA,NA
124,GLP1RA main_SGLT2I main_Hyperkalemia,JHM_OMOP_20230406,0,273,21260,0,0,0,0,0,0,0,0,0,0,0,0,NA,NA,NA
124,GLP1RA main_SGLT2I main_Hyperkalemia,RED_CDM_Tufts_20221005,0,5,1360,0,0,0,0,0,0,0,0,0,0,0,0,NA,NA,NA
124,GLP1RA main_SGLT2I main_Hyperkalemia,TMUCRD_20210406,0,NA,3150,0,0,0,0,0,0,0,0,0,0,0,0,NA,NA,NA
124,GLP1RA main_SGLT2I main_Hyperkalemia,Keck_Upgraded_OMOP_v5_NA,1,0,80,0,0,0,0,0,0,0,0,0,0,0,0,NA,NA,NA
124,GLP1RA main_SGLT2I main_Hyperkalemia,LPD_Italy_20221226,2,0,0,0,0,0,0,0,0,0,0,0,0,0,1,NA,NA,NA
124,GLP1RA main_SGLT2I main_Hyperkalemia,Japan_Claims_20230215,2,0,0,0,0,0,0,0,0,0,0,0,0,0,1,NA,NA,NA
124,GLP1RA main_SGLT2I main_Hyperkalemia,Australia_EMR_20230317,2,0,0,0,0,0,0,0,0,0,0,0,0,0,1,NA,NA,NA
124,GLP1RA main_SGLT2I main_Hyperkalemia,US_OPEN_CLAIMS_20230313,2,0,0,0,0,0,0,0,0,0,0,0,0,0,1,NA,NA,NA
124,GLP1RA main_SGLT2I main_Hyperkalemia,Klinicki_centar_Crne_Gore_20230101,2,0,0,0,0,0,0,0,0,0,0,0,0,1,0,NA,NA,NA
124,GLP1RA main_SGLT2I main_Hyperkalemia,IQVIA_Germany_DA_20230124,2,0,0,0,0,0,0,0,0,0,0,0,0,0,1,NA,NA,NA
124,GLP1RA main_SGLT2I main_Hyperkalemia,ktph_sg_NA,2,0,0,0,0,NA,0,0,0,0,0,0,0,0,1,NA,NA,NA
124,GLP1RA main_SGLT2I main_Hyperkalemia,Japan_HIS_20220120,2,0,0,0,0,0,0,0,0,0,0,0,0,0,1,NA,NA,NA
124,GLP1RA main_SGLT2I main_Hyperkalemia,US_PharMetrics_Plus_20230330,2,0,0,0,0,0,0,0,0,0,0,0,0,0,1,NA,NA,NA
124,GLP1RA main_SGLT2I main_Hyperkalemia,LPD_Spain_20220704,2,0,0,0,0,0,0,0,0,0,0,0,0,0,1,NA,NA,NA
124,GLP1RA main_SGLT2I main_Hyperkalemia,France_LPD_20230118,2,0,0,0,0,0,0,0,0,0,0,0,0,0,1,NA,NA,NA
124,GLP1RA main_SGLT2I main_Hyperkalemia,IQVIA_France_DA_20230201,2,0,0,0,0,0,0,0,0,0,0,0,0,0,1,NA,NA,NA
124,GLP1RA main_SGLT2I main_Hyperkalemia,UK_IMRD_THIN_20221230,2,0,0,0,0,0,0,0,0,0,0,0,0,0,1,NA,NA,NA
124,GLP1RA main_SGLT2I main_Hyperkalemia,UK_IMRD_EMIS_20230215,2,0,0,0,0,0,0,0,0,0,0,0,0,0,1,NA,NA,NA
124,GLP1RA main_SGLT2I main_Hyperkalemia,US_Hospital_20230130,2,0,0,0,0,0,0,0,0,0,0,0,0,0,1,NA,NA,NA
124,GLP1RA main_SGLT2I main_Hyperkalemia,IQVIA_Belgium_LPD_20221006,2,0,0,0,0,0,0,0,0,0,0,0,0,0,1,NA,NA,NA
124,GLP1RA main_SGLT2I main_Hyperkalemia,cdm_cds,3,0,0,0,0,0,0,0,0,0,0,1,0,0,1,NA,NA,NA
124,GLP1RA main_SGLT2I main_Hyperkalemia,premier_2326_20230125,4,0,0,0,0,0,0,0,1,0,1,0,0,1,0,NA,NA,NA
124,GLP1RA main_SGLT2I main_Hyperkalemia,ccpp_v54_20210101,5,0,0,0,0,0,0,0,0,0,1,1,1,1,0,NA,NA,NA
124,GLP1RA main_SGLT2I main_Hyperkalemia,HKU-THIN,6,0,-12724481,1,0,NA,0,0,0,0,1,0,1,1,1,NA,NA,NA
124,GLP1RA main_SGLT2I main_Hyperkalemia,omop_20190828,NA,NA,48480,NA,0,NA,0,0,NA,0,NA,0,NA,0,NA,NA,NA,NA
125,GLP1RA main_SU main_Hyperkalemia,truven_ccae_2324_20230201,0,591371,1819310,0,0,0,0,0,0,0,0,0,0,0,0,NA,NA,NA
125,GLP1RA main_SU main_Hyperkalemia,optum_extended_ses_2327_20230204,0,202715,1434530,0,0,0,0,0,0,0,0,0,0,0,0,NA,NA,NA
125,GLP1RA main_SU main_Hyperkalemia,optum_extended_dod_2323_20230201,0,202153,1434550,0,0,0,0,0,0,0,0,0,0,0,0,NA,NA,NA
125,GLP1RA main_SU main_Hyperkalemia,pmtx_202203_20220831,0,143868,392450,0,0,0,0,0,0,0,0,0,0,0,0,NA,NA,NA
125,GLP1RA main_SU main_Hyperkalemia,truven_mdcr_2322_20230127,0,133262,240010,0,0,0,0,0,0,0,0,0,0,0,0,NA,NA,NA
125,GLP1RA main_SU main_Hyperkalemia,truven_mdcd_2359_20230215,0,57782,269180,0,0,0,0,0,0,0,0,0,0,0,0,NA,NA,NA
125,GLP1RA main_SU main_Hyperkalemia,optum_ehr_2247_20221205,0,34059,1326580,0,0,0,0,0,0,0,0,0,0,0,0,NA,NA,NA
125,GLP1RA main_SU main_Hyperkalemia,VA-OMOP_20230411,0,15364,502090,0,0,0,0,0,0,0,0,0,0,0,0,NA,NA,NA
125,GLP1RA main_SU main_Hyperkalemia,jmdc_2325_20230126,0,10504,30460,0,0,0,0,0,0,0,0,0,0,0,0,NA,NA,NA
125,GLP1RA main_SU main_Hyperkalemia,CUIMC_20221214,0,418,57670,0,0,0,0,0,0,0,0,0,0,0,0,NA,NA,NA
125,GLP1RA main_SU main_Hyperkalemia,JHM_OMOP_20230406,0,400,31140,0,0,0,0,0,0,0,0,0,0,0,0,NA,NA,NA
125,GLP1RA main_SU main_Hyperkalemia,AUSOM_20220228,0,283,3190,0,0,0,0,0,0,0,0,0,0,0,0,NA,NA,NA
125,GLP1RA main_SU main_Hyperkalemia,RED_CDM_Tufts_20221005,0,7,2180,0,0,0,0,0,0,0,0,0,0,0,0,NA,NA,NA
125,GLP1RA main_SU main_Hyperkalemia,TMUCRD_20210406,0,NA,3150,0,0,0,0,0,0,0,0,0,0,0,0,NA,NA,NA
125,GLP1RA main_SU main_Hyperkalemia,Keck_Upgraded_OMOP_v5_NA,1,0,80,0,0,0,0,0,0,0,0,0,0,0,0,NA,NA,NA
125,GLP1RA main_SU main_Hyperkalemia,LPD_Italy_20221226,2,0,0,0,0,0,0,0,0,0,0,0,0,0,1,NA,NA,NA
125,GLP1RA main_SU main_Hyperkalemia,Japan_Claims_20230215,2,0,0,0,0,0,0,0,0,0,0,0,0,0,1,NA,NA,NA
125,GLP1RA main_SU main_Hyperkalemia,Australia_EMR_20230317,2,0,0,0,0,0,0,0,0,0,0,0,0,0,1,NA,NA,NA
125,GLP1RA main_SU main_Hyperkalemia,US_OPEN_CLAIMS_20230313,2,0,0,0,0,0,0,0,0,0,0,0,0,0,1,NA,NA,NA
125,GLP1RA main_SU main_Hyperkalemia,IQVIA_Germany_DA_20230124,2,0,0,0,0,0,0,0,0,0,0,0,0,0,1,NA,NA,NA
125,GLP1RA main_SU main_Hyperkalemia,ktph_sg_NA,2,0,0,0,0,NA,0,0,0,0,0,0,0,0,1,NA,NA,NA
125,GLP1RA main_SU main_Hyperkalemia,Japan_HIS_20220120,2,0,0,0,0,0,0,0,0,0,0,0,0,0,1,NA,NA,NA
125,GLP1RA main_SU main_Hyperkalemia,US_PharMetrics_Plus_20230330,2,0,0,0,0,0,0,0,0,0,0,0,0,0,1,NA,NA,NA
125,GLP1RA main_SU main_Hyperkalemia,LPD_Spain_20220704,2,0,0,0,0,0,0,0,0,0,0,0,0,0,1,NA,NA,NA
125,GLP1RA main_SU main_Hyperkalemia,France_LPD_20230118,2,0,0,0,0,0,0,0,0,0,0,0,0,0,1,NA,NA,NA
125,GLP1RA main_SU main_Hyperkalemia,IQVIA_France_DA_20230201,2,0,0,0,0,0,0,0,0,0,0,0,0,0,1,NA,NA,NA
125,GLP1RA main_SU main_Hyperkalemia,UK_IMRD_THIN_20221230,2,0,0,0,0,0,0,0,0,0,0,0,0,0,1,NA,NA,NA
125,GLP1RA main_SU main_Hyperkalemia,UK_IMRD_EMIS_20230215,2,0,0,0,0,0,0,0,0,0,0,0,0,0,1,NA,NA,NA
125,GLP1RA main_SU main_Hyperkalemia,US_Hospital_20230130,2,0,0,0,0,0,0,0,0,0,0,0,0,0,1,NA,NA,NA
125,GLP1RA main_SU main_Hyperkalemia,IQVIA_Belgium_LPD_20221006,2,0,0,0,0,0,0,0,0,0,0,0,0,0,1,NA,NA,NA
125,GLP1RA main_SU main_Hyperkalemia,Klinicki_centar_Crne_Gore_20230101,3,0,0,0,0,0,0,0,0,0,1,0,0,1,0,NA,NA,NA
125,GLP1RA main_SU main_Hyperkalemia,premier_2326_20230125,3,0,0,0,0,0,0,0,1,0,0,0,0,1,0,NA,NA,NA
125,GLP1RA main_SU main_Hyperkalemia,cdm_cds,3,0,0,0,0,0,0,0,0,0,0,1,0,0,1,NA,NA,NA
125,GLP1RA main_SU main_Hyperkalemia,ccpp_v54_20210101,5,0,0,0,0,0,0,0,0,0,1,1,1,1,0,NA,NA,NA
125,GLP1RA main_SU main_Hyperkalemia,HKU-THIN,6,0,-12724481,1,0,NA,0,0,0,0,1,0,1,1,1,NA,NA,NA
125,GLP1RA main_SU main_Hyperkalemia,omop_20190828,NA,NA,48480,NA,0,NA,0,0,NA,0,NA,0,NA,0,NA,NA,NA,NA
126,SGLT2I main_SU main_Hyperkalemia,truven_ccae_2324_20230201,0,304262,936040,0,0,0,0,0,0,0,0,0,0,0,0,NA,NA,NA
126,SGLT2I main_SU main_Hyperkalemia,optum_extended_ses_2327_20230204,0,134801,953930,0,0,0,0,0,0,0,0,0,0,0,0,NA,NA,NA
126,SGLT2I main_SU main_Hyperkalemia,optum_extended_dod_2323_20230201,0,134424,953920,0,0,0,0,0,0,0,0,0,0,0,0,NA,NA,NA
126,SGLT2I main_SU main_Hyperkalemia,pmtx_202203_20220831,0,107605,293530,0,0,0,0,0,0,0,0,0,0,0,0,NA,NA,NA
126,SGLT2I main_SU main_Hyperkalemia,truven_mdcr_2322_20230127,0,83341,150100,0,0,0,0,0,0,0,0,0,0,0,0,NA,NA,NA
126,SGLT2I main_SU main_Hyperkalemia,jmdc_2325_20230126,0,64478,186980,0,0,0,0,0,0,0,0,0,0,0,0,NA,NA,NA
126,SGLT2I main_SU main_Hyperkalemia,truven_mdcd_2359_20230215,0,36775,171320,0,0,0,0,0,0,0,0,0,0,0,0,NA,NA,NA
126,SGLT2I main_SU main_Hyperkalemia,optum_ehr_2247_20221205,0,23461,913790,0,0,0,0,0,0,0,0,0,0,0,0,NA,NA,NA
126,SGLT2I main_SU main_Hyperkalemia,VA-OMOP_20230411,0,15977,522110,0,0,0,0,0,0,0,0,0,0,0,0,NA,NA,NA
126,SGLT2I main_SU main_Hyperkalemia,AUSOM_20220228,0,608,6850,0,0,0,0,0,0,0,0,0,0,0,0,NA,NA,NA
126,SGLT2I main_SU main_Hyperkalemia,CUIMC_20221214,0,273,37640,0,0,0,0,0,0,0,0,0,0,0,0,NA,NA,NA
126,SGLT2I main_SU main_Hyperkalemia,JHM_OMOP_20230406,0,273,21260,0,0,0,0,0,0,0,0,0,0,0,0,NA,NA,NA
126,SGLT2I main_SU main_Hyperkalemia,RED_CDM_Tufts_20221005,0,5,1360,0,0,0,0,0,0,0,0,0,0,0,0,NA,NA,NA
126,SGLT2I main_SU main_Hyperkalemia,TMUCRD_20210406,0,NA,10740,0,0,0,0,0,0,0,0,0,0,0,0,NA,NA,NA
126,SGLT2I main_SU main_Hyperkalemia,Keck_Upgraded_OMOP_v5_NA,1,0,370,0,0,0,0,0,0,0,0,0,0,0,0,NA,NA,NA
126,SGLT2I main_SU main_Hyperkalemia,LPD_Italy_20221226,2,0,0,0,0,0,0,0,0,0,0,0,0,0,1,NA,NA,NA
126,SGLT2I main_SU main_Hyperkalemia,Japan_Claims_20230215,2,0,0,0,0,0,0,0,0,0,0,0,0,0,1,NA,NA,NA
126,SGLT2I main_SU main_Hyperkalemia,Australia_EMR_20230317,2,0,0,0,0,0,0,0,0,0,0,0,0,0,1,NA,NA,NA
126,SGLT2I main_SU main_Hyperkalemia,US_OPEN_CLAIMS_20230313,2,0,0,0,0,0,0,0,0,0,0,0,0,0,1,NA,NA,NA
126,SGLT2I main_SU main_Hyperkalemia,Klinicki_centar_Crne_Gore_20230101,2,0,0,0,0,0,0,0,0,0,1,0,0,0,0,NA,NA,NA
126,SGLT2I main_SU main_Hyperkalemia,IQVIA_Germany_DA_20230124,2,0,0,0,0,0,0,0,0,0,0,0,0,0,1,NA,NA,NA
126,SGLT2I main_SU main_Hyperkalemia,ktph_sg_NA,2,0,0,0,0,NA,0,0,0,0,0,0,0,0,1,NA,NA,NA
126,SGLT2I main_SU main_Hyperkalemia,Japan_HIS_20220120,2,0,0,0,0,0,0,0,0,0,0,0,0,0,1,NA,NA,NA
126,SGLT2I main_SU main_Hyperkalemia,US_PharMetrics_Plus_20230330,2,0,0,0,0,0,0,0,0,0,0,0,0,0,1,NA,NA,NA
126,SGLT2I main_SU main_Hyperkalemia,LPD_Spain_20220704,2,0,0,0,0,0,0,0,0,0,0,0,0,0,1,NA,NA,NA
126,SGLT2I main_SU main_Hyperkalemia,France_LPD_20230118,2,0,0,0,0,0,0,0,0,0,0,0,0,0,1,NA,NA,NA
126,SGLT2I main_SU main_Hyperkalemia,IQVIA_France_DA_20230201,2,0,0,0,0,0,0,0,0,0,0,0,0,0,1,NA,NA,NA
126,SGLT2I main_SU main_Hyperkalemia,UK_IMRD_THIN_20221230,2,0,0,0,0,0,0,0,0,0,0,0,0,0,1,NA,NA,NA
126,SGLT2I main_SU main_Hyperkalemia,UK_IMRD_EMIS_20230215,2,0,0,0,0,0,0,0,0,0,0,0,0,0,1,NA,NA,NA
126,SGLT2I main_SU main_Hyperkalemia,US_Hospital_20230130,2,0,0,0,0,0,0,0,0,0,0,0,0,0,1,NA,NA,NA
126,SGLT2I main_SU main_Hyperkalemia,IQVIA_Belgium_LPD_20221006,2,0,0,0,0,0,0,0,0,0,0,0,0,0,1,NA,NA,NA
126,SGLT2I main_SU main_Hyperkalemia,premier_2326_20230125,3,0,0,0,0,0,0,0,1,0,0,0,0,1,0,NA,NA,NA
126,SGLT2I main_SU main_Hyperkalemia,cdm_cds,3,0,0,0,0,0,0,0,0,0,0,1,0,0,1,NA,NA,NA
126,SGLT2I main_SU main_Hyperkalemia,ccpp_v54_20210101,5,0,0,0,0,0,0,0,0,0,1,1,1,1,0,NA,NA,NA
126,SGLT2I main_SU main_Hyperkalemia,HKU-THIN,6,0,-12724481,1,0,NA,0,0,0,0,1,0,1,1,1,NA,NA,NA
126,SGLT2I main_SU main_Hyperkalemia,omop_20190828,NA,NA,900220,NA,0,NA,0,0,NA,0,NA,0,NA,NA,NA,NA,NA,NA
127,DPP4I main_GLP1RA main_Hypoglycemia,US_OPEN_CLAIMS_20230313,0,2984398,14070770,0,0,0,0,0,0,0,0,0,0,0,NA,NA,NA,NA
127,DPP4I main_GLP1RA main_Hypoglycemia,truven_ccae_2324_20230201,0,626883,1477240,0,0,0,0,0,0,0,0,0,0,0,NA,NA,NA,NA
127,DPP4I main_GLP1RA main_Hypoglycemia,optum_extended_dod_2323_20230201,0,599920,1319840,0,0,0,0,0,0,0,0,0,0,0,NA,NA,NA,NA
127,DPP4I main_GLP1RA main_Hypoglycemia,optum_extended_ses_2327_20230204,0,599919,1319840,0,0,0,0,0,0,0,0,0,0,0,NA,NA,NA,NA
127,DPP4I main_GLP1RA main_Hypoglycemia,US_PharMetrics_Plus_20230330,0,546343,1455410,0,0,0,0,0,0,0,0,0,0,0,NA,NA,NA,NA
127,DPP4I main_GLP1RA main_Hypoglycemia,optum_ehr_2247_20221205,0,381202,1326580,0,0,0,0,0,0,0,0,0,0,0,NA,NA,NA,NA
127,DPP4I main_GLP1RA main_Hypoglycemia,truven_mdcr_2322_20230127,0,193421,240010,0,0,0,0,0,0,0,0,0,0,0,NA,NA,NA,NA
127,DPP4I main_GLP1RA main_Hypoglycemia,pmtx_202203_20220831,0,113907,307900,0,0,0,0,0,0,0,0,0,0,0,NA,NA,NA,NA
127,DPP4I main_GLP1RA main_Hypoglycemia,VA-OMOP_20230411,0,74531,502090,0,0,0,0,0,0,0,0,0,0,0,NA,NA,NA,NA
127,DPP4I main_GLP1RA main_Hypoglycemia,truven_mdcd_2359_20230215,0,53891,249690,0,0,0,0,0,0,0,0,0,0,0,NA,NA,NA,NA
127,DPP4I main_GLP1RA main_Hypoglycemia,UK_IMRD_THIN_20221230,0,32984,61890,0,0,0,0,0,0,0,0,0,0,0,NA,NA,NA,NA
127,DPP4I main_GLP1RA main_Hypoglycemia,IQVIA_Germany_DA_20230124,0,25687,126110,0,0,0,0,0,0,0,0,0,0,0,NA,NA,NA,NA
127,DPP4I main_GLP1RA main_Hypoglycemia,France_LPD_20230118,0,19374,75340,0,0,0,0,0,0,0,0,0,0,0,NA,NA,NA,NA
127,DPP4I main_GLP1RA main_Hypoglycemia,jmdc_2325_20230126,0,15225,30460,0,0,0,0,0,0,0,0,0,0,0,NA,NA,NA,NA
127,DPP4I main_GLP1RA main_Hypoglycemia,UK_IMRD_EMIS_20230215,0,13027,29840,0,0,0,0,0,0,0,0,0,0,0,NA,NA,NA,NA
127,DPP4I main_GLP1RA main_Hypoglycemia,Japan_Claims_20230215,0,10987,31930,0,0,0,0,0,0,0,0,0,0,0,NA,NA,NA,NA
127,DPP4I main_GLP1RA main_Hypoglycemia,LPD_Italy_20221226,0,8350,18410,0,0,0,0,0,0,0,0,0,0,0,NA,NA,NA,NA
127,DPP4I main_GLP1RA main_Hypoglycemia,JHM_OMOP_20230406,0,7300,19650,0,0,0,0,0,0,0,0,0,0,0,NA,NA,NA,NA
127,DPP4I main_GLP1RA main_Hypoglycemia,CUIMC_20221214,0,6690,57670,0,0,0,0,0,0,0,0,0,0,0,NA,NA,NA,NA
127,DPP4I main_GLP1RA main_Hypoglycemia,IQVIA_France_DA_20230201,0,5799,24940,0,0,0,0,0,0,0,0,0,0,0,NA,NA,NA,NA
127,DPP4I main_GLP1RA main_Hypoglycemia,LPD_Spain_20220704,0,3795,12030,0,0,0,0,0,0,0,0,0,0,0,NA,NA,NA,NA
127,DPP4I main_GLP1RA main_Hypoglycemia,IQVIA_Belgium_LPD_20221006,0,2933,8620,0,0,0,0,0,0,0,0,0,0,0,NA,NA,NA,NA
127,DPP4I main_GLP1RA main_Hypoglycemia,US_Hospital_20230130,0,2639,14000,0,0,0,0,0,0,0,0,0,0,0,NA,NA,NA,NA
127,DPP4I main_GLP1RA main_Hypoglycemia,Australia_EMR_20230317,0,835,6300,0,0,0,0,0,0,0,0,0,0,0,NA,NA,NA,NA
127,DPP4I main_GLP1RA main_Hypoglycemia,AUSOM_20220228,0,699,3190,0,0,0,0,0,0,0,0,0,0,0,NA,NA,NA,NA
127,DPP4I main_GLP1RA main_Hypoglycemia,TMUCRD_20210406,0,433,3150,0,0,0,0,0,0,0,0,0,0,0,NA,NA,NA,NA
127,DPP4I main_GLP1RA main_Hypoglycemia,RED_CDM_Tufts_20221005,0,113,1860,0,0,0,0,0,0,0,0,0,0,0,NA,NA,NA,NA
127,DPP4I main_GLP1RA main_Hypoglycemia,Japan_HIS_20220120,0,108,2830,0,0,0,0,0,0,0,0,0,0,0,NA,NA,NA,NA
127,DPP4I main_GLP1RA main_Hypoglycemia,Keck_Upgraded_OMOP_v5_NA,1,15,80,0,0,0,0,0,0,0,0,0,0,0,NA,NA,NA,NA
127,DPP4I main_GLP1RA main_Hypoglycemia,ktph_sg_NA,1,13,20,0,0,NA,0,0,0,0,0,0,0,0,NA,NA,NA,NA
127,DPP4I main_GLP1RA main_Hypoglycemia,Klinicki_centar_Crne_Gore_20230101,2,0,0,0,0,0,0,0,0,0,1,0,0,0,NA,NA,NA,NA
127,DPP4I main_GLP1RA main_Hypoglycemia,cdm_cds,2,0,0,0,0,0,0,0,0,0,0,1,0,0,NA,NA,NA,NA
127,DPP4I main_GLP1RA main_Hypoglycemia,premier_2326_20230125,3,0,0,0,0,0,0,0,1,0,1,0,0,0,NA,NA,NA,NA
127,DPP4I main_GLP1RA main_Hypoglycemia,ccpp_v54_20210101,5,0,0,0,0,0,0,0,0,0,1,1,1,1,NA,NA,NA,NA
127,DPP4I main_GLP1RA main_Hypoglycemia,HKU-THIN,5,0,-12724481,1,0,NA,0,0,0,0,1,0,1,1,NA,NA,NA,NA
127,DPP4I main_GLP1RA main_Hypoglycemia,omop_20190828,NA,NA,48480,NA,0,NA,0,0,NA,0,0,0,NA,NA,NA,NA,NA,NA
128,DPP4I main_SGLT2I main_Hypoglycemia,US_OPEN_CLAIMS_20230313,0,2797753,13190780,0,0,0,0,0,0,0,0,0,0,0,NA,NA,NA,NA
128,DPP4I main_SGLT2I main_Hypoglycemia,US_PharMetrics_Plus_20230330,0,546343,1455410,0,0,0,0,0,0,0,0,0,0,0,NA,NA,NA,NA
128,DPP4I main_SGLT2I main_Hypoglycemia,optum_extended_ses_2327_20230204,0,433598,953930,0,0,0,0,0,0,0,0,0,0,0,NA,NA,NA,NA
128,DPP4I main_SGLT2I main_Hypoglycemia,optum_extended_dod_2323_20230201,0,433595,953920,0,0,0,0,0,0,0,0,0,0,0,NA,NA,NA,NA
128,DPP4I main_SGLT2I main_Hypoglycemia,truven_ccae_2324_20230201,0,397219,936040,0,0,0,0,0,0,0,0,0,0,0,NA,NA,NA,NA
128,DPP4I main_SGLT2I main_Hypoglycemia,optum_ehr_2247_20221205,0,262584,913790,0,0,0,0,0,0,0,0,0,0,0,NA,NA,NA,NA
128,DPP4I main_SGLT2I main_Hypoglycemia,truven_mdcr_2322_20230127,0,120964,150100,0,0,0,0,0,0,0,0,0,0,0,NA,NA,NA,NA
128,DPP4I main_SGLT2I main_Hypoglycemia,pmtx_202203_20220831,0,108591,293530,0,0,0,0,0,0,0,0,0,0,0,NA,NA,NA,NA
128,DPP4I main_SGLT2I main_Hypoglycemia,jmdc_2325_20230126,0,97761,195580,0,0,0,0,0,0,0,0,0,0,0,NA,NA,NA,NA
128,DPP4I main_SGLT2I main_Hypoglycemia,VA-OMOP_20230411,0,77503,522110,0,0,0,0,0,0,0,0,0,0,0,NA,NA,NA,NA
128,DPP4I main_SGLT2I main_Hypoglycemia,Japan_Claims_20230215,0,44250,128600,0,0,0,0,0,0,0,0,0,0,0,NA,NA,NA,NA
128,DPP4I main_SGLT2I main_Hypoglycemia,UK_IMRD_THIN_20221230,0,40675,76320,0,0,0,0,0,0,0,0,0,0,0,NA,NA,NA,NA
128,DPP4I main_SGLT2I main_Hypoglycemia,truven_mdcd_2359_20230215,0,36976,171320,0,0,0,0,0,0,0,0,0,0,0,NA,NA,NA,NA
128,DPP4I main_SGLT2I main_Hypoglycemia,IQVIA_Germany_DA_20230124,0,36211,177780,0,0,0,0,0,0,0,0,0,0,0,NA,NA,NA,NA
128,DPP4I main_SGLT2I main_Hypoglycemia,UK_IMRD_EMIS_20230215,0,16790,38460,0,0,0,0,0,0,0,0,0,0,0,NA,NA,NA,NA
128,DPP4I main_SGLT2I main_Hypoglycemia,LPD_Spain_20220704,0,10616,33650,0,0,0,0,0,0,0,0,0,0,0,NA,NA,NA,NA
128,DPP4I main_SGLT2I main_Hypoglycemia,JHM_OMOP_20230406,0,7300,19650,0,0,0,0,0,0,0,0,0,0,0,NA,NA,NA,NA
128,DPP4I main_SGLT2I main_Hypoglycemia,LPD_Italy_20221226,0,7179,15830,0,0,0,0,0,0,0,0,0,0,0,NA,NA,NA,NA
128,DPP4I main_SGLT2I main_Hypoglycemia,US_Hospital_20230130,0,5983,31740,0,0,0,0,0,0,0,0,0,0,0,NA,NA,NA,NA
128,DPP4I main_SGLT2I main_Hypoglycemia,France_LPD_20230118,0,5475,21290,0,0,0,0,0,0,0,0,0,0,0,NA,NA,NA,NA
128,DPP4I main_SGLT2I main_Hypoglycemia,CUIMC_20221214,0,4366,37640,0,0,0,0,0,0,0,0,0,0,0,NA,NA,NA,NA
128,DPP4I main_SGLT2I main_Hypoglycemia,Australia_EMR_20230317,0,2683,20240,0,0,0,0,0,0,0,0,0,0,0,NA,NA,NA,NA
128,DPP4I main_SGLT2I main_Hypoglycemia,IQVIA_Belgium_LPD_20221006,0,2208,6490,0,0,0,0,0,0,0,0,0,0,0,NA,NA,NA,NA
128,DPP4I main_SGLT2I main_Hypoglycemia,AUSOM_20220228,0,1500,6850,0,0,0,0,0,0,0,0,0,0,0,NA,NA,NA,NA
128,DPP4I main_SGLT2I main_Hypoglycemia,TMUCRD_20210406,0,1475,10740,0,0,0,0,0,0,0,0,0,0,0,NA,NA,NA,NA
128,DPP4I main_SGLT2I main_Hypoglycemia,IQVIA_France_DA_20230201,0,728,3130,0,0,0,0,0,0,0,0,0,0,0,NA,NA,NA,NA
128,DPP4I main_SGLT2I main_Hypoglycemia,Japan_HIS_20220120,0,281,7370,0,0,0,0,0,0,0,0,0,0,0,NA,NA,NA,NA
128,DPP4I main_SGLT2I main_Hypoglycemia,RED_CDM_Tufts_20221005,0,83,1360,0,0,0,0,0,0,0,0,0,0,0,NA,NA,NA,NA
128,DPP4I main_SGLT2I main_Hypoglycemia,ktph_sg_NA,1,93,140,0,0,NA,0,0,0,0,0,0,0,0,NA,NA,NA,NA
128,DPP4I main_SGLT2I main_Hypoglycemia,Keck_Upgraded_OMOP_v5_NA,1,69,370,0,0,0,0,0,0,0,0,0,0,0,NA,NA,NA,NA
128,DPP4I main_SGLT2I main_Hypoglycemia,Klinicki_centar_Crne_Gore_20230101,1,10,50,0,0,0,0,0,0,0,0,0,0,0,NA,NA,NA,NA
128,DPP4I main_SGLT2I main_Hypoglycemia,cdm_cds,2,0,0,0,0,0,0,0,0,0,0,1,0,0,NA,NA,NA,NA
128,DPP4I main_SGLT2I main_Hypoglycemia,premier_2326_20230125,3,0,0,0,0,0,0,0,1,0,1,0,0,0,NA,NA,NA,NA
128,DPP4I main_SGLT2I main_Hypoglycemia,ccpp_v54_20210101,5,0,0,0,0,0,0,0,0,0,1,1,1,1,NA,NA,NA,NA
128,DPP4I main_SGLT2I main_Hypoglycemia,HKU-THIN,5,0,-12724481,1,0,NA,0,0,0,0,1,0,1,1,NA,NA,NA,NA
128,DPP4I main_SGLT2I main_Hypoglycemia,omop_20190828,NA,NA,900220,NA,0,NA,0,0,NA,0,NA,0,NA,NA,NA,NA,NA,NA
129,DPP4I main_SU main_Hypoglycemia,US_OPEN_CLAIMS_20230313,0,2984398,14070770,0,0,0,0,0,0,0,0,0,0,0,NA,NA,NA,NA
129,DPP4I main_SU main_Hypoglycemia,truven_ccae_2324_20230201,0,626883,1477240,0,0,0,0,0,0,0,0,0,0,0,NA,NA,NA,NA
129,DPP4I main_SU main_Hypoglycemia,optum_extended_dod_2323_20230201,0,599920,1319840,0,0,0,0,0,0,0,0,0,0,0,NA,NA,NA,NA
129,DPP4I main_SU main_Hypoglycemia,optum_extended_ses_2327_20230204,0,599919,1319840,0,0,0,0,0,0,0,0,0,0,0,NA,NA,NA,NA
129,DPP4I main_SU main_Hypoglycemia,US_PharMetrics_Plus_20230330,0,546343,1455410,0,0,0,0,0,0,0,0,0,0,0,NA,NA,NA,NA
129,DPP4I main_SU main_Hypoglycemia,optum_ehr_2247_20221205,0,449949,1565820,0,0,0,0,0,0,0,0,0,0,0,NA,NA,NA,NA
129,DPP4I main_SU main_Hypoglycemia,truven_mdcr_2322_20230127,0,388236,481750,0,0,0,0,0,0,0,0,0,0,0,NA,NA,NA,NA
129,DPP4I main_SU main_Hypoglycemia,pmtx_202203_20220831,0,113907,307900,0,0,0,0,0,0,0,0,0,0,0,NA,NA,NA,NA
129,DPP4I main_SU main_Hypoglycemia,jmdc_2325_20230126,0,93462,186980,0,0,0,0,0,0,0,0,0,0,0,NA,NA,NA,NA
129,DPP4I main_SU main_Hypoglycemia,VA-OMOP_20230411,0,78282,527360,0,0,0,0,0,0,0,0,0,0,0,NA,NA,NA,NA
129,DPP4I main_SU main_Hypoglycemia,Japan_Claims_20230215,0,63264,183860,0,0,0,0,0,0,0,0,0,0,0,NA,NA,NA,NA
129,DPP4I main_SU main_Hypoglycemia,US_Hospital_20230130,0,62779,333060,0,0,0,0,0,0,0,0,0,0,0,NA,NA,NA,NA
129,DPP4I main_SU main_Hypoglycemia,truven_mdcd_2359_20230215,0,53891,249690,0,0,0,0,0,0,0,0,0,0,0,NA,NA,NA,NA
129,DPP4I main_SU main_Hypoglycemia,UK_IMRD_THIN_20221230,0,46223,86730,0,0,0,0,0,0,0,0,0,0,0,NA,NA,NA,NA
129,DPP4I main_SU main_Hypoglycemia,IQVIA_Germany_DA_20230124,0,34376,168770,0,0,0,0,0,0,0,0,0,0,0,NA,NA,NA,NA
129,DPP4I main_SU main_Hypoglycemia,France_LPD_20230118,0,17967,69870,0,0,0,0,0,0,0,0,0,0,0,NA,NA,NA,NA
129,DPP4I main_SU main_Hypoglycemia,LPD_Italy_20221226,0,15674,34560,0,0,0,0,0,0,0,0,0,0,0,NA,NA,NA,NA
129,DPP4I main_SU main_Hypoglycemia,UK_IMRD_EMIS_20230215,0,12232,28020,0,0,0,0,0,0,0,0,0,0,0,NA,NA,NA,NA
129,DPP4I main_SU main_Hypoglycemia,IQVIA_France_DA_20230201,0,8245,35460,0,0,0,0,0,0,0,0,0,0,0,NA,NA,NA,NA
129,DPP4I main_SU main_Hypoglycemia,AUSOM_20220228,0,7616,34770,0,0,0,0,0,0,0,0,0,0,0,NA,NA,NA,NA
129,DPP4I main_SU main_Hypoglycemia,JHM_OMOP_20230406,0,7300,19650,0,0,0,0,0,0,0,0,0,0,0,NA,NA,NA,NA
129,DPP4I main_SU main_Hypoglycemia,TMUCRD_20210406,0,7245,52740,0,0,0,0,0,0,0,0,0,0,0,NA,NA,NA,NA
129,DPP4I main_SU main_Hypoglycemia,CUIMC_20221214,0,7067,60920,0,0,0,0,0,0,0,0,0,0,0,NA,NA,NA,NA
129,DPP4I main_SU main_Hypoglycemia,LPD_Spain_20220704,0,6161,19530,0,0,0,0,0,0,0,0,0,0,0,NA,NA,NA,NA
129,DPP4I main_SU main_Hypoglycemia,IQVIA_Belgium_LPD_20221006,0,1773,5210,0,0,0,0,0,0,0,0,0,0,0,NA,NA,NA,NA
129,DPP4I main_SU main_Hypoglycemia,Keck_Upgraded_OMOP_v5_NA,0,1700,9120,0,0,0,0,0,0,0,0,0,0,0,NA,NA,NA,NA
129,DPP4I main_SU main_Hypoglycemia,Australia_EMR_20230317,0,586,4420,0,0,0,0,0,0,0,0,0,0,0,NA,NA,NA,NA
129,DPP4I main_SU main_Hypoglycemia,Japan_HIS_20220120,0,449,11790,0,0,0,0,0,0,0,0,0,0,0,NA,NA,NA,NA
129,DPP4I main_SU main_Hypoglycemia,RED_CDM_Tufts_20221005,0,113,1860,0,0,0,0,0,0,0,0,0,0,0,NA,NA,NA,NA
129,DPP4I main_SU main_Hypoglycemia,premier_2326_20230125,1,6525,914680,0,0,0,0,0,1,0,0,0,0,0,NA,NA,NA,NA
129,DPP4I main_SU main_Hypoglycemia,ktph_sg_NA,1,578,870,0,0,NA,0,0,0,0,0,0,0,0,NA,NA,NA,NA
129,DPP4I main_SU main_Hypoglycemia,Klinicki_centar_Crne_Gore_20230101,2,0,0,0,0,0,0,0,0,0,1,0,0,0,NA,NA,NA,NA
129,DPP4I main_SU main_Hypoglycemia,cdm_cds,2,0,0,0,0,0,0,0,0,0,0,1,0,0,NA,NA,NA,NA
129,DPP4I main_SU main_Hypoglycemia,ccpp_v54_20210101,5,0,0,0,0,0,0,0,0,0,1,1,1,1,NA,NA,NA,NA
129,DPP4I main_SU main_Hypoglycemia,HKU-THIN,5,0,-12724481,1,0,NA,0,0,0,0,1,0,1,1,NA,NA,NA,NA
129,DPP4I main_SU main_Hypoglycemia,omop_20190828,NA,NA,900220,NA,0,NA,0,0,NA,0,NA,0,NA,NA,NA,NA,NA,NA
130,GLP1RA main_SGLT2I main_Hypoglycemia,US_OPEN_CLAIMS_20230313,0,2797753,13190780,0,0,0,0,0,0,0,0,0,0,0,NA,NA,NA,NA
130,GLP1RA main_SGLT2I main_Hypoglycemia,US_PharMetrics_Plus_20230330,0,603199,1606870,0,0,0,0,0,0,0,0,0,0,0,NA,NA,NA,NA
130,GLP1RA main_SGLT2I main_Hypoglycemia,optum_extended_ses_2327_20230204,0,433598,953930,0,0,0,0,0,0,0,0,0,0,0,NA,NA,NA,NA
130,GLP1RA main_SGLT2I main_Hypoglycemia,optum_extended_dod_2323_20230201,0,433595,953920,0,0,0,0,0,0,0,0,0,0,0,NA,NA,NA,NA
130,GLP1RA main_SGLT2I main_Hypoglycemia,truven_ccae_2324_20230201,0,397219,936040,0,0,0,0,0,0,0,0,0,0,0,NA,NA,NA,NA
130,GLP1RA main_SGLT2I main_Hypoglycemia,optum_ehr_2247_20221205,0,262584,913790,0,0,0,0,0,0,0,0,0,0,0,NA,NA,NA,NA
130,GLP1RA main_SGLT2I main_Hypoglycemia,truven_mdcr_2322_20230127,0,120964,150100,0,0,0,0,0,0,0,0,0,0,0,NA,NA,NA,NA
130,GLP1RA main_SGLT2I main_Hypoglycemia,pmtx_202203_20220831,0,108591,293530,0,0,0,0,0,0,0,0,0,0,0,NA,NA,NA,NA
130,GLP1RA main_SGLT2I main_Hypoglycemia,VA-OMOP_20230411,0,74531,502090,0,0,0,0,0,0,0,0,0,0,0,NA,NA,NA,NA
130,GLP1RA main_SGLT2I main_Hypoglycemia,truven_mdcd_2359_20230215,0,36976,171320,0,0,0,0,0,0,0,0,0,0,0,NA,NA,NA,NA
130,GLP1RA main_SGLT2I main_Hypoglycemia,UK_IMRD_THIN_20221230,0,32984,61890,0,0,0,0,0,0,0,0,0,0,0,NA,NA,NA,NA
130,GLP1RA main_SGLT2I main_Hypoglycemia,IQVIA_Germany_DA_20230124,0,25687,126110,0,0,0,0,0,0,0,0,0,0,0,NA,NA,NA,NA
130,GLP1RA main_SGLT2I main_Hypoglycemia,jmdc_2325_20230126,0,15225,30460,0,0,0,0,0,0,0,0,0,0,0,NA,NA,NA,NA
130,GLP1RA main_SGLT2I main_Hypoglycemia,UK_IMRD_EMIS_20230215,0,13027,29840,0,0,0,0,0,0,0,0,0,0,0,NA,NA,NA,NA
130,GLP1RA main_SGLT2I main_Hypoglycemia,Japan_Claims_20230215,0,10987,31930,0,0,0,0,0,0,0,0,0,0,0,NA,NA,NA,NA
130,GLP1RA main_SGLT2I main_Hypoglycemia,JHM_OMOP_20230406,0,7898,21260,0,0,0,0,0,0,0,0,0,0,0,NA,NA,NA,NA
130,GLP1RA main_SGLT2I main_Hypoglycemia,LPD_Italy_20221226,0,7179,15830,0,0,0,0,0,0,0,0,0,0,0,NA,NA,NA,NA
130,GLP1RA main_SGLT2I main_Hypoglycemia,France_LPD_20230118,0,5475,21290,0,0,0,0,0,0,0,0,0,0,0,NA,NA,NA,NA
130,GLP1RA main_SGLT2I main_Hypoglycemia,CUIMC_20221214,0,4366,37640,0,0,0,0,0,0,0,0,0,0,0,NA,NA,NA,NA
130,GLP1RA main_SGLT2I main_Hypoglycemia,LPD_Spain_20220704,0,3795,12030,0,0,0,0,0,0,0,0,0,0,0,NA,NA,NA,NA
130,GLP1RA main_SGLT2I main_Hypoglycemia,US_Hospital_20230130,0,2639,14000,0,0,0,0,0,0,0,0,0,0,0,NA,NA,NA,NA
130,GLP1RA main_SGLT2I main_Hypoglycemia,IQVIA_Belgium_LPD_20221006,0,2208,6490,0,0,0,0,0,0,0,0,0,0,0,NA,NA,NA,NA
130,GLP1RA main_SGLT2I main_Hypoglycemia,Australia_EMR_20230317,0,835,6300,0,0,0,0,0,0,0,0,0,0,0,NA,NA,NA,NA
130,GLP1RA main_SGLT2I main_Hypoglycemia,IQVIA_France_DA_20230201,0,728,3130,0,0,0,0,0,0,0,0,0,0,0,NA,NA,NA,NA
130,GLP1RA main_SGLT2I main_Hypoglycemia,AUSOM_20220228,0,699,3190,0,0,0,0,0,0,0,0,0,0,0,NA,NA,NA,NA
130,GLP1RA main_SGLT2I main_Hypoglycemia,TMUCRD_20210406,0,433,3150,0,0,0,0,0,0,0,0,0,0,0,NA,NA,NA,NA
130,GLP1RA main_SGLT2I main_Hypoglycemia,Japan_HIS_20220120,0,108,2830,0,0,0,0,0,0,0,0,0,0,0,NA,NA,NA,NA
130,GLP1RA main_SGLT2I main_Hypoglycemia,RED_CDM_Tufts_20221005,0,83,1360,0,0,0,0,0,0,0,0,0,0,0,NA,NA,NA,NA
130,GLP1RA main_SGLT2I main_Hypoglycemia,Keck_Upgraded_OMOP_v5_NA,1,15,80,0,0,0,0,0,0,0,0,0,0,0,NA,NA,NA,NA
130,GLP1RA main_SGLT2I main_Hypoglycemia,ktph_sg_NA,1,13,20,0,0,NA,0,0,0,0,0,0,0,0,NA,NA,NA,NA
130,GLP1RA main_SGLT2I main_Hypoglycemia,Klinicki_centar_Crne_Gore_20230101,2,0,0,0,0,0,0,0,0,0,0,0,0,1,NA,NA,NA,NA
130,GLP1RA main_SGLT2I main_Hypoglycemia,cdm_cds,2,0,0,0,0,0,0,0,0,0,0,1,0,0,NA,NA,NA,NA
130,GLP1RA main_SGLT2I main_Hypoglycemia,premier_2326_20230125,4,0,0,0,0,0,0,0,1,0,1,0,0,1,NA,NA,NA,NA
130,GLP1RA main_SGLT2I main_Hypoglycemia,ccpp_v54_20210101,5,0,0,0,0,0,0,0,0,0,1,1,1,1,NA,NA,NA,NA
130,GLP1RA main_SGLT2I main_Hypoglycemia,HKU-THIN,5,0,-12724481,1,0,NA,0,0,0,0,1,0,1,1,NA,NA,NA,NA
130,GLP1RA main_SGLT2I main_Hypoglycemia,omop_20190828,NA,NA,48480,NA,0,NA,0,0,NA,0,NA,0,NA,0,NA,NA,NA,NA
131,GLP1RA main_SU main_Hypoglycemia,US_OPEN_CLAIMS_20230313,0,4114327,19398130,0,0,0,0,0,0,0,0,0,0,0,NA,NA,NA,NA
131,GLP1RA main_SU main_Hypoglycemia,US_PharMetrics_Plus_20230330,0,845464,2252240,0,0,0,0,0,0,0,0,0,0,0,NA,NA,NA,NA
131,GLP1RA main_SU main_Hypoglycemia,truven_ccae_2324_20230201,0,772045,1819310,0,0,0,0,0,0,0,0,0,0,0,NA,NA,NA,NA
131,GLP1RA main_SU main_Hypoglycemia,optum_extended_dod_2323_20230201,0,652061,1434550,0,0,0,0,0,0,0,0,0,0,0,NA,NA,NA,NA
131,GLP1RA main_SU main_Hypoglycemia,optum_extended_ses_2327_20230204,0,652050,1434530,0,0,0,0,0,0,0,0,0,0,0,NA,NA,NA,NA
131,GLP1RA main_SU main_Hypoglycemia,optum_ehr_2247_20221205,0,381202,1326580,0,0,0,0,0,0,0,0,0,0,0,NA,NA,NA,NA
131,GLP1RA main_SU main_Hypoglycemia,truven_mdcr_2322_20230127,0,193421,240010,0,0,0,0,0,0,0,0,0,0,0,NA,NA,NA,NA
131,GLP1RA main_SU main_Hypoglycemia,pmtx_202203_20220831,0,145186,392450,0,0,0,0,0,0,0,0,0,0,0,NA,NA,NA,NA
131,GLP1RA main_SU main_Hypoglycemia,VA-OMOP_20230411,0,74531,502090,0,0,0,0,0,0,0,0,0,0,0,NA,NA,NA,NA
131,GLP1RA main_SU main_Hypoglycemia,truven_mdcd_2359_20230215,0,58097,269180,0,0,0,0,0,0,0,0,0,0,0,NA,NA,NA,NA
131,GLP1RA main_SU main_Hypoglycemia,UK_IMRD_THIN_20221230,0,32984,61890,0,0,0,0,0,0,0,0,0,0,0,NA,NA,NA,NA
131,GLP1RA main_SU main_Hypoglycemia,IQVIA_Germany_DA_20230124,0,25687,126110,0,0,0,0,0,0,0,0,0,0,0,NA,NA,NA,NA
131,GLP1RA main_SU main_Hypoglycemia,France_LPD_20230118,0,17967,69870,0,0,0,0,0,0,0,0,0,0,0,NA,NA,NA,NA
131,GLP1RA main_SU main_Hypoglycemia,jmdc_2325_20230126,0,15225,30460,0,0,0,0,0,0,0,0,0,0,0,NA,NA,NA,NA
131,GLP1RA main_SU main_Hypoglycemia,UK_IMRD_EMIS_20230215,0,12232,28020,0,0,0,0,0,0,0,0,0,0,0,NA,NA,NA,NA
131,GLP1RA main_SU main_Hypoglycemia,JHM_OMOP_20230406,0,11569,31140,0,0,0,0,0,0,0,0,0,0,0,NA,NA,NA,NA
131,GLP1RA main_SU main_Hypoglycemia,Japan_Claims_20230215,0,10987,31930,0,0,0,0,0,0,0,0,0,0,0,NA,NA,NA,NA
131,GLP1RA main_SU main_Hypoglycemia,LPD_Italy_20221226,0,8350,18410,0,0,0,0,0,0,0,0,0,0,0,NA,NA,NA,NA
131,GLP1RA main_SU main_Hypoglycemia,CUIMC_20221214,0,6690,57670,0,0,0,0,0,0,0,0,0,0,0,NA,NA,NA,NA
131,GLP1RA main_SU main_Hypoglycemia,IQVIA_France_DA_20230201,0,5799,24940,0,0,0,0,0,0,0,0,0,0,0,NA,NA,NA,NA
131,GLP1RA main_SU main_Hypoglycemia,LPD_Spain_20220704,0,3795,12030,0,0,0,0,0,0,0,0,0,0,0,NA,NA,NA,NA
131,GLP1RA main_SU main_Hypoglycemia,US_Hospital_20230130,0,2639,14000,0,0,0,0,0,0,0,0,0,0,0,NA,NA,NA,NA
131,GLP1RA main_SU main_Hypoglycemia,IQVIA_Belgium_LPD_20221006,0,1773,5210,0,0,0,0,0,0,0,0,0,0,0,NA,NA,NA,NA
131,GLP1RA main_SU main_Hypoglycemia,AUSOM_20220228,0,699,3190,0,0,0,0,0,0,0,0,0,0,0,NA,NA,NA,NA
131,GLP1RA main_SU main_Hypoglycemia,Australia_EMR_20230317,0,586,4420,0,0,0,0,0,0,0,0,0,0,0,NA,NA,NA,NA
131,GLP1RA main_SU main_Hypoglycemia,TMUCRD_20210406,0,433,3150,0,0,0,0,0,0,0,0,0,0,0,NA,NA,NA,NA
131,GLP1RA main_SU main_Hypoglycemia,RED_CDM_Tufts_20221005,0,132,2180,0,0,0,0,0,0,0,0,0,0,0,NA,NA,NA,NA
131,GLP1RA main_SU main_Hypoglycemia,Japan_HIS_20220120,0,108,2830,0,0,0,0,0,0,0,0,0,0,0,NA,NA,NA,NA
131,GLP1RA main_SU main_Hypoglycemia,Keck_Upgraded_OMOP_v5_NA,1,15,80,0,0,0,0,0,0,0,0,0,0,0,NA,NA,NA,NA
131,GLP1RA main_SU main_Hypoglycemia,ktph_sg_NA,1,13,20,0,0,NA,0,0,0,0,0,0,0,0,NA,NA,NA,NA
131,GLP1RA main_SU main_Hypoglycemia,cdm_cds,2,0,0,0,0,0,0,0,0,0,0,1,0,0,NA,NA,NA,NA
131,GLP1RA main_SU main_Hypoglycemia,Klinicki_centar_Crne_Gore_20230101,3,0,0,0,0,0,0,0,0,0,1,0,0,1,NA,NA,NA,NA
131,GLP1RA main_SU main_Hypoglycemia,premier_2326_20230125,3,0,0,0,0,0,0,0,1,0,0,0,0,1,NA,NA,NA,NA
131,GLP1RA main_SU main_Hypoglycemia,ccpp_v54_20210101,5,0,0,0,0,0,0,0,0,0,1,1,1,1,NA,NA,NA,NA
131,GLP1RA main_SU main_Hypoglycemia,HKU-THIN,5,0,-12724481,1,0,NA,0,0,0,0,1,0,1,1,NA,NA,NA,NA
131,GLP1RA main_SU main_Hypoglycemia,omop_20190828,NA,NA,48480,NA,0,NA,0,0,NA,0,NA,0,NA,0,NA,NA,NA,NA
132,SGLT2I main_SU main_Hypoglycemia,US_OPEN_CLAIMS_20230313,0,2797753,13190780,0,0,0,0,0,0,0,0,0,0,0,NA,NA,NA,NA
132,SGLT2I main_SU main_Hypoglycemia,US_PharMetrics_Plus_20230330,0,603199,1606870,0,0,0,0,0,0,0,0,0,0,0,NA,NA,NA,NA
132,SGLT2I main_SU main_Hypoglycemia,optum_extended_ses_2327_20230204,0,433598,953930,0,0,0,0,0,0,0,0,0,0,0,NA,NA,NA,NA
132,SGLT2I main_SU main_Hypoglycemia,optum_extended_dod_2323_20230201,0,433595,953920,0,0,0,0,0,0,0,0,0,0,0,NA,NA,NA,NA
132,SGLT2I main_SU main_Hypoglycemia,truven_ccae_2324_20230201,0,397219,936040,0,0,0,0,0,0,0,0,0,0,0,NA,NA,NA,NA
132,SGLT2I main_SU main_Hypoglycemia,optum_ehr_2247_20221205,0,262584,913790,0,0,0,0,0,0,0,0,0,0,0,NA,NA,NA,NA
132,SGLT2I main_SU main_Hypoglycemia,truven_mdcr_2322_20230127,0,120964,150100,0,0,0,0,0,0,0,0,0,0,0,NA,NA,NA,NA
132,SGLT2I main_SU main_Hypoglycemia,pmtx_202203_20220831,0,108591,293530,0,0,0,0,0,0,0,0,0,0,0,NA,NA,NA,NA
132,SGLT2I main_SU main_Hypoglycemia,jmdc_2325_20230126,0,93462,186980,0,0,0,0,0,0,0,0,0,0,0,NA,NA,NA,NA
132,SGLT2I main_SU main_Hypoglycemia,VA-OMOP_20230411,0,77503,522110,0,0,0,0,0,0,0,0,0,0,0,NA,NA,NA,NA
132,SGLT2I main_SU main_Hypoglycemia,Japan_Claims_20230215,0,44250,128600,0,0,0,0,0,0,0,0,0,0,0,NA,NA,NA,NA
132,SGLT2I main_SU main_Hypoglycemia,UK_IMRD_THIN_20221230,0,40675,76320,0,0,0,0,0,0,0,0,0,0,0,NA,NA,NA,NA
132,SGLT2I main_SU main_Hypoglycemia,truven_mdcd_2359_20230215,0,36976,171320,0,0,0,0,0,0,0,0,0,0,0,NA,NA,NA,NA
132,SGLT2I main_SU main_Hypoglycemia,IQVIA_Germany_DA_20230124,0,34376,168770,0,0,0,0,0,0,0,0,0,0,0,NA,NA,NA,NA
132,SGLT2I main_SU main_Hypoglycemia,UK_IMRD_EMIS_20230215,0,12232,28020,0,0,0,0,0,0,0,0,0,0,0,NA,NA,NA,NA
132,SGLT2I main_SU main_Hypoglycemia,JHM_OMOP_20230406,0,7898,21260,0,0,0,0,0,0,0,0,0,0,0,NA,NA,NA,NA
132,SGLT2I main_SU main_Hypoglycemia,LPD_Italy_20221226,0,7179,15830,0,0,0,0,0,0,0,0,0,0,0,NA,NA,NA,NA
132,SGLT2I main_SU main_Hypoglycemia,LPD_Spain_20220704,0,6161,19530,0,0,0,0,0,0,0,0,0,0,0,NA,NA,NA,NA
132,SGLT2I main_SU main_Hypoglycemia,US_Hospital_20230130,0,5983,31740,0,0,0,0,0,0,0,0,0,0,0,NA,NA,NA,NA
132,SGLT2I main_SU main_Hypoglycemia,France_LPD_20230118,0,5475,21290,0,0,0,0,0,0,0,0,0,0,0,NA,NA,NA,NA
132,SGLT2I main_SU main_Hypoglycemia,CUIMC_20221214,0,4366,37640,0,0,0,0,0,0,0,0,0,0,0,NA,NA,NA,NA
132,SGLT2I main_SU main_Hypoglycemia,IQVIA_Belgium_LPD_20221006,0,1773,5210,0,0,0,0,0,0,0,0,0,0,0,NA,NA,NA,NA
132,SGLT2I main_SU main_Hypoglycemia,AUSOM_20220228,0,1500,6850,0,0,0,0,0,0,0,0,0,0,0,NA,NA,NA,NA
132,SGLT2I main_SU main_Hypoglycemia,TMUCRD_20210406,0,1475,10740,0,0,0,0,0,0,0,0,0,0,0,NA,NA,NA,NA
132,SGLT2I main_SU main_Hypoglycemia,IQVIA_France_DA_20230201,0,728,3130,0,0,0,0,0,0,0,0,0,0,0,NA,NA,NA,NA
132,SGLT2I main_SU main_Hypoglycemia,Australia_EMR_20230317,0,586,4420,0,0,0,0,0,0,0,0,0,0,0,NA,NA,NA,NA
132,SGLT2I main_SU main_Hypoglycemia,Japan_HIS_20220120,0,281,7370,0,0,0,0,0,0,0,0,0,0,0,NA,NA,NA,NA
132,SGLT2I main_SU main_Hypoglycemia,RED_CDM_Tufts_20221005,0,83,1360,0,0,0,0,0,0,0,0,0,0,0,NA,NA,NA,NA
132,SGLT2I main_SU main_Hypoglycemia,ktph_sg_NA,1,93,140,0,0,NA,0,0,0,0,0,0,0,0,NA,NA,NA,NA
132,SGLT2I main_SU main_Hypoglycemia,Keck_Upgraded_OMOP_v5_NA,1,69,370,0,0,0,0,0,0,0,0,0,0,0,NA,NA,NA,NA
132,SGLT2I main_SU main_Hypoglycemia,Klinicki_centar_Crne_Gore_20230101,2,0,0,0,0,0,0,0,0,0,1,0,0,0,NA,NA,NA,NA
132,SGLT2I main_SU main_Hypoglycemia,cdm_cds,2,0,0,0,0,0,0,0,0,0,0,1,0,0,NA,NA,NA,NA
132,SGLT2I main_SU main_Hypoglycemia,premier_2326_20230125,3,0,0,0,0,0,0,0,1,0,0,0,0,1,NA,NA,NA,NA
132,SGLT2I main_SU main_Hypoglycemia,ccpp_v54_20210101,5,0,0,0,0,0,0,0,0,0,1,1,1,1,NA,NA,NA,NA
132,SGLT2I main_SU main_Hypoglycemia,HKU-THIN,5,0,-12724481,1,0,NA,0,0,0,0,1,0,1,1,NA,NA,NA,NA
132,SGLT2I main_SU main_Hypoglycemia,omop_20190828,NA,NA,900220,NA,0,NA,0,0,NA,0,NA,0,NA,NA,NA,NA,NA,NA
133,DPP4I main_GLP1RA main_Hypotension,US_OPEN_CLAIMS_20230313,0,2984398,14070770,0,0,0,0,0,0,0,0,0,0,0,NA,NA,NA,NA
133,DPP4I main_GLP1RA main_Hypotension,truven_ccae_2324_20230201,0,626883,1477240,0,0,0,0,0,0,0,0,0,0,0,NA,NA,NA,NA
133,DPP4I main_GLP1RA main_Hypotension,optum_extended_dod_2323_20230201,0,599920,1319840,0,0,0,0,0,0,0,0,0,0,0,NA,NA,NA,NA
133,DPP4I main_GLP1RA main_Hypotension,optum_extended_ses_2327_20230204,0,599919,1319840,0,0,0,0,0,0,0,0,0,0,0,NA,NA,NA,NA
133,DPP4I main_GLP1RA main_Hypotension,US_PharMetrics_Plus_20230330,0,546343,1455410,0,0,0,0,0,0,0,0,0,0,0,NA,NA,NA,NA
133,DPP4I main_GLP1RA main_Hypotension,optum_ehr_2247_20221205,0,381202,1326580,0,0,0,0,0,0,0,0,0,0,0,NA,NA,NA,NA
133,DPP4I main_GLP1RA main_Hypotension,truven_mdcr_2322_20230127,0,193421,240010,0,0,0,0,0,0,0,0,0,0,0,NA,NA,NA,NA
133,DPP4I main_GLP1RA main_Hypotension,pmtx_202203_20220831,0,113907,307900,0,0,0,0,0,0,0,0,0,0,0,NA,NA,NA,NA
133,DPP4I main_GLP1RA main_Hypotension,VA-OMOP_20230411,0,74531,502090,0,0,0,0,0,0,0,0,0,0,0,NA,NA,NA,NA
133,DPP4I main_GLP1RA main_Hypotension,truven_mdcd_2359_20230215,0,53891,249690,0,0,0,0,0,0,0,0,0,0,0,NA,NA,NA,NA
133,DPP4I main_GLP1RA main_Hypotension,UK_IMRD_THIN_20221230,0,32984,61890,0,0,0,0,0,0,0,0,0,0,0,NA,NA,NA,NA
133,DPP4I main_GLP1RA main_Hypotension,IQVIA_Germany_DA_20230124,0,25687,126110,0,0,0,0,0,0,0,0,0,0,0,NA,NA,NA,NA
133,DPP4I main_GLP1RA main_Hypotension,France_LPD_20230118,0,19374,75340,0,0,0,0,0,0,0,0,0,0,0,NA,NA,NA,NA
133,DPP4I main_GLP1RA main_Hypotension,jmdc_2325_20230126,0,15225,30460,0,0,0,0,0,0,0,0,0,0,0,NA,NA,NA,NA
133,DPP4I main_GLP1RA main_Hypotension,UK_IMRD_EMIS_20230215,0,13027,29840,0,0,0,0,0,0,0,0,0,0,0,NA,NA,NA,NA
133,DPP4I main_GLP1RA main_Hypotension,Japan_Claims_20230215,0,10987,31930,0,0,0,0,0,0,0,0,0,0,0,NA,NA,NA,NA
133,DPP4I main_GLP1RA main_Hypotension,LPD_Italy_20221226,0,8350,18410,0,0,0,0,0,0,0,0,0,0,0,NA,NA,NA,NA
133,DPP4I main_GLP1RA main_Hypotension,JHM_OMOP_20230406,0,7300,19650,0,0,0,0,0,0,0,0,0,0,0,NA,NA,NA,NA
133,DPP4I main_GLP1RA main_Hypotension,CUIMC_20221214,0,6690,57670,0,0,0,0,0,0,0,0,0,0,0,NA,NA,NA,NA
133,DPP4I main_GLP1RA main_Hypotension,IQVIA_France_DA_20230201,0,5799,24940,0,0,0,0,0,0,0,0,0,0,0,NA,NA,NA,NA
133,DPP4I main_GLP1RA main_Hypotension,LPD_Spain_20220704,0,3795,12030,0,0,0,0,0,0,0,0,0,0,0,NA,NA,NA,NA
133,DPP4I main_GLP1RA main_Hypotension,IQVIA_Belgium_LPD_20221006,0,2933,8620,0,0,0,0,0,0,0,0,0,0,0,NA,NA,NA,NA
133,DPP4I main_GLP1RA main_Hypotension,US_Hospital_20230130,0,2639,14000,0,0,0,0,0,0,0,0,0,0,0,NA,NA,NA,NA
133,DPP4I main_GLP1RA main_Hypotension,Australia_EMR_20230317,0,835,6300,0,0,0,0,0,0,0,0,0,0,0,NA,NA,NA,NA
133,DPP4I main_GLP1RA main_Hypotension,AUSOM_20220228,0,699,3190,0,0,0,0,0,0,0,0,0,0,0,NA,NA,NA,NA
133,DPP4I main_GLP1RA main_Hypotension,TMUCRD_20210406,0,433,3150,0,0,0,0,0,0,0,0,0,0,0,NA,NA,NA,NA
133,DPP4I main_GLP1RA main_Hypotension,RED_CDM_Tufts_20221005,0,113,1860,0,0,0,0,0,0,0,0,0,0,0,NA,NA,NA,NA
133,DPP4I main_GLP1RA main_Hypotension,Japan_HIS_20220120,0,108,2830,0,0,0,0,0,0,0,0,0,0,0,NA,NA,NA,NA
133,DPP4I main_GLP1RA main_Hypotension,Keck_Upgraded_OMOP_v5_NA,1,15,80,0,0,0,0,0,0,0,0,0,0,0,NA,NA,NA,NA
133,DPP4I main_GLP1RA main_Hypotension,ktph_sg_NA,1,13,20,0,0,NA,0,0,0,0,0,0,0,0,NA,NA,NA,NA
133,DPP4I main_GLP1RA main_Hypotension,Klinicki_centar_Crne_Gore_20230101,2,0,0,0,0,0,0,0,0,0,1,0,0,0,NA,NA,NA,NA
133,DPP4I main_GLP1RA main_Hypotension,cdm_cds,2,0,0,0,0,0,0,0,0,0,0,1,0,0,NA,NA,NA,NA
133,DPP4I main_GLP1RA main_Hypotension,premier_2326_20230125,3,0,0,0,0,0,0,0,1,0,1,0,0,0,NA,NA,NA,NA
133,DPP4I main_GLP1RA main_Hypotension,ccpp_v54_20210101,4,0,0,0,0,0,0,0,0,0,1,1,0,1,NA,NA,NA,NA
133,DPP4I main_GLP1RA main_Hypotension,HKU-THIN,5,0,-12724481,1,0,NA,0,0,0,0,1,0,1,1,NA,NA,NA,NA
133,DPP4I main_GLP1RA main_Hypotension,omop_20190828,NA,NA,48480,NA,0,NA,0,0,NA,0,0,0,NA,NA,NA,NA,NA,NA
134,DPP4I main_SGLT2I main_Hypotension,US_OPEN_CLAIMS_20230313,0,2797753,13190780,0,0,0,0,0,0,0,0,0,0,0,NA,NA,NA,NA
134,DPP4I main_SGLT2I main_Hypotension,US_PharMetrics_Plus_20230330,0,546343,1455410,0,0,0,0,0,0,0,0,0,0,0,NA,NA,NA,NA
134,DPP4I main_SGLT2I main_Hypotension,optum_extended_ses_2327_20230204,0,433598,953930,0,0,0,0,0,0,0,0,0,0,0,NA,NA,NA,NA
134,DPP4I main_SGLT2I main_Hypotension,optum_extended_dod_2323_20230201,0,433595,953920,0,0,0,0,0,0,0,0,0,0,0,NA,NA,NA,NA
134,DPP4I main_SGLT2I main_Hypotension,truven_ccae_2324_20230201,0,397219,936040,0,0,0,0,0,0,0,0,0,0,0,NA,NA,NA,NA
134,DPP4I main_SGLT2I main_Hypotension,optum_ehr_2247_20221205,0,262584,913790,0,0,0,0,0,0,0,0,0,0,0,NA,NA,NA,NA
134,DPP4I main_SGLT2I main_Hypotension,truven_mdcr_2322_20230127,0,120964,150100,0,0,0,0,0,0,0,0,0,0,0,NA,NA,NA,NA
134,DPP4I main_SGLT2I main_Hypotension,pmtx_202203_20220831,0,108591,293530,0,0,0,0,0,0,0,0,0,0,0,NA,NA,NA,NA
134,DPP4I main_SGLT2I main_Hypotension,jmdc_2325_20230126,0,97761,195580,0,0,0,0,0,0,0,0,0,0,0,NA,NA,NA,NA
134,DPP4I main_SGLT2I main_Hypotension,VA-OMOP_20230411,0,77503,522110,0,0,0,0,0,0,0,0,0,0,0,NA,NA,NA,NA
134,DPP4I main_SGLT2I main_Hypotension,Japan_Claims_20230215,0,44250,128600,0,0,0,0,0,0,0,0,0,0,0,NA,NA,NA,NA
134,DPP4I main_SGLT2I main_Hypotension,UK_IMRD_THIN_20221230,0,40675,76320,0,0,0,0,0,0,0,0,0,0,0,NA,NA,NA,NA
134,DPP4I main_SGLT2I main_Hypotension,truven_mdcd_2359_20230215,0,36976,171320,0,0,0,0,0,0,0,0,0,0,0,NA,NA,NA,NA
134,DPP4I main_SGLT2I main_Hypotension,IQVIA_Germany_DA_20230124,0,36211,177780,0,0,0,0,0,0,0,0,0,0,0,NA,NA,NA,NA
134,DPP4I main_SGLT2I main_Hypotension,UK_IMRD_EMIS_20230215,0,16790,38460,0,0,0,0,0,0,0,0,0,0,0,NA,NA,NA,NA
134,DPP4I main_SGLT2I main_Hypotension,LPD_Spain_20220704,0,10616,33650,0,0,0,0,0,0,0,0,0,0,0,NA,NA,NA,NA
134,DPP4I main_SGLT2I main_Hypotension,JHM_OMOP_20230406,0,7300,19650,0,0,0,0,0,0,0,0,0,0,0,NA,NA,NA,NA
134,DPP4I main_SGLT2I main_Hypotension,LPD_Italy_20221226,0,7179,15830,0,0,0,0,0,0,0,0,0,0,0,NA,NA,NA,NA
134,DPP4I main_SGLT2I main_Hypotension,US_Hospital_20230130,0,5983,31740,0,0,0,0,0,0,0,0,0,0,0,NA,NA,NA,NA
134,DPP4I main_SGLT2I main_Hypotension,France_LPD_20230118,0,5475,21290,0,0,0,0,0,0,0,0,0,0,0,NA,NA,NA,NA
134,DPP4I main_SGLT2I main_Hypotension,CUIMC_20221214,0,4366,37640,0,0,0,0,0,0,0,0,0,0,0,NA,NA,NA,NA
134,DPP4I main_SGLT2I main_Hypotension,Australia_EMR_20230317,0,2683,20240,0,0,0,0,0,0,0,0,0,0,0,NA,NA,NA,NA
134,DPP4I main_SGLT2I main_Hypotension,IQVIA_Belgium_LPD_20221006,0,2208,6490,0,0,0,0,0,0,0,0,0,0,0,NA,NA,NA,NA
134,DPP4I main_SGLT2I main_Hypotension,AUSOM_20220228,0,1500,6850,0,0,0,0,0,0,0,0,0,0,0,NA,NA,NA,NA
134,DPP4I main_SGLT2I main_Hypotension,TMUCRD_20210406,0,1475,10740,0,0,0,0,0,0,0,0,0,0,0,NA,NA,NA,NA
134,DPP4I main_SGLT2I main_Hypotension,IQVIA_France_DA_20230201,0,728,3130,0,0,0,0,0,0,0,0,0,0,0,NA,NA,NA,NA
134,DPP4I main_SGLT2I main_Hypotension,Japan_HIS_20220120,0,281,7370,0,0,0,0,0,0,0,0,0,0,0,NA,NA,NA,NA
134,DPP4I main_SGLT2I main_Hypotension,RED_CDM_Tufts_20221005,0,83,1360,0,0,0,0,0,0,0,0,0,0,0,NA,NA,NA,NA
134,DPP4I main_SGLT2I main_Hypotension,ktph_sg_NA,1,93,140,0,0,NA,0,0,0,0,0,0,0,0,NA,NA,NA,NA
134,DPP4I main_SGLT2I main_Hypotension,Keck_Upgraded_OMOP_v5_NA,1,69,370,0,0,0,0,0,0,0,0,0,0,0,NA,NA,NA,NA
134,DPP4I main_SGLT2I main_Hypotension,Klinicki_centar_Crne_Gore_20230101,1,10,50,0,0,0,0,0,0,0,0,0,0,0,NA,NA,NA,NA
134,DPP4I main_SGLT2I main_Hypotension,cdm_cds,2,0,0,0,0,0,0,0,0,0,0,1,0,0,NA,NA,NA,NA
134,DPP4I main_SGLT2I main_Hypotension,premier_2326_20230125,3,0,0,0,0,0,0,0,1,0,1,0,0,0,NA,NA,NA,NA
134,DPP4I main_SGLT2I main_Hypotension,ccpp_v54_20210101,4,0,0,0,0,0,0,0,0,0,1,1,0,1,NA,NA,NA,NA
134,DPP4I main_SGLT2I main_Hypotension,HKU-THIN,5,0,-12724481,1,0,NA,0,0,0,0,1,0,1,1,NA,NA,NA,NA
134,DPP4I main_SGLT2I main_Hypotension,omop_20190828,NA,NA,900220,NA,0,NA,0,0,NA,0,NA,0,NA,NA,NA,NA,NA,NA
135,DPP4I main_SU main_Hypotension,US_OPEN_CLAIMS_20230313,0,2984398,14070770,0,0,0,0,0,0,0,0,0,0,0,NA,NA,NA,NA
135,DPP4I main_SU main_Hypotension,truven_ccae_2324_20230201,0,626883,1477240,0,0,0,0,0,0,0,0,0,0,0,NA,NA,NA,NA
135,DPP4I main_SU main_Hypotension,optum_extended_dod_2323_20230201,0,599920,1319840,0,0,0,0,0,0,0,0,0,0,0,NA,NA,NA,NA
135,DPP4I main_SU main_Hypotension,optum_extended_ses_2327_20230204,0,599919,1319840,0,0,0,0,0,0,0,0,0,0,0,NA,NA,NA,NA
135,DPP4I main_SU main_Hypotension,US_PharMetrics_Plus_20230330,0,546343,1455410,0,0,0,0,0,0,0,0,0,0,0,NA,NA,NA,NA
135,DPP4I main_SU main_Hypotension,optum_ehr_2247_20221205,0,449949,1565820,0,0,0,0,0,0,0,0,0,0,0,NA,NA,NA,NA
135,DPP4I main_SU main_Hypotension,truven_mdcr_2322_20230127,0,388236,481750,0,0,0,0,0,0,0,0,0,0,0,NA,NA,NA,NA
135,DPP4I main_SU main_Hypotension,pmtx_202203_20220831,0,113907,307900,0,0,0,0,0,0,0,0,0,0,0,NA,NA,NA,NA
135,DPP4I main_SU main_Hypotension,jmdc_2325_20230126,0,93462,186980,0,0,0,0,0,0,0,0,0,0,0,NA,NA,NA,NA
135,DPP4I main_SU main_Hypotension,VA-OMOP_20230411,0,78282,527360,0,0,0,0,0,0,0,0,0,0,0,NA,NA,NA,NA
135,DPP4I main_SU main_Hypotension,Japan_Claims_20230215,0,63264,183860,0,0,0,0,0,0,0,0,0,0,0,NA,NA,NA,NA
135,DPP4I main_SU main_Hypotension,US_Hospital_20230130,0,62779,333060,0,0,0,0,0,0,0,0,0,0,0,NA,NA,NA,NA
135,DPP4I main_SU main_Hypotension,truven_mdcd_2359_20230215,0,53891,249690,0,0,0,0,0,0,0,0,0,0,0,NA,NA,NA,NA
135,DPP4I main_SU main_Hypotension,UK_IMRD_THIN_20221230,0,46223,86730,0,0,0,0,0,0,0,0,0,0,0,NA,NA,NA,NA
135,DPP4I main_SU main_Hypotension,IQVIA_Germany_DA_20230124,0,34376,168770,0,0,0,0,0,0,0,0,0,0,0,NA,NA,NA,NA
135,DPP4I main_SU main_Hypotension,France_LPD_20230118,0,17967,69870,0,0,0,0,0,0,0,0,0,0,0,NA,NA,NA,NA
135,DPP4I main_SU main_Hypotension,LPD_Italy_20221226,0,15674,34560,0,0,0,0,0,0,0,0,0,0,0,NA,NA,NA,NA
135,DPP4I main_SU main_Hypotension,UK_IMRD_EMIS_20230215,0,12232,28020,0,0,0,0,0,0,0,0,0,0,0,NA,NA,NA,NA
135,DPP4I main_SU main_Hypotension,IQVIA_France_DA_20230201,0,8245,35460,0,0,0,0,0,0,0,0,0,0,0,NA,NA,NA,NA
135,DPP4I main_SU main_Hypotension,AUSOM_20220228,0,7616,34770,0,0,0,0,0,0,0,0,0,0,0,NA,NA,NA,NA
135,DPP4I main_SU main_Hypotension,JHM_OMOP_20230406,0,7300,19650,0,0,0,0,0,0,0,0,0,0,0,NA,NA,NA,NA
135,DPP4I main_SU main_Hypotension,TMUCRD_20210406,0,7245,52740,0,0,0,0,0,0,0,0,0,0,0,NA,NA,NA,NA
135,DPP4I main_SU main_Hypotension,CUIMC_20221214,0,7067,60920,0,0,0,0,0,0,0,0,0,0,0,NA,NA,NA,NA
135,DPP4I main_SU main_Hypotension,LPD_Spain_20220704,0,6161,19530,0,0,0,0,0,0,0,0,0,0,0,NA,NA,NA,NA
135,DPP4I main_SU main_Hypotension,IQVIA_Belgium_LPD_20221006,0,1773,5210,0,0,0,0,0,0,0,0,0,0,0,NA,NA,NA,NA
135,DPP4I main_SU main_Hypotension,Keck_Upgraded_OMOP_v5_NA,0,1700,9120,0,0,0,0,0,0,0,0,0,0,0,NA,NA,NA,NA
135,DPP4I main_SU main_Hypotension,Australia_EMR_20230317,0,586,4420,0,0,0,0,0,0,0,0,0,0,0,NA,NA,NA,NA
135,DPP4I main_SU main_Hypotension,Japan_HIS_20220120,0,449,11790,0,0,0,0,0,0,0,0,0,0,0,NA,NA,NA,NA
135,DPP4I main_SU main_Hypotension,RED_CDM_Tufts_20221005,0,113,1860,0,0,0,0,0,0,0,0,0,0,0,NA,NA,NA,NA
135,DPP4I main_SU main_Hypotension,premier_2326_20230125,1,6525,914680,0,0,0,0,0,1,0,0,0,0,0,NA,NA,NA,NA
135,DPP4I main_SU main_Hypotension,ktph_sg_NA,1,578,870,0,0,NA,0,0,0,0,0,0,0,0,NA,NA,NA,NA
135,DPP4I main_SU main_Hypotension,Klinicki_centar_Crne_Gore_20230101,2,0,0,0,0,0,0,0,0,0,1,0,0,0,NA,NA,NA,NA
135,DPP4I main_SU main_Hypotension,cdm_cds,2,0,0,0,0,0,0,0,0,0,0,1,0,0,NA,NA,NA,NA
135,DPP4I main_SU main_Hypotension,ccpp_v54_20210101,4,0,0,0,0,0,0,0,0,0,1,1,0,1,NA,NA,NA,NA
135,DPP4I main_SU main_Hypotension,HKU-THIN,5,0,-12724481,1,0,NA,0,0,0,0,1,0,1,1,NA,NA,NA,NA
135,DPP4I main_SU main_Hypotension,omop_20190828,NA,NA,900220,NA,0,NA,0,0,NA,0,NA,0,NA,NA,NA,NA,NA,NA
136,GLP1RA main_SGLT2I main_Hypotension,US_OPEN_CLAIMS_20230313,0,2797753,13190780,0,0,0,0,0,0,0,0,0,0,0,NA,NA,NA,NA
136,GLP1RA main_SGLT2I main_Hypotension,US_PharMetrics_Plus_20230330,0,603199,1606870,0,0,0,0,0,0,0,0,0,0,0,NA,NA,NA,NA
136,GLP1RA main_SGLT2I main_Hypotension,optum_extended_ses_2327_20230204,0,433598,953930,0,0,0,0,0,0,0,0,0,0,0,NA,NA,NA,NA
136,GLP1RA main_SGLT2I main_Hypotension,optum_extended_dod_2323_20230201,0,433595,953920,0,0,0,0,0,0,0,0,0,0,0,NA,NA,NA,NA
136,GLP1RA main_SGLT2I main_Hypotension,truven_ccae_2324_20230201,0,397219,936040,0,0,0,0,0,0,0,0,0,0,0,NA,NA,NA,NA
136,GLP1RA main_SGLT2I main_Hypotension,optum_ehr_2247_20221205,0,262584,913790,0,0,0,0,0,0,0,0,0,0,0,NA,NA,NA,NA
136,GLP1RA main_SGLT2I main_Hypotension,truven_mdcr_2322_20230127,0,120964,150100,0,0,0,0,0,0,0,0,0,0,0,NA,NA,NA,NA
136,GLP1RA main_SGLT2I main_Hypotension,pmtx_202203_20220831,0,108591,293530,0,0,0,0,0,0,0,0,0,0,0,NA,NA,NA,NA
136,GLP1RA main_SGLT2I main_Hypotension,VA-OMOP_20230411,0,74531,502090,0,0,0,0,0,0,0,0,0,0,0,NA,NA,NA,NA
136,GLP1RA main_SGLT2I main_Hypotension,truven_mdcd_2359_20230215,0,36976,171320,0,0,0,0,0,0,0,0,0,0,0,NA,NA,NA,NA
136,GLP1RA main_SGLT2I main_Hypotension,UK_IMRD_THIN_20221230,0,32984,61890,0,0,0,0,0,0,0,0,0,0,0,NA,NA,NA,NA
136,GLP1RA main_SGLT2I main_Hypotension,IQVIA_Germany_DA_20230124,0,25687,126110,0,0,0,0,0,0,0,0,0,0,0,NA,NA,NA,NA
136,GLP1RA main_SGLT2I main_Hypotension,jmdc_2325_20230126,0,15225,30460,0,0,0,0,0,0,0,0,0,0,0,NA,NA,NA,NA
136,GLP1RA main_SGLT2I main_Hypotension,UK_IMRD_EMIS_20230215,0,13027,29840,0,0,0,0,0,0,0,0,0,0,0,NA,NA,NA,NA
136,GLP1RA main_SGLT2I main_Hypotension,Japan_Claims_20230215,0,10987,31930,0,0,0,0,0,0,0,0,0,0,0,NA,NA,NA,NA
136,GLP1RA main_SGLT2I main_Hypotension,JHM_OMOP_20230406,0,7898,21260,0,0,0,0,0,0,0,0,0,0,0,NA,NA,NA,NA
136,GLP1RA main_SGLT2I main_Hypotension,LPD_Italy_20221226,0,7179,15830,0,0,0,0,0,0,0,0,0,0,0,NA,NA,NA,NA
136,GLP1RA main_SGLT2I main_Hypotension,France_LPD_20230118,0,5475,21290,0,0,0,0,0,0,0,0,0,0,0,NA,NA,NA,NA
136,GLP1RA main_SGLT2I main_Hypotension,CUIMC_20221214,0,4366,37640,0,0,0,0,0,0,0,0,0,0,0,NA,NA,NA,NA
136,GLP1RA main_SGLT2I main_Hypotension,LPD_Spain_20220704,0,3795,12030,0,0,0,0,0,0,0,0,0,0,0,NA,NA,NA,NA
136,GLP1RA main_SGLT2I main_Hypotension,US_Hospital_20230130,0,2639,14000,0,0,0,0,0,0,0,0,0,0,0,NA,NA,NA,NA
136,GLP1RA main_SGLT2I main_Hypotension,IQVIA_Belgium_LPD_20221006,0,2208,6490,0,0,0,0,0,0,0,0,0,0,0,NA,NA,NA,NA
136,GLP1RA main_SGLT2I main_Hypotension,Australia_EMR_20230317,0,835,6300,0,0,0,0,0,0,0,0,0,0,0,NA,NA,NA,NA
136,GLP1RA main_SGLT2I main_Hypotension,IQVIA_France_DA_20230201,0,728,3130,0,0,0,0,0,0,0,0,0,0,0,NA,NA,NA,NA
136,GLP1RA main_SGLT2I main_Hypotension,AUSOM_20220228,0,699,3190,0,0,0,0,0,0,0,0,0,0,0,NA,NA,NA,NA
136,GLP1RA main_SGLT2I main_Hypotension,TMUCRD_20210406,0,433,3150,0,0,0,0,0,0,0,0,0,0,0,NA,NA,NA,NA
136,GLP1RA main_SGLT2I main_Hypotension,Japan_HIS_20220120,0,108,2830,0,0,0,0,0,0,0,0,0,0,0,NA,NA,NA,NA
136,GLP1RA main_SGLT2I main_Hypotension,RED_CDM_Tufts_20221005,0,83,1360,0,0,0,0,0,0,0,0,0,0,0,NA,NA,NA,NA
136,GLP1RA main_SGLT2I main_Hypotension,Keck_Upgraded_OMOP_v5_NA,1,15,80,0,0,0,0,0,0,0,0,0,0,0,NA,NA,NA,NA
136,GLP1RA main_SGLT2I main_Hypotension,ktph_sg_NA,1,13,20,0,0,NA,0,0,0,0,0,0,0,0,NA,NA,NA,NA
136,GLP1RA main_SGLT2I main_Hypotension,Klinicki_centar_Crne_Gore_20230101,2,0,0,0,0,0,0,0,0,0,0,0,0,1,NA,NA,NA,NA
136,GLP1RA main_SGLT2I main_Hypotension,cdm_cds,2,0,0,0,0,0,0,0,0,0,0,1,0,0,NA,NA,NA,NA
136,GLP1RA main_SGLT2I main_Hypotension,ccpp_v54_20210101,4,0,0,0,0,0,0,0,0,0,1,1,0,1,NA,NA,NA,NA
136,GLP1RA main_SGLT2I main_Hypotension,premier_2326_20230125,4,0,0,0,0,0,0,0,1,0,1,0,0,1,NA,NA,NA,NA
136,GLP1RA main_SGLT2I main_Hypotension,HKU-THIN,5,0,-12724481,1,0,NA,0,0,0,0,1,0,1,1,NA,NA,NA,NA
136,GLP1RA main_SGLT2I main_Hypotension,omop_20190828,NA,NA,48480,NA,0,NA,0,0,NA,0,NA,0,NA,0,NA,NA,NA,NA
137,GLP1RA main_SU main_Hypotension,US_OPEN_CLAIMS_20230313,0,4114327,19398130,0,0,0,0,0,0,0,0,0,0,0,NA,NA,NA,NA
137,GLP1RA main_SU main_Hypotension,US_PharMetrics_Plus_20230330,0,845464,2252240,0,0,0,0,0,0,0,0,0,0,0,NA,NA,NA,NA
137,GLP1RA main_SU main_Hypotension,truven_ccae_2324_20230201,0,772045,1819310,0,0,0,0,0,0,0,0,0,0,0,NA,NA,NA,NA
137,GLP1RA main_SU main_Hypotension,optum_extended_dod_2323_20230201,0,652061,1434550,0,0,0,0,0,0,0,0,0,0,0,NA,NA,NA,NA
137,GLP1RA main_SU main_Hypotension,optum_extended_ses_2327_20230204,0,652050,1434530,0,0,0,0,0,0,0,0,0,0,0,NA,NA,NA,NA
137,GLP1RA main_SU main_Hypotension,optum_ehr_2247_20221205,0,381202,1326580,0,0,0,0,0,0,0,0,0,0,0,NA,NA,NA,NA
137,GLP1RA main_SU main_Hypotension,truven_mdcr_2322_20230127,0,193421,240010,0,0,0,0,0,0,0,0,0,0,0,NA,NA,NA,NA
137,GLP1RA main_SU main_Hypotension,pmtx_202203_20220831,0,145186,392450,0,0,0,0,0,0,0,0,0,0,0,NA,NA,NA,NA
137,GLP1RA main_SU main_Hypotension,VA-OMOP_20230411,0,74531,502090,0,0,0,0,0,0,0,0,0,0,0,NA,NA,NA,NA
137,GLP1RA main_SU main_Hypotension,truven_mdcd_2359_20230215,0,58097,269180,0,0,0,0,0,0,0,0,0,0,0,NA,NA,NA,NA
137,GLP1RA main_SU main_Hypotension,UK_IMRD_THIN_20221230,0,32984,61890,0,0,0,0,0,0,0,0,0,0,0,NA,NA,NA,NA
137,GLP1RA main_SU main_Hypotension,IQVIA_Germany_DA_20230124,0,25687,126110,0,0,0,0,0,0,0,0,0,0,0,NA,NA,NA,NA
137,GLP1RA main_SU main_Hypotension,France_LPD_20230118,0,17967,69870,0,0,0,0,0,0,0,0,0,0,0,NA,NA,NA,NA
137,GLP1RA main_SU main_Hypotension,jmdc_2325_20230126,0,15225,30460,0,0,0,0,0,0,0,0,0,0,0,NA,NA,NA,NA
137,GLP1RA main_SU main_Hypotension,UK_IMRD_EMIS_20230215,0,12232,28020,0,0,0,0,0,0,0,0,0,0,0,NA,NA,NA,NA
137,GLP1RA main_SU main_Hypotension,JHM_OMOP_20230406,0,11569,31140,0,0,0,0,0,0,0,0,0,0,0,NA,NA,NA,NA
137,GLP1RA main_SU main_Hypotension,Japan_Claims_20230215,0,10987,31930,0,0,0,0,0,0,0,0,0,0,0,NA,NA,NA,NA
137,GLP1RA main_SU main_Hypotension,LPD_Italy_20221226,0,8350,18410,0,0,0,0,0,0,0,0,0,0,0,NA,NA,NA,NA
137,GLP1RA main_SU main_Hypotension,CUIMC_20221214,0,6690,57670,0,0,0,0,0,0,0,0,0,0,0,NA,NA,NA,NA
137,GLP1RA main_SU main_Hypotension,IQVIA_France_DA_20230201,0,5799,24940,0,0,0,0,0,0,0,0,0,0,0,NA,NA,NA,NA
137,GLP1RA main_SU main_Hypotension,LPD_Spain_20220704,0,3795,12030,0,0,0,0,0,0,0,0,0,0,0,NA,NA,NA,NA
137,GLP1RA main_SU main_Hypotension,US_Hospital_20230130,0,2639,14000,0,0,0,0,0,0,0,0,0,0,0,NA,NA,NA,NA
137,GLP1RA main_SU main_Hypotension,IQVIA_Belgium_LPD_20221006,0,1773,5210,0,0,0,0,0,0,0,0,0,0,0,NA,NA,NA,NA
137,GLP1RA main_SU main_Hypotension,AUSOM_20220228,0,699,3190,0,0,0,0,0,0,0,0,0,0,0,NA,NA,NA,NA
137,GLP1RA main_SU main_Hypotension,Australia_EMR_20230317,0,586,4420,0,0,0,0,0,0,0,0,0,0,0,NA,NA,NA,NA
137,GLP1RA main_SU main_Hypotension,TMUCRD_20210406,0,433,3150,0,0,0,0,0,0,0,0,0,0,0,NA,NA,NA,NA
137,GLP1RA main_SU main_Hypotension,RED_CDM_Tufts_20221005,0,132,2180,0,0,0,0,0,0,0,0,0,0,0,NA,NA,NA,NA
137,GLP1RA main_SU main_Hypotension,Japan_HIS_20220120,0,108,2830,0,0,0,0,0,0,0,0,0,0,0,NA,NA,NA,NA
137,GLP1RA main_SU main_Hypotension,Keck_Upgraded_OMOP_v5_NA,1,15,80,0,0,0,0,0,0,0,0,0,0,0,NA,NA,NA,NA
137,GLP1RA main_SU main_Hypotension,ktph_sg_NA,1,13,20,0,0,NA,0,0,0,0,0,0,0,0,NA,NA,NA,NA
137,GLP1RA main_SU main_Hypotension,cdm_cds,2,0,0,0,0,0,0,0,0,0,0,1,0,0,NA,NA,NA,NA
137,GLP1RA main_SU main_Hypotension,Klinicki_centar_Crne_Gore_20230101,3,0,0,0,0,0,0,0,0,0,1,0,0,1,NA,NA,NA,NA
137,GLP1RA main_SU main_Hypotension,premier_2326_20230125,3,0,0,0,0,0,0,0,1,0,0,0,0,1,NA,NA,NA,NA
137,GLP1RA main_SU main_Hypotension,ccpp_v54_20210101,4,0,0,0,0,0,0,0,0,0,1,1,0,1,NA,NA,NA,NA
137,GLP1RA main_SU main_Hypotension,HKU-THIN,5,0,-12724481,1,0,NA,0,0,0,0,1,0,1,1,NA,NA,NA,NA
137,GLP1RA main_SU main_Hypotension,omop_20190828,NA,NA,48480,NA,0,NA,0,0,NA,0,NA,0,NA,0,NA,NA,NA,NA
138,SGLT2I main_SU main_Hypotension,US_OPEN_CLAIMS_20230313,0,2797753,13190780,0,0,0,0,0,0,0,0,0,0,0,NA,NA,NA,NA
138,SGLT2I main_SU main_Hypotension,US_PharMetrics_Plus_20230330,0,603199,1606870,0,0,0,0,0,0,0,0,0,0,0,NA,NA,NA,NA
138,SGLT2I main_SU main_Hypotension,optum_extended_ses_2327_20230204,0,433598,953930,0,0,0,0,0,0,0,0,0,0,0,NA,NA,NA,NA
138,SGLT2I main_SU main_Hypotension,optum_extended_dod_2323_20230201,0,433595,953920,0,0,0,0,0,0,0,0,0,0,0,NA,NA,NA,NA
138,SGLT2I main_SU main_Hypotension,truven_ccae_2324_20230201,0,397219,936040,0,0,0,0,0,0,0,0,0,0,0,NA,NA,NA,NA
138,SGLT2I main_SU main_Hypotension,optum_ehr_2247_20221205,0,262584,913790,0,0,0,0,0,0,0,0,0,0,0,NA,NA,NA,NA
138,SGLT2I main_SU main_Hypotension,truven_mdcr_2322_20230127,0,120964,150100,0,0,0,0,0,0,0,0,0,0,0,NA,NA,NA,NA
138,SGLT2I main_SU main_Hypotension,pmtx_202203_20220831,0,108591,293530,0,0,0,0,0,0,0,0,0,0,0,NA,NA,NA,NA
138,SGLT2I main_SU main_Hypotension,jmdc_2325_20230126,0,93462,186980,0,0,0,0,0,0,0,0,0,0,0,NA,NA,NA,NA
138,SGLT2I main_SU main_Hypotension,VA-OMOP_20230411,0,77503,522110,0,0,0,0,0,0,0,0,0,0,0,NA,NA,NA,NA
138,SGLT2I main_SU main_Hypotension,Japan_Claims_20230215,0,44250,128600,0,0,0,0,0,0,0,0,0,0,0,NA,NA,NA,NA
138,SGLT2I main_SU main_Hypotension,UK_IMRD_THIN_20221230,0,40675,76320,0,0,0,0,0,0,0,0,0,0,0,NA,NA,NA,NA
138,SGLT2I main_SU main_Hypotension,truven_mdcd_2359_20230215,0,36976,171320,0,0,0,0,0,0,0,0,0,0,0,NA,NA,NA,NA
138,SGLT2I main_SU main_Hypotension,IQVIA_Germany_DA_20230124,0,34376,168770,0,0,0,0,0,0,0,0,0,0,0,NA,NA,NA,NA
138,SGLT2I main_SU main_Hypotension,UK_IMRD_EMIS_20230215,0,12232,28020,0,0,0,0,0,0,0,0,0,0,0,NA,NA,NA,NA
138,SGLT2I main_SU main_Hypotension,JHM_OMOP_20230406,0,7898,21260,0,0,0,0,0,0,0,0,0,0,0,NA,NA,NA,NA
138,SGLT2I main_SU main_Hypotension,LPD_Italy_20221226,0,7179,15830,0,0,0,0,0,0,0,0,0,0,0,NA,NA,NA,NA
138,SGLT2I main_SU main_Hypotension,LPD_Spain_20220704,0,6161,19530,0,0,0,0,0,0,0,0,0,0,0,NA,NA,NA,NA
138,SGLT2I main_SU main_Hypotension,US_Hospital_20230130,0,5983,31740,0,0,0,0,0,0,0,0,0,0,0,NA,NA,NA,NA
138,SGLT2I main_SU main_Hypotension,France_LPD_20230118,0,5475,21290,0,0,0,0,0,0,0,0,0,0,0,NA,NA,NA,NA
138,SGLT2I main_SU main_Hypotension,CUIMC_20221214,0,4366,37640,0,0,0,0,0,0,0,0,0,0,0,NA,NA,NA,NA
138,SGLT2I main_SU main_Hypotension,IQVIA_Belgium_LPD_20221006,0,1773,5210,0,0,0,0,0,0,0,0,0,0,0,NA,NA,NA,NA
138,SGLT2I main_SU main_Hypotension,AUSOM_20220228,0,1500,6850,0,0,0,0,0,0,0,0,0,0,0,NA,NA,NA,NA
138,SGLT2I main_SU main_Hypotension,TMUCRD_20210406,0,1475,10740,0,0,0,0,0,0,0,0,0,0,0,NA,NA,NA,NA
138,SGLT2I main_SU main_Hypotension,IQVIA_France_DA_20230201,0,728,3130,0,0,0,0,0,0,0,0,0,0,0,NA,NA,NA,NA
138,SGLT2I main_SU main_Hypotension,Australia_EMR_20230317,0,586,4420,0,0,0,0,0,0,0,0,0,0,0,NA,NA,NA,NA
138,SGLT2I main_SU main_Hypotension,Japan_HIS_20220120,0,281,7370,0,0,0,0,0,0,0,0,0,0,0,NA,NA,NA,NA
138,SGLT2I main_SU main_Hypotension,RED_CDM_Tufts_20221005,0,83,1360,0,0,0,0,0,0,0,0,0,0,0,NA,NA,NA,NA
138,SGLT2I main_SU main_Hypotension,ktph_sg_NA,1,93,140,0,0,NA,0,0,0,0,0,0,0,0,NA,NA,NA,NA
138,SGLT2I main_SU main_Hypotension,Keck_Upgraded_OMOP_v5_NA,1,69,370,0,0,0,0,0,0,0,0,0,0,0,NA,NA,NA,NA
138,SGLT2I main_SU main_Hypotension,Klinicki_centar_Crne_Gore_20230101,2,0,0,0,0,0,0,0,0,0,1,0,0,0,NA,NA,NA,NA
138,SGLT2I main_SU main_Hypotension,cdm_cds,2,0,0,0,0,0,0,0,0,0,0,1,0,0,NA,NA,NA,NA
138,SGLT2I main_SU main_Hypotension,premier_2326_20230125,3,0,0,0,0,0,0,0,1,0,0,0,0,1,NA,NA,NA,NA
138,SGLT2I main_SU main_Hypotension,ccpp_v54_20210101,4,0,0,0,0,0,0,0,0,0,1,1,0,1,NA,NA,NA,NA
138,SGLT2I main_SU main_Hypotension,HKU-THIN,5,0,-12724481,1,0,NA,0,0,0,0,1,0,1,1,NA,NA,NA,NA
138,SGLT2I main_SU main_Hypotension,omop_20190828,NA,NA,900220,NA,0,NA,0,0,NA,0,NA,0,NA,NA,NA,NA,NA,NA
139,DPP4I main_GLP1RA main_Joint pain,US_OPEN_CLAIMS_20230313,0,2984398,14070770,0,0,0,0,0,0,0,0,0,0,0,NA,NA,NA,NA
139,DPP4I main_GLP1RA main_Joint pain,truven_ccae_2324_20230201,0,626883,1477240,0,0,0,0,0,0,0,0,0,0,0,NA,NA,NA,NA
139,DPP4I main_GLP1RA main_Joint pain,optum_extended_dod_2323_20230201,0,599920,1319840,0,0,0,0,0,0,0,0,0,0,0,NA,NA,NA,NA
139,DPP4I main_GLP1RA main_Joint pain,optum_extended_ses_2327_20230204,0,599919,1319840,0,0,0,0,0,0,0,0,0,0,0,NA,NA,NA,NA
139,DPP4I main_GLP1RA main_Joint pain,US_PharMetrics_Plus_20230330,0,546343,1455410,0,0,0,0,0,0,0,0,0,0,0,NA,NA,NA,NA
139,DPP4I main_GLP1RA main_Joint pain,optum_ehr_2247_20221205,0,381202,1326580,0,0,0,0,0,0,0,0,0,0,0,NA,NA,NA,NA
139,DPP4I main_GLP1RA main_Joint pain,truven_mdcr_2322_20230127,0,193421,240010,0,0,0,0,0,0,0,0,0,0,0,NA,NA,NA,NA
139,DPP4I main_GLP1RA main_Joint pain,pmtx_202203_20220831,0,113907,307900,0,0,0,0,0,0,0,0,0,0,0,NA,NA,NA,NA
139,DPP4I main_GLP1RA main_Joint pain,VA-OMOP_20230411,0,74531,502090,0,0,0,0,0,0,0,0,0,0,0,NA,NA,NA,NA
139,DPP4I main_GLP1RA main_Joint pain,truven_mdcd_2359_20230215,0,53891,249690,0,0,0,0,0,0,0,0,0,0,0,NA,NA,NA,NA
139,DPP4I main_GLP1RA main_Joint pain,UK_IMRD_THIN_20221230,0,32984,61890,0,0,0,0,0,0,0,0,0,0,0,NA,NA,NA,NA
139,DPP4I main_GLP1RA main_Joint pain,IQVIA_Germany_DA_20230124,0,25687,126110,0,0,0,0,0,0,0,0,0,0,0,NA,NA,NA,NA
139,DPP4I main_GLP1RA main_Joint pain,France_LPD_20230118,0,19374,75340,0,0,0,0,0,0,0,0,0,0,0,NA,NA,NA,NA
139,DPP4I main_GLP1RA main_Joint pain,jmdc_2325_20230126,0,15225,30460,0,0,0,0,0,0,0,0,0,0,0,NA,NA,NA,NA
139,DPP4I main_GLP1RA main_Joint pain,UK_IMRD_EMIS_20230215,0,13027,29840,0,0,0,0,0,0,0,0,0,0,0,NA,NA,NA,NA
139,DPP4I main_GLP1RA main_Joint pain,Japan_Claims_20230215,0,10987,31930,0,0,0,0,0,0,0,0,0,0,0,NA,NA,NA,NA
139,DPP4I main_GLP1RA main_Joint pain,LPD_Italy_20221226,0,8350,18410,0,0,0,0,0,0,0,0,0,0,0,NA,NA,NA,NA
139,DPP4I main_GLP1RA main_Joint pain,JHM_OMOP_20230406,0,7300,19650,0,0,0,0,0,0,0,0,0,0,0,NA,NA,NA,NA
139,DPP4I main_GLP1RA main_Joint pain,CUIMC_20221214,0,6690,57670,0,0,0,0,0,0,0,0,0,0,0,NA,NA,NA,NA
139,DPP4I main_GLP1RA main_Joint pain,IQVIA_France_DA_20230201,0,5799,24940,0,0,0,0,0,0,0,0,0,0,0,NA,NA,NA,NA
139,DPP4I main_GLP1RA main_Joint pain,LPD_Spain_20220704,0,3795,12030,0,0,0,0,0,0,0,0,0,0,0,NA,NA,NA,NA
139,DPP4I main_GLP1RA main_Joint pain,IQVIA_Belgium_LPD_20221006,0,2933,8620,0,0,0,0,0,0,0,0,0,0,0,NA,NA,NA,NA
139,DPP4I main_GLP1RA main_Joint pain,US_Hospital_20230130,0,2639,14000,0,0,0,0,0,0,0,0,0,0,0,NA,NA,NA,NA
139,DPP4I main_GLP1RA main_Joint pain,Australia_EMR_20230317,0,835,6300,0,0,0,0,0,0,0,0,0,0,0,NA,NA,NA,NA
139,DPP4I main_GLP1RA main_Joint pain,AUSOM_20220228,0,699,3190,0,0,0,0,0,0,0,0,0,0,0,NA,NA,NA,NA
139,DPP4I main_GLP1RA main_Joint pain,TMUCRD_20210406,0,433,3150,0,0,0,0,0,0,0,0,0,0,0,NA,NA,NA,NA
139,DPP4I main_GLP1RA main_Joint pain,RED_CDM_Tufts_20221005,0,113,1860,0,0,0,0,0,0,0,0,0,0,0,NA,NA,NA,NA
139,DPP4I main_GLP1RA main_Joint pain,Japan_HIS_20220120,0,108,2830,0,0,0,0,0,0,0,0,0,0,0,NA,NA,NA,NA
139,DPP4I main_GLP1RA main_Joint pain,Keck_Upgraded_OMOP_v5_NA,1,15,80,0,0,0,0,0,0,0,0,0,0,0,NA,NA,NA,NA
139,DPP4I main_GLP1RA main_Joint pain,ktph_sg_NA,2,13,20,0,0,NA,0,0,0,0,0,0,1,0,NA,NA,NA,NA
139,DPP4I main_GLP1RA main_Joint pain,Klinicki_centar_Crne_Gore_20230101,2,0,0,0,0,0,0,0,0,0,1,0,0,0,NA,NA,NA,NA
139,DPP4I main_GLP1RA main_Joint pain,cdm_cds,2,0,0,0,0,0,0,0,0,0,0,1,0,0,NA,NA,NA,NA
139,DPP4I main_GLP1RA main_Joint pain,premier_2326_20230125,3,0,0,0,0,0,0,0,1,0,1,0,0,0,NA,NA,NA,NA
139,DPP4I main_GLP1RA main_Joint pain,ccpp_v54_20210101,4,0,0,0,0,0,0,0,0,0,1,1,0,1,NA,NA,NA,NA
139,DPP4I main_GLP1RA main_Joint pain,HKU-THIN,5,0,-12724481,1,0,NA,0,0,0,0,1,0,1,1,NA,NA,NA,NA
139,DPP4I main_GLP1RA main_Joint pain,omop_20190828,NA,NA,48480,NA,0,NA,0,0,NA,0,0,0,0,NA,NA,NA,NA,NA
140,DPP4I main_SGLT2I main_Joint pain,US_OPEN_CLAIMS_20230313,0,2797753,13190780,0,0,0,0,0,0,0,0,0,0,0,NA,NA,NA,NA
140,DPP4I main_SGLT2I main_Joint pain,US_PharMetrics_Plus_20230330,0,546343,1455410,0,0,0,0,0,0,0,0,0,0,0,NA,NA,NA,NA
140,DPP4I main_SGLT2I main_Joint pain,optum_extended_ses_2327_20230204,0,433598,953930,0,0,0,0,0,0,0,0,0,0,0,NA,NA,NA,NA
140,DPP4I main_SGLT2I main_Joint pain,optum_extended_dod_2323_20230201,0,433595,953920,0,0,0,0,0,0,0,0,0,0,0,NA,NA,NA,NA
140,DPP4I main_SGLT2I main_Joint pain,truven_ccae_2324_20230201,0,397219,936040,0,0,0,0,0,0,0,0,0,0,0,NA,NA,NA,NA
140,DPP4I main_SGLT2I main_Joint pain,optum_ehr_2247_20221205,0,262584,913790,0,0,0,0,0,0,0,0,0,0,0,NA,NA,NA,NA
140,DPP4I main_SGLT2I main_Joint pain,truven_mdcr_2322_20230127,0,120964,150100,0,0,0,0,0,0,0,0,0,0,0,NA,NA,NA,NA
140,DPP4I main_SGLT2I main_Joint pain,pmtx_202203_20220831,0,108591,293530,0,0,0,0,0,0,0,0,0,0,0,NA,NA,NA,NA
140,DPP4I main_SGLT2I main_Joint pain,jmdc_2325_20230126,0,97761,195580,0,0,0,0,0,0,0,0,0,0,0,NA,NA,NA,NA
140,DPP4I main_SGLT2I main_Joint pain,VA-OMOP_20230411,0,77503,522110,0,0,0,0,0,0,0,0,0,0,0,NA,NA,NA,NA
140,DPP4I main_SGLT2I main_Joint pain,Japan_Claims_20230215,0,44250,128600,0,0,0,0,0,0,0,0,0,0,0,NA,NA,NA,NA
140,DPP4I main_SGLT2I main_Joint pain,UK_IMRD_THIN_20221230,0,40675,76320,0,0,0,0,0,0,0,0,0,0,0,NA,NA,NA,NA
140,DPP4I main_SGLT2I main_Joint pain,truven_mdcd_2359_20230215,0,36976,171320,0,0,0,0,0,0,0,0,0,0,0,NA,NA,NA,NA
140,DPP4I main_SGLT2I main_Joint pain,IQVIA_Germany_DA_20230124,0,36211,177780,0,0,0,0,0,0,0,0,0,0,0,NA,NA,NA,NA
140,DPP4I main_SGLT2I main_Joint pain,UK_IMRD_EMIS_20230215,0,16790,38460,0,0,0,0,0,0,0,0,0,0,0,NA,NA,NA,NA
140,DPP4I main_SGLT2I main_Joint pain,LPD_Spain_20220704,0,10616,33650,0,0,0,0,0,0,0,0,0,0,0,NA,NA,NA,NA
140,DPP4I main_SGLT2I main_Joint pain,JHM_OMOP_20230406,0,7300,19650,0,0,0,0,0,0,0,0,0,0,0,NA,NA,NA,NA
140,DPP4I main_SGLT2I main_Joint pain,LPD_Italy_20221226,0,7179,15830,0,0,0,0,0,0,0,0,0,0,0,NA,NA,NA,NA
140,DPP4I main_SGLT2I main_Joint pain,US_Hospital_20230130,0,5983,31740,0,0,0,0,0,0,0,0,0,0,0,NA,NA,NA,NA
140,DPP4I main_SGLT2I main_Joint pain,France_LPD_20230118,0,5475,21290,0,0,0,0,0,0,0,0,0,0,0,NA,NA,NA,NA
140,DPP4I main_SGLT2I main_Joint pain,CUIMC_20221214,0,4366,37640,0,0,0,0,0,0,0,0,0,0,0,NA,NA,NA,NA
140,DPP4I main_SGLT2I main_Joint pain,Australia_EMR_20230317,0,2683,20240,0,0,0,0,0,0,0,0,0,0,0,NA,NA,NA,NA
140,DPP4I main_SGLT2I main_Joint pain,IQVIA_Belgium_LPD_20221006,0,2208,6490,0,0,0,0,0,0,0,0,0,0,0,NA,NA,NA,NA
140,DPP4I main_SGLT2I main_Joint pain,AUSOM_20220228,0,1500,6850,0,0,0,0,0,0,0,0,0,0,0,NA,NA,NA,NA
140,DPP4I main_SGLT2I main_Joint pain,TMUCRD_20210406,0,1475,10740,0,0,0,0,0,0,0,0,0,0,0,NA,NA,NA,NA
140,DPP4I main_SGLT2I main_Joint pain,IQVIA_France_DA_20230201,0,728,3130,0,0,0,0,0,0,0,0,0,0,0,NA,NA,NA,NA
140,DPP4I main_SGLT2I main_Joint pain,Japan_HIS_20220120,0,281,7370,0,0,0,0,0,0,0,0,0,0,0,NA,NA,NA,NA
140,DPP4I main_SGLT2I main_Joint pain,RED_CDM_Tufts_20221005,0,83,1360,0,0,0,0,0,0,0,0,0,0,0,NA,NA,NA,NA
140,DPP4I main_SGLT2I main_Joint pain,Keck_Upgraded_OMOP_v5_NA,1,69,370,0,0,0,0,0,0,0,0,0,0,0,NA,NA,NA,NA
140,DPP4I main_SGLT2I main_Joint pain,Klinicki_centar_Crne_Gore_20230101,1,10,50,0,0,0,0,0,0,0,0,0,0,0,NA,NA,NA,NA
140,DPP4I main_SGLT2I main_Joint pain,ktph_sg_NA,2,93,140,0,0,NA,0,0,0,0,0,0,1,0,NA,NA,NA,NA
140,DPP4I main_SGLT2I main_Joint pain,cdm_cds,2,0,0,0,0,0,0,0,0,0,0,1,0,0,NA,NA,NA,NA
140,DPP4I main_SGLT2I main_Joint pain,premier_2326_20230125,3,0,0,0,0,0,0,0,1,0,1,0,0,0,NA,NA,NA,NA
140,DPP4I main_SGLT2I main_Joint pain,ccpp_v54_20210101,4,0,0,0,0,0,0,0,0,0,1,1,0,1,NA,NA,NA,NA
140,DPP4I main_SGLT2I main_Joint pain,HKU-THIN,5,0,-12724481,1,0,NA,0,0,0,0,1,0,1,1,NA,NA,NA,NA
140,DPP4I main_SGLT2I main_Joint pain,omop_20190828,NA,NA,900220,NA,0,NA,0,0,NA,0,NA,0,0,NA,NA,NA,NA,NA
141,DPP4I main_SU main_Joint pain,US_OPEN_CLAIMS_20230313,0,2984398,14070770,0,0,0,0,0,0,0,0,0,0,0,NA,NA,NA,NA
141,DPP4I main_SU main_Joint pain,truven_ccae_2324_20230201,0,626883,1477240,0,0,0,0,0,0,0,0,0,0,0,NA,NA,NA,NA
141,DPP4I main_SU main_Joint pain,optum_extended_dod_2323_20230201,0,599920,1319840,0,0,0,0,0,0,0,0,0,0,0,NA,NA,NA,NA
141,DPP4I main_SU main_Joint pain,optum_extended_ses_2327_20230204,0,599919,1319840,0,0,0,0,0,0,0,0,0,0,0,NA,NA,NA,NA
141,DPP4I main_SU main_Joint pain,US_PharMetrics_Plus_20230330,0,546343,1455410,0,0,0,0,0,0,0,0,0,0,0,NA,NA,NA,NA
141,DPP4I main_SU main_Joint pain,optum_ehr_2247_20221205,0,449949,1565820,0,0,0,0,0,0,0,0,0,0,0,NA,NA,NA,NA
141,DPP4I main_SU main_Joint pain,truven_mdcr_2322_20230127,0,388236,481750,0,0,0,0,0,0,0,0,0,0,0,NA,NA,NA,NA
141,DPP4I main_SU main_Joint pain,pmtx_202203_20220831,0,113907,307900,0,0,0,0,0,0,0,0,0,0,0,NA,NA,NA,NA
141,DPP4I main_SU main_Joint pain,jmdc_2325_20230126,0,93462,186980,0,0,0,0,0,0,0,0,0,0,0,NA,NA,NA,NA
141,DPP4I main_SU main_Joint pain,VA-OMOP_20230411,0,78282,527360,0,0,0,0,0,0,0,0,0,0,0,NA,NA,NA,NA
141,DPP4I main_SU main_Joint pain,Japan_Claims_20230215,0,63264,183860,0,0,0,0,0,0,0,0,0,0,0,NA,NA,NA,NA
141,DPP4I main_SU main_Joint pain,US_Hospital_20230130,0,62779,333060,0,0,0,0,0,0,0,0,0,0,0,NA,NA,NA,NA
141,DPP4I main_SU main_Joint pain,truven_mdcd_2359_20230215,0,53891,249690,0,0,0,0,0,0,0,0,0,0,0,NA,NA,NA,NA
141,DPP4I main_SU main_Joint pain,UK_IMRD_THIN_20221230,0,46223,86730,0,0,0,0,0,0,0,0,0,0,0,NA,NA,NA,NA
141,DPP4I main_SU main_Joint pain,IQVIA_Germany_DA_20230124,0,34376,168770,0,0,0,0,0,0,0,0,0,0,0,NA,NA,NA,NA
141,DPP4I main_SU main_Joint pain,France_LPD_20230118,0,17967,69870,0,0,0,0,0,0,0,0,0,0,0,NA,NA,NA,NA
141,DPP4I main_SU main_Joint pain,LPD_Italy_20221226,0,15674,34560,0,0,0,0,0,0,0,0,0,0,0,NA,NA,NA,NA
141,DPP4I main_SU main_Joint pain,UK_IMRD_EMIS_20230215,0,12232,28020,0,0,0,0,0,0,0,0,0,0,0,NA,NA,NA,NA
141,DPP4I main_SU main_Joint pain,IQVIA_France_DA_20230201,0,8245,35460,0,0,0,0,0,0,0,0,0,0,0,NA,NA,NA,NA
141,DPP4I main_SU main_Joint pain,AUSOM_20220228,0,7616,34770,0,0,0,0,0,0,0,0,0,0,0,NA,NA,NA,NA
141,DPP4I main_SU main_Joint pain,JHM_OMOP_20230406,0,7300,19650,0,0,0,0,0,0,0,0,0,0,0,NA,NA,NA,NA
141,DPP4I main_SU main_Joint pain,TMUCRD_20210406,0,7245,52740,0,0,0,0,0,0,0,0,0,0,0,NA,NA,NA,NA
141,DPP4I main_SU main_Joint pain,CUIMC_20221214,0,7067,60920,0,0,0,0,0,0,0,0,0,0,0,NA,NA,NA,NA
141,DPP4I main_SU main_Joint pain,LPD_Spain_20220704,0,6161,19530,0,0,0,0,0,0,0,0,0,0,0,NA,NA,NA,NA
141,DPP4I main_SU main_Joint pain,IQVIA_Belgium_LPD_20221006,0,1773,5210,0,0,0,0,0,0,0,0,0,0,0,NA,NA,NA,NA
141,DPP4I main_SU main_Joint pain,Keck_Upgraded_OMOP_v5_NA,0,1700,9120,0,0,0,0,0,0,0,0,0,0,0,NA,NA,NA,NA
141,DPP4I main_SU main_Joint pain,Australia_EMR_20230317,0,586,4420,0,0,0,0,0,0,0,0,0,0,0,NA,NA,NA,NA
141,DPP4I main_SU main_Joint pain,Japan_HIS_20220120,0,449,11790,0,0,0,0,0,0,0,0,0,0,0,NA,NA,NA,NA
141,DPP4I main_SU main_Joint pain,RED_CDM_Tufts_20221005,0,113,1860,0,0,0,0,0,0,0,0,0,0,0,NA,NA,NA,NA
141,DPP4I main_SU main_Joint pain,premier_2326_20230125,1,6525,914680,0,0,0,0,0,1,0,0,0,0,0,NA,NA,NA,NA
141,DPP4I main_SU main_Joint pain,ktph_sg_NA,2,578,870,0,0,NA,0,0,0,0,0,0,1,0,NA,NA,NA,NA
141,DPP4I main_SU main_Joint pain,Klinicki_centar_Crne_Gore_20230101,2,0,0,0,0,0,0,0,0,0,1,0,0,0,NA,NA,NA,NA
141,DPP4I main_SU main_Joint pain,cdm_cds,2,0,0,0,0,0,0,0,0,0,0,1,0,0,NA,NA,NA,NA
141,DPP4I main_SU main_Joint pain,ccpp_v54_20210101,4,0,0,0,0,0,0,0,0,0,1,1,0,1,NA,NA,NA,NA
141,DPP4I main_SU main_Joint pain,HKU-THIN,5,0,-12724481,1,0,NA,0,0,0,0,1,0,1,1,NA,NA,NA,NA
141,DPP4I main_SU main_Joint pain,omop_20190828,NA,NA,900220,NA,0,NA,0,0,NA,0,NA,0,0,NA,NA,NA,NA,NA
142,GLP1RA main_SGLT2I main_Joint pain,US_OPEN_CLAIMS_20230313,0,2797753,13190780,0,0,0,0,0,0,0,0,0,0,0,NA,NA,NA,NA
142,GLP1RA main_SGLT2I main_Joint pain,US_PharMetrics_Plus_20230330,0,603199,1606870,0,0,0,0,0,0,0,0,0,0,0,NA,NA,NA,NA
142,GLP1RA main_SGLT2I main_Joint pain,optum_extended_ses_2327_20230204,0,433598,953930,0,0,0,0,0,0,0,0,0,0,0,NA,NA,NA,NA
142,GLP1RA main_SGLT2I main_Joint pain,optum_extended_dod_2323_20230201,0,433595,953920,0,0,0,0,0,0,0,0,0,0,0,NA,NA,NA,NA
142,GLP1RA main_SGLT2I main_Joint pain,truven_ccae_2324_20230201,0,397219,936040,0,0,0,0,0,0,0,0,0,0,0,NA,NA,NA,NA
142,GLP1RA main_SGLT2I main_Joint pain,optum_ehr_2247_20221205,0,262584,913790,0,0,0,0,0,0,0,0,0,0,0,NA,NA,NA,NA
142,GLP1RA main_SGLT2I main_Joint pain,truven_mdcr_2322_20230127,0,120964,150100,0,0,0,0,0,0,0,0,0,0,0,NA,NA,NA,NA
142,GLP1RA main_SGLT2I main_Joint pain,pmtx_202203_20220831,0,108591,293530,0,0,0,0,0,0,0,0,0,0,0,NA,NA,NA,NA
142,GLP1RA main_SGLT2I main_Joint pain,VA-OMOP_20230411,0,74531,502090,0,0,0,0,0,0,0,0,0,0,0,NA,NA,NA,NA
142,GLP1RA main_SGLT2I main_Joint pain,truven_mdcd_2359_20230215,0,36976,171320,0,0,0,0,0,0,0,0,0,0,0,NA,NA,NA,NA
142,GLP1RA main_SGLT2I main_Joint pain,UK_IMRD_THIN_20221230,0,32984,61890,0,0,0,0,0,0,0,0,0,0,0,NA,NA,NA,NA
142,GLP1RA main_SGLT2I main_Joint pain,IQVIA_Germany_DA_20230124,0,25687,126110,0,0,0,0,0,0,0,0,0,0,0,NA,NA,NA,NA
142,GLP1RA main_SGLT2I main_Joint pain,jmdc_2325_20230126,0,15225,30460,0,0,0,0,0,0,0,0,0,0,0,NA,NA,NA,NA
142,GLP1RA main_SGLT2I main_Joint pain,UK_IMRD_EMIS_20230215,0,13027,29840,0,0,0,0,0,0,0,0,0,0,0,NA,NA,NA,NA
142,GLP1RA main_SGLT2I main_Joint pain,Japan_Claims_20230215,0,10987,31930,0,0,0,0,0,0,0,0,0,0,0,NA,NA,NA,NA
142,GLP1RA main_SGLT2I main_Joint pain,JHM_OMOP_20230406,0,7898,21260,0,0,0,0,0,0,0,0,0,0,0,NA,NA,NA,NA
142,GLP1RA main_SGLT2I main_Joint pain,LPD_Italy_20221226,0,7179,15830,0,0,0,0,0,0,0,0,0,0,0,NA,NA,NA,NA
142,GLP1RA main_SGLT2I main_Joint pain,France_LPD_20230118,0,5475,21290,0,0,0,0,0,0,0,0,0,0,0,NA,NA,NA,NA
142,GLP1RA main_SGLT2I main_Joint pain,CUIMC_20221214,0,4366,37640,0,0,0,0,0,0,0,0,0,0,0,NA,NA,NA,NA
142,GLP1RA main_SGLT2I main_Joint pain,LPD_Spain_20220704,0,3795,12030,0,0,0,0,0,0,0,0,0,0,0,NA,NA,NA,NA
142,GLP1RA main_SGLT2I main_Joint pain,US_Hospital_20230130,0,2639,14000,0,0,0,0,0,0,0,0,0,0,0,NA,NA,NA,NA
142,GLP1RA main_SGLT2I main_Joint pain,IQVIA_Belgium_LPD_20221006,0,2208,6490,0,0,0,0,0,0,0,0,0,0,0,NA,NA,NA,NA
142,GLP1RA main_SGLT2I main_Joint pain,Australia_EMR_20230317,0,835,6300,0,0,0,0,0,0,0,0,0,0,0,NA,NA,NA,NA
142,GLP1RA main_SGLT2I main_Joint pain,IQVIA_France_DA_20230201,0,728,3130,0,0,0,0,0,0,0,0,0,0,0,NA,NA,NA,NA
142,GLP1RA main_SGLT2I main_Joint pain,AUSOM_20220228,0,699,3190,0,0,0,0,0,0,0,0,0,0,0,NA,NA,NA,NA
142,GLP1RA main_SGLT2I main_Joint pain,TMUCRD_20210406,0,433,3150,0,0,0,0,0,0,0,0,0,0,0,NA,NA,NA,NA
142,GLP1RA main_SGLT2I main_Joint pain,Japan_HIS_20220120,0,108,2830,0,0,0,0,0,0,0,0,0,0,0,NA,NA,NA,NA
142,GLP1RA main_SGLT2I main_Joint pain,RED_CDM_Tufts_20221005,0,83,1360,0,0,0,0,0,0,0,0,0,0,0,NA,NA,NA,NA
142,GLP1RA main_SGLT2I main_Joint pain,Keck_Upgraded_OMOP_v5_NA,1,15,80,0,0,0,0,0,0,0,0,0,0,0,NA,NA,NA,NA
142,GLP1RA main_SGLT2I main_Joint pain,ktph_sg_NA,2,13,20,0,0,NA,0,0,0,0,0,0,1,0,NA,NA,NA,NA
142,GLP1RA main_SGLT2I main_Joint pain,Klinicki_centar_Crne_Gore_20230101,2,0,0,0,0,0,0,0,0,0,0,0,0,1,NA,NA,NA,NA
142,GLP1RA main_SGLT2I main_Joint pain,cdm_cds,2,0,0,0,0,0,0,0,0,0,0,1,0,0,NA,NA,NA,NA
142,GLP1RA main_SGLT2I main_Joint pain,ccpp_v54_20210101,4,0,0,0,0,0,0,0,0,0,1,1,0,1,NA,NA,NA,NA
142,GLP1RA main_SGLT2I main_Joint pain,premier_2326_20230125,4,0,0,0,0,0,0,0,1,0,1,0,0,1,NA,NA,NA,NA
142,GLP1RA main_SGLT2I main_Joint pain,HKU-THIN,5,0,-12724481,1,0,NA,0,0,0,0,1,0,1,1,NA,NA,NA,NA
142,GLP1RA main_SGLT2I main_Joint pain,omop_20190828,NA,NA,48480,NA,0,NA,0,0,NA,0,NA,0,0,0,NA,NA,NA,NA
143,GLP1RA main_SU main_Joint pain,US_OPEN_CLAIMS_20230313,0,4114327,19398130,0,0,0,0,0,0,0,0,0,0,0,NA,NA,NA,NA
143,GLP1RA main_SU main_Joint pain,US_PharMetrics_Plus_20230330,0,845464,2252240,0,0,0,0,0,0,0,0,0,0,0,NA,NA,NA,NA
143,GLP1RA main_SU main_Joint pain,truven_ccae_2324_20230201,0,772045,1819310,0,0,0,0,0,0,0,0,0,0,0,NA,NA,NA,NA
143,GLP1RA main_SU main_Joint pain,optum_extended_dod_2323_20230201,0,652061,1434550,0,0,0,0,0,0,0,0,0,0,0,NA,NA,NA,NA
143,GLP1RA main_SU main_Joint pain,optum_extended_ses_2327_20230204,0,652050,1434530,0,0,0,0,0,0,0,0,0,0,0,NA,NA,NA,NA
143,GLP1RA main_SU main_Joint pain,optum_ehr_2247_20221205,0,381202,1326580,0,0,0,0,0,0,0,0,0,0,0,NA,NA,NA,NA
143,GLP1RA main_SU main_Joint pain,truven_mdcr_2322_20230127,0,193421,240010,0,0,0,0,0,0,0,0,0,0,0,NA,NA,NA,NA
143,GLP1RA main_SU main_Joint pain,pmtx_202203_20220831,0,145186,392450,0,0,0,0,0,0,0,0,0,0,0,NA,NA,NA,NA
143,GLP1RA main_SU main_Joint pain,VA-OMOP_20230411,0,74531,502090,0,0,0,0,0,0,0,0,0,0,0,NA,NA,NA,NA
143,GLP1RA main_SU main_Joint pain,truven_mdcd_2359_20230215,0,58097,269180,0,0,0,0,0,0,0,0,0,0,0,NA,NA,NA,NA
143,GLP1RA main_SU main_Joint pain,UK_IMRD_THIN_20221230,0,32984,61890,0,0,0,0,0,0,0,0,0,0,0,NA,NA,NA,NA
143,GLP1RA main_SU main_Joint pain,IQVIA_Germany_DA_20230124,0,25687,126110,0,0,0,0,0,0,0,0,0,0,0,NA,NA,NA,NA
143,GLP1RA main_SU main_Joint pain,France_LPD_20230118,0,17967,69870,0,0,0,0,0,0,0,0,0,0,0,NA,NA,NA,NA
143,GLP1RA main_SU main_Joint pain,jmdc_2325_20230126,0,15225,30460,0,0,0,0,0,0,0,0,0,0,0,NA,NA,NA,NA
143,GLP1RA main_SU main_Joint pain,UK_IMRD_EMIS_20230215,0,12232,28020,0,0,0,0,0,0,0,0,0,0,0,NA,NA,NA,NA
143,GLP1RA main_SU main_Joint pain,JHM_OMOP_20230406,0,11569,31140,0,0,0,0,0,0,0,0,0,0,0,NA,NA,NA,NA
143,GLP1RA main_SU main_Joint pain,Japan_Claims_20230215,0,10987,31930,0,0,0,0,0,0,0,0,0,0,0,NA,NA,NA,NA
143,GLP1RA main_SU main_Joint pain,LPD_Italy_20221226,0,8350,18410,0,0,0,0,0,0,0,0,0,0,0,NA,NA,NA,NA
143,GLP1RA main_SU main_Joint pain,CUIMC_20221214,0,6690,57670,0,0,0,0,0,0,0,0,0,0,0,NA,NA,NA,NA
143,GLP1RA main_SU main_Joint pain,IQVIA_France_DA_20230201,0,5799,24940,0,0,0,0,0,0,0,0,0,0,0,NA,NA,NA,NA
143,GLP1RA main_SU main_Joint pain,LPD_Spain_20220704,0,3795,12030,0,0,0,0,0,0,0,0,0,0,0,NA,NA,NA,NA
143,GLP1RA main_SU main_Joint pain,US_Hospital_20230130,0,2639,14000,0,0,0,0,0,0,0,0,0,0,0,NA,NA,NA,NA
143,GLP1RA main_SU main_Joint pain,IQVIA_Belgium_LPD_20221006,0,1773,5210,0,0,0,0,0,0,0,0,0,0,0,NA,NA,NA,NA
143,GLP1RA main_SU main_Joint pain,AUSOM_20220228,0,699,3190,0,0,0,0,0,0,0,0,0,0,0,NA,NA,NA,NA
143,GLP1RA main_SU main_Joint pain,Australia_EMR_20230317,0,586,4420,0,0,0,0,0,0,0,0,0,0,0,NA,NA,NA,NA
143,GLP1RA main_SU main_Joint pain,TMUCRD_20210406,0,433,3150,0,0,0,0,0,0,0,0,0,0,0,NA,NA,NA,NA
143,GLP1RA main_SU main_Joint pain,RED_CDM_Tufts_20221005,0,132,2180,0,0,0,0,0,0,0,0,0,0,0,NA,NA,NA,NA
143,GLP1RA main_SU main_Joint pain,Japan_HIS_20220120,0,108,2830,0,0,0,0,0,0,0,0,0,0,0,NA,NA,NA,NA
143,GLP1RA main_SU main_Joint pain,Keck_Upgraded_OMOP_v5_NA,1,15,80,0,0,0,0,0,0,0,0,0,0,0,NA,NA,NA,NA
143,GLP1RA main_SU main_Joint pain,ktph_sg_NA,2,13,20,0,0,NA,0,0,0,0,0,0,1,0,NA,NA,NA,NA
143,GLP1RA main_SU main_Joint pain,cdm_cds,2,0,0,0,0,0,0,0,0,0,0,1,0,0,NA,NA,NA,NA
143,GLP1RA main_SU main_Joint pain,Klinicki_centar_Crne_Gore_20230101,3,0,0,0,0,0,0,0,0,0,1,0,0,1,NA,NA,NA,NA
143,GLP1RA main_SU main_Joint pain,premier_2326_20230125,3,0,0,0,0,0,0,0,1,0,0,0,0,1,NA,NA,NA,NA
143,GLP1RA main_SU main_Joint pain,ccpp_v54_20210101,4,0,0,0,0,0,0,0,0,0,1,1,0,1,NA,NA,NA,NA
143,GLP1RA main_SU main_Joint pain,HKU-THIN,5,0,-12724481,1,0,NA,0,0,0,0,1,0,1,1,NA,NA,NA,NA
143,GLP1RA main_SU main_Joint pain,omop_20190828,NA,NA,48480,NA,0,NA,0,0,NA,0,NA,0,0,0,NA,NA,NA,NA
144,SGLT2I main_SU main_Joint pain,US_OPEN_CLAIMS_20230313,0,2797753,13190780,0,0,0,0,0,0,0,0,0,0,0,NA,NA,NA,NA
144,SGLT2I main_SU main_Joint pain,US_PharMetrics_Plus_20230330,0,603199,1606870,0,0,0,0,0,0,0,0,0,0,0,NA,NA,NA,NA
144,SGLT2I main_SU main_Joint pain,optum_extended_ses_2327_20230204,0,433598,953930,0,0,0,0,0,0,0,0,0,0,0,NA,NA,NA,NA
144,SGLT2I main_SU main_Joint pain,optum_extended_dod_2323_20230201,0,433595,953920,0,0,0,0,0,0,0,0,0,0,0,NA,NA,NA,NA
144,SGLT2I main_SU main_Joint pain,truven_ccae_2324_20230201,0,397219,936040,0,0,0,0,0,0,0,0,0,0,0,NA,NA,NA,NA
144,SGLT2I main_SU main_Joint pain,optum_ehr_2247_20221205,0,262584,913790,0,0,0,0,0,0,0,0,0,0,0,NA,NA,NA,NA
144,SGLT2I main_SU main_Joint pain,truven_mdcr_2322_20230127,0,120964,150100,0,0,0,0,0,0,0,0,0,0,0,NA,NA,NA,NA
144,SGLT2I main_SU main_Joint pain,pmtx_202203_20220831,0,108591,293530,0,0,0,0,0,0,0,0,0,0,0,NA,NA,NA,NA
144,SGLT2I main_SU main_Joint pain,jmdc_2325_20230126,0,93462,186980,0,0,0,0,0,0,0,0,0,0,0,NA,NA,NA,NA
144,SGLT2I main_SU main_Joint pain,VA-OMOP_20230411,0,77503,522110,0,0,0,0,0,0,0,0,0,0,0,NA,NA,NA,NA
144,SGLT2I main_SU main_Joint pain,Japan_Claims_20230215,0,44250,128600,0,0,0,0,0,0,0,0,0,0,0,NA,NA,NA,NA
144,SGLT2I main_SU main_Joint pain,UK_IMRD_THIN_20221230,0,40675,76320,0,0,0,0,0,0,0,0,0,0,0,NA,NA,NA,NA
144,SGLT2I main_SU main_Joint pain,truven_mdcd_2359_20230215,0,36976,171320,0,0,0,0,0,0,0,0,0,0,0,NA,NA,NA,NA
144,SGLT2I main_SU main_Joint pain,IQVIA_Germany_DA_20230124,0,34376,168770,0,0,0,0,0,0,0,0,0,0,0,NA,NA,NA,NA
144,SGLT2I main_SU main_Joint pain,UK_IMRD_EMIS_20230215,0,12232,28020,0,0,0,0,0,0,0,0,0,0,0,NA,NA,NA,NA
144,SGLT2I main_SU main_Joint pain,JHM_OMOP_20230406,0,7898,21260,0,0,0,0,0,0,0,0,0,0,0,NA,NA,NA,NA
144,SGLT2I main_SU main_Joint pain,LPD_Italy_20221226,0,7179,15830,0,0,0,0,0,0,0,0,0,0,0,NA,NA,NA,NA
144,SGLT2I main_SU main_Joint pain,LPD_Spain_20220704,0,6161,19530,0,0,0,0,0,0,0,0,0,0,0,NA,NA,NA,NA
144,SGLT2I main_SU main_Joint pain,US_Hospital_20230130,0,5983,31740,0,0,0,0,0,0,0,0,0,0,0,NA,NA,NA,NA
144,SGLT2I main_SU main_Joint pain,France_LPD_20230118,0,5475,21290,0,0,0,0,0,0,0,0,0,0,0,NA,NA,NA,NA
144,SGLT2I main_SU main_Joint pain,CUIMC_20221214,0,4366,37640,0,0,0,0,0,0,0,0,0,0,0,NA,NA,NA,NA
144,SGLT2I main_SU main_Joint pain,IQVIA_Belgium_LPD_20221006,0,1773,5210,0,0,0,0,0,0,0,0,0,0,0,NA,NA,NA,NA
144,SGLT2I main_SU main_Joint pain,AUSOM_20220228,0,1500,6850,0,0,0,0,0,0,0,0,0,0,0,NA,NA,NA,NA
144,SGLT2I main_SU main_Joint pain,TMUCRD_20210406,0,1475,10740,0,0,0,0,0,0,0,0,0,0,0,NA,NA,NA,NA
144,SGLT2I main_SU main_Joint pain,IQVIA_France_DA_20230201,0,728,3130,0,0,0,0,0,0,0,0,0,0,0,NA,NA,NA,NA
144,SGLT2I main_SU main_Joint pain,Australia_EMR_20230317,0,586,4420,0,0,0,0,0,0,0,0,0,0,0,NA,NA,NA,NA
144,SGLT2I main_SU main_Joint pain,Japan_HIS_20220120,0,281,7370,0,0,0,0,0,0,0,0,0,0,0,NA,NA,NA,NA
144,SGLT2I main_SU main_Joint pain,RED_CDM_Tufts_20221005,0,83,1360,0,0,0,0,0,0,0,0,0,0,0,NA,NA,NA,NA
144,SGLT2I main_SU main_Joint pain,Keck_Upgraded_OMOP_v5_NA,1,69,370,0,0,0,0,0,0,0,0,0,0,0,NA,NA,NA,NA
144,SGLT2I main_SU main_Joint pain,ktph_sg_NA,2,93,140,0,0,NA,0,0,0,0,0,0,1,0,NA,NA,NA,NA
144,SGLT2I main_SU main_Joint pain,Klinicki_centar_Crne_Gore_20230101,2,0,0,0,0,0,0,0,0,0,1,0,0,0,NA,NA,NA,NA
144,SGLT2I main_SU main_Joint pain,cdm_cds,2,0,0,0,0,0,0,0,0,0,0,1,0,0,NA,NA,NA,NA
144,SGLT2I main_SU main_Joint pain,premier_2326_20230125,3,0,0,0,0,0,0,0,1,0,0,0,0,1,NA,NA,NA,NA
144,SGLT2I main_SU main_Joint pain,ccpp_v54_20210101,4,0,0,0,0,0,0,0,0,0,1,1,0,1,NA,NA,NA,NA
144,SGLT2I main_SU main_Joint pain,HKU-THIN,5,0,-12724481,1,0,NA,0,0,0,0,1,0,1,1,NA,NA,NA,NA
144,SGLT2I main_SU main_Joint pain,omop_20190828,NA,NA,900220,NA,0,NA,0,0,NA,0,NA,0,0,NA,NA,NA,NA,NA
145,DPP4I main_GLP1RA main_Lower extremity amputation,US_OPEN_CLAIMS_20230313,0,2101277,14070770,0,0,0,0,0,0,0,0,0,0,0,NA,0,NA,NA
145,DPP4I main_GLP1RA main_Lower extremity amputation,truven_ccae_2324_20230201,0,513237,1477240,0,0,0,0,0,0,0,0,0,0,0,NA,0,NA,NA
145,DPP4I main_GLP1RA main_Lower extremity amputation,optum_extended_dod_2323_20230201,0,491894,1319840,0,0,0,0,0,0,0,0,0,0,0,NA,0,NA,NA
145,DPP4I main_GLP1RA main_Lower extremity amputation,optum_extended_ses_2327_20230204,0,491893,1319840,0,0,0,0,0,0,0,0,0,0,0,NA,0,NA,NA
145,DPP4I main_GLP1RA main_Lower extremity amputation,US_PharMetrics_Plus_20230330,0,411094,1455410,0,0,0,0,0,0,0,0,0,0,0,NA,0,NA,NA
145,DPP4I main_GLP1RA main_Lower extremity amputation,optum_ehr_2247_20221205,0,295762,1326580,0,0,0,0,0,0,0,0,0,0,0,NA,0,NA,NA
145,DPP4I main_GLP1RA main_Lower extremity amputation,truven_mdcr_2322_20230127,0,178049,240010,0,0,0,0,0,0,0,0,0,0,0,NA,0,NA,NA
145,DPP4I main_GLP1RA main_Lower extremity amputation,truven_mdcd_2359_20230215,0,43568,249690,0,0,0,0,0,0,0,0,0,0,0,NA,0,NA,NA
145,DPP4I main_GLP1RA main_Lower extremity amputation,UK_IMRD_THIN_20221230,0,29146,61890,0,0,0,0,0,0,0,0,0,0,0,NA,0,NA,NA
145,DPP4I main_GLP1RA main_Lower extremity amputation,jmdc_2325_20230126,0,13568,30460,0,0,0,0,0,0,0,0,0,0,0,NA,0,NA,NA
145,DPP4I main_GLP1RA main_Lower extremity amputation,UK_IMRD_EMIS_20230215,0,10539,29840,0,0,0,0,0,0,0,0,0,0,0,NA,0,NA,NA
145,DPP4I main_GLP1RA main_Lower extremity amputation,Japan_Claims_20230215,0,9469,31930,0,0,0,0,0,0,0,0,0,0,0,NA,0,NA,NA
145,DPP4I main_GLP1RA main_Lower extremity amputation,US_Hospital_20230130,0,2423,14000,0,0,0,0,0,0,0,0,0,0,0,NA,0,NA,NA
145,DPP4I main_GLP1RA main_Lower extremity amputation,IQVIA_Belgium_LPD_20221006,0,629,8620,0,0,0,0,0,0,0,0,0,0,0,NA,0,NA,NA
145,DPP4I main_GLP1RA main_Lower extremity amputation,Australia_EMR_20230317,0,260,6300,0,0,0,0,0,0,0,0,0,0,0,NA,0,NA,NA
145,DPP4I main_GLP1RA main_Lower extremity amputation,Japan_HIS_20220120,0,23,2830,0,0,0,0,0,0,0,0,0,0,0,NA,0,NA,NA
145,DPP4I main_GLP1RA main_Lower extremity amputation,France_LPD_20230118,1,5326,75340,0,0,0,0,0,0,0,0,0,1,0,NA,0,NA,NA
145,DPP4I main_GLP1RA main_Lower extremity amputation,LPD_Italy_20221226,1,4838,18410,0,0,0,0,0,0,0,0,0,1,0,NA,0,NA,NA
145,DPP4I main_GLP1RA main_Lower extremity amputation,IQVIA_Germany_DA_20230124,1,4592,126110,0,0,0,0,0,0,0,0,0,1,0,NA,0,NA,NA
145,DPP4I main_GLP1RA main_Lower extremity amputation,LPD_Spain_20220704,1,1907,12030,0,0,0,0,0,0,0,0,0,1,0,NA,0,NA,NA
145,DPP4I main_GLP1RA main_Lower extremity amputation,IQVIA_France_DA_20230201,1,1246,24940,0,0,0,0,0,0,0,0,0,1,0,NA,0,NA,NA
145,DPP4I main_GLP1RA main_Lower extremity amputation,VA-OMOP_20230411,2,0,0,0,0,0,0,0,0,0,0,0,0,0,NA,1,NA,NA
145,DPP4I main_GLP1RA main_Lower extremity amputation,Keck_Upgraded_OMOP_v5_NA,2,0,0,0,0,0,0,0,0,0,0,0,0,0,NA,1,NA,NA
145,DPP4I main_GLP1RA main_Lower extremity amputation,Klinicki_centar_Crne_Gore_20230101,2,0,0,0,0,0,0,0,0,0,1,0,0,0,NA,0,NA,NA
145,DPP4I main_GLP1RA main_Lower extremity amputation,AUSOM_20220228,2,0,0,0,0,0,0,0,0,0,0,0,0,0,NA,1,NA,NA
145,DPP4I main_GLP1RA main_Lower extremity amputation,RED_CDM_Tufts_20221005,2,0,0,0,0,0,0,0,0,0,0,0,0,0,NA,1,NA,NA
145,DPP4I main_GLP1RA main_Lower extremity amputation,CUIMC_20221214,2,0,0,0,0,0,0,0,0,0,0,0,0,0,NA,1,NA,NA
145,DPP4I main_GLP1RA main_Lower extremity amputation,JHM_OMOP_20230406,2,0,0,0,0,0,0,0,0,0,0,0,0,0,NA,1,NA,NA
145,DPP4I main_GLP1RA main_Lower extremity amputation,pmtx_202203_20220831,2,0,0,0,0,0,0,0,0,0,0,0,0,0,NA,1,NA,NA
145,DPP4I main_GLP1RA main_Lower extremity amputation,ktph_sg_NA,3,0,0,0,0,NA,0,0,0,0,0,0,1,0,NA,1,NA,NA
145,DPP4I main_GLP1RA main_Lower extremity amputation,TMUCRD_20210406,3,0,0,0,0,0,0,0,0,0,0,0,1,0,NA,1,NA,NA
145,DPP4I main_GLP1RA main_Lower extremity amputation,premier_2326_20230125,3,0,0,0,0,0,0,0,1,0,1,0,0,0,NA,0,NA,NA
145,DPP4I main_GLP1RA main_Lower extremity amputation,cdm_cds,3,0,0,0,0,0,0,0,0,0,0,1,0,0,NA,1,NA,NA
145,DPP4I main_GLP1RA main_Lower extremity amputation,ccpp_v54_20210101,6,0,0,0,0,0,0,0,0,0,1,1,1,1,NA,1,NA,NA
145,DPP4I main_GLP1RA main_Lower extremity amputation,HKU-THIN,6,0,-12724481,1,0,NA,0,0,0,0,1,0,1,1,NA,1,NA,NA
145,DPP4I main_GLP1RA main_Lower extremity amputation,omop_20190828,NA,NA,0,NA,0,NA,0,0,NA,0,0,0,NA,NA,NA,1,NA,NA
146,DPP4I main_SGLT2I main_Lower extremity amputation,US_OPEN_CLAIMS_20230313,0,1969863,13190780,0,0,0,0,0,0,0,0,0,0,0,NA,0,NA,NA
146,DPP4I main_SGLT2I main_Lower extremity amputation,US_PharMetrics_Plus_20230330,0,411094,1455410,0,0,0,0,0,0,0,0,0,0,0,NA,0,NA,NA
146,DPP4I main_SGLT2I main_Lower extremity amputation,optum_extended_ses_2327_20230204,0,355521,953930,0,0,0,0,0,0,0,0,0,0,0,NA,0,NA,NA
146,DPP4I main_SGLT2I main_Lower extremity amputation,optum_extended_dod_2323_20230201,0,355518,953920,0,0,0,0,0,0,0,0,0,0,0,NA,0,NA,NA
146,DPP4I main_SGLT2I main_Lower extremity amputation,truven_ccae_2324_20230201,0,325208,936040,0,0,0,0,0,0,0,0,0,0,0,NA,0,NA,NA
146,DPP4I main_SGLT2I main_Lower extremity amputation,optum_ehr_2247_20221205,0,203730,913790,0,0,0,0,0,0,0,0,0,0,0,NA,0,NA,NA
146,DPP4I main_SGLT2I main_Lower extremity amputation,truven_mdcr_2322_20230127,0,111350,150100,0,0,0,0,0,0,0,0,0,0,0,NA,0,NA,NA
146,DPP4I main_SGLT2I main_Lower extremity amputation,jmdc_2325_20230126,0,87117,195580,0,0,0,0,0,0,0,0,0,0,0,NA,0,NA,NA
146,DPP4I main_SGLT2I main_Lower extremity amputation,Japan_Claims_20230215,0,38138,128600,0,0,0,0,0,0,0,0,0,0,0,NA,0,NA,NA
146,DPP4I main_SGLT2I main_Lower extremity amputation,UK_IMRD_THIN_20221230,0,35941,76320,0,0,0,0,0,0,0,0,0,0,0,NA,0,NA,NA
146,DPP4I main_SGLT2I main_Lower extremity amputation,truven_mdcd_2359_20230215,0,29894,171320,0,0,0,0,0,0,0,0,0,0,0,NA,0,NA,NA
146,DPP4I main_SGLT2I main_Lower extremity amputation,UK_IMRD_EMIS_20230215,0,13584,38460,0,0,0,0,0,0,0,0,0,0,0,NA,0,NA,NA
146,DPP4I main_SGLT2I main_Lower extremity amputation,US_Hospital_20230130,0,5492,31740,0,0,0,0,0,0,0,0,0,0,0,NA,0,NA,NA
146,DPP4I main_SGLT2I main_Lower extremity amputation,Australia_EMR_20230317,0,834,20240,0,0,0,0,0,0,0,0,0,0,0,NA,0,NA,NA
146,DPP4I main_SGLT2I main_Lower extremity amputation,IQVIA_Belgium_LPD_20221006,0,473,6490,0,0,0,0,0,0,0,0,0,0,0,NA,0,NA,NA
146,DPP4I main_SGLT2I main_Lower extremity amputation,Japan_HIS_20220120,0,59,7370,0,0,0,0,0,0,0,0,0,0,0,NA,0,NA,NA
146,DPP4I main_SGLT2I main_Lower extremity amputation,IQVIA_Germany_DA_20230124,1,6473,177780,0,0,0,0,0,0,0,0,0,1,0,NA,0,NA,NA
146,DPP4I main_SGLT2I main_Lower extremity amputation,LPD_Spain_20220704,1,5334,33650,0,0,0,0,0,0,0,0,0,1,0,NA,0,NA,NA
146,DPP4I main_SGLT2I main_Lower extremity amputation,LPD_Italy_20221226,1,4160,15830,0,0,0,0,0,0,0,0,0,1,0,NA,0,NA,NA
146,DPP4I main_SGLT2I main_Lower extremity amputation,France_LPD_20230118,1,1505,21290,0,0,0,0,0,0,0,0,0,1,0,NA,0,NA,NA
146,DPP4I main_SGLT2I main_Lower extremity amputation,IQVIA_France_DA_20230201,1,156,3130,0,0,0,0,0,0,0,0,0,1,0,NA,0,NA,NA
146,DPP4I main_SGLT2I main_Lower extremity amputation,Klinicki_centar_Crne_Gore_20230101,1,9,50,0,0,0,0,0,0,0,0,0,0,0,NA,0,NA,NA
146,DPP4I main_SGLT2I main_Lower extremity amputation,VA-OMOP_20230411,2,0,0,0,0,0,0,0,0,0,0,0,0,0,NA,1,NA,NA
146,DPP4I main_SGLT2I main_Lower extremity amputation,Keck_Upgraded_OMOP_v5_NA,2,0,0,0,0,0,0,0,0,0,0,0,0,0,NA,1,NA,NA
146,DPP4I main_SGLT2I main_Lower extremity amputation,AUSOM_20220228,2,0,0,0,0,0,0,0,0,0,0,0,0,0,NA,1,NA,NA
146,DPP4I main_SGLT2I main_Lower extremity amputation,RED_CDM_Tufts_20221005,2,0,0,0,0,0,0,0,0,0,0,0,0,0,NA,1,NA,NA
146,DPP4I main_SGLT2I main_Lower extremity amputation,CUIMC_20221214,2,0,0,0,0,0,0,0,0,0,0,0,0,0,NA,1,NA,NA
146,DPP4I main_SGLT2I main_Lower extremity amputation,JHM_OMOP_20230406,2,0,0,0,0,0,0,0,0,0,0,0,0,0,NA,1,NA,NA
146,DPP4I main_SGLT2I main_Lower extremity amputation,pmtx_202203_20220831,2,0,0,0,0,0,0,0,0,0,0,0,0,0,NA,1,NA,NA
146,DPP4I main_SGLT2I main_Lower extremity amputation,ktph_sg_NA,3,0,0,0,0,NA,0,0,0,0,0,0,1,0,NA,1,NA,NA
146,DPP4I main_SGLT2I main_Lower extremity amputation,TMUCRD_20210406,3,0,0,0,0,0,0,0,0,0,0,0,1,0,NA,1,NA,NA
146,DPP4I main_SGLT2I main_Lower extremity amputation,premier_2326_20230125,3,0,0,0,0,0,0,0,1,0,1,0,0,0,NA,0,NA,NA
146,DPP4I main_SGLT2I main_Lower extremity amputation,cdm_cds,3,0,0,0,0,0,0,0,0,0,0,1,0,0,NA,1,NA,NA
146,DPP4I main_SGLT2I main_Lower extremity amputation,ccpp_v54_20210101,6,0,0,0,0,0,0,0,0,0,1,1,1,1,NA,1,NA,NA
146,DPP4I main_SGLT2I main_Lower extremity amputation,HKU-THIN,6,0,-12724481,1,0,NA,0,0,0,0,1,0,1,1,NA,1,NA,NA
146,DPP4I main_SGLT2I main_Lower extremity amputation,omop_20190828,NA,NA,0,NA,0,NA,0,0,NA,0,NA,0,NA,NA,NA,1,NA,NA
147,DPP4I main_SU main_Lower extremity amputation,US_OPEN_CLAIMS_20230313,0,2101277,14070770,0,0,0,0,0,0,0,0,0,0,0,NA,0,NA,NA
147,DPP4I main_SU main_Lower extremity amputation,truven_ccae_2324_20230201,0,513237,1477240,0,0,0,0,0,0,0,0,0,0,0,NA,0,NA,NA
147,DPP4I main_SU main_Lower extremity amputation,optum_extended_dod_2323_20230201,0,491894,1319840,0,0,0,0,0,0,0,0,0,0,0,NA,0,NA,NA
147,DPP4I main_SU main_Lower extremity amputation,optum_extended_ses_2327_20230204,0,491893,1319840,0,0,0,0,0,0,0,0,0,0,0,NA,0,NA,NA
147,DPP4I main_SU main_Lower extremity amputation,US_PharMetrics_Plus_20230330,0,411094,1455410,0,0,0,0,0,0,0,0,0,0,0,NA,0,NA,NA
147,DPP4I main_SU main_Lower extremity amputation,truven_mdcr_2322_20230127,0,357382,481750,0,0,0,0,0,0,0,0,0,0,0,NA,0,NA,NA
147,DPP4I main_SU main_Lower extremity amputation,optum_ehr_2247_20221205,0,349100,1565820,0,0,0,0,0,0,0,0,0,0,0,NA,0,NA,NA
147,DPP4I main_SU main_Lower extremity amputation,jmdc_2325_20230126,0,83286,186980,0,0,0,0,0,0,0,0,0,0,0,NA,0,NA,NA
147,DPP4I main_SU main_Lower extremity amputation,US_Hospital_20230130,0,57634,333060,0,0,0,0,0,0,0,0,0,0,0,NA,0,NA,NA
147,DPP4I main_SU main_Lower extremity amputation,Japan_Claims_20230215,0,54526,183860,0,0,0,0,0,0,0,0,0,0,0,NA,0,NA,NA
147,DPP4I main_SU main_Lower extremity amputation,truven_mdcd_2359_20230215,0,43568,249690,0,0,0,0,0,0,0,0,0,0,0,NA,0,NA,NA
147,DPP4I main_SU main_Lower extremity amputation,UK_IMRD_THIN_20221230,0,40844,86730,0,0,0,0,0,0,0,0,0,0,0,NA,0,NA,NA
147,DPP4I main_SU main_Lower extremity amputation,UK_IMRD_EMIS_20230215,0,9897,28020,0,0,0,0,0,0,0,0,0,0,0,NA,0,NA,NA
147,DPP4I main_SU main_Lower extremity amputation,IQVIA_Belgium_LPD_20221006,0,380,5210,0,0,0,0,0,0,0,0,0,0,0,NA,0,NA,NA
147,DPP4I main_SU main_Lower extremity amputation,Australia_EMR_20230317,0,182,4420,0,0,0,0,0,0,0,0,0,0,0,NA,0,NA,NA
147,DPP4I main_SU main_Lower extremity amputation,Japan_HIS_20220120,0,94,11790,0,0,0,0,0,0,0,0,0,0,0,NA,0,NA,NA
147,DPP4I main_SU main_Lower extremity amputation,LPD_Italy_20221226,1,9082,34560,0,0,0,0,0,0,0,0,0,1,0,NA,0,NA,NA
147,DPP4I main_SU main_Lower extremity amputation,IQVIA_Germany_DA_20230124,1,6145,168770,0,0,0,0,0,0,0,0,0,1,0,NA,0,NA,NA
147,DPP4I main_SU main_Lower extremity amputation,premier_2326_20230125,1,6001,914680,0,0,0,0,0,1,0,0,0,0,0,NA,0,NA,NA
147,DPP4I main_SU main_Lower extremity amputation,France_LPD_20230118,1,4939,69870,0,0,0,0,0,0,0,0,0,1,0,NA,0,NA,NA
147,DPP4I main_SU main_Lower extremity amputation,LPD_Spain_20220704,1,3096,19530,0,0,0,0,0,0,0,0,0,1,0,NA,0,NA,NA
147,DPP4I main_SU main_Lower extremity amputation,IQVIA_France_DA_20230201,1,1771,35460,0,0,0,0,0,0,0,0,0,1,0,NA,0,NA,NA
147,DPP4I main_SU main_Lower extremity amputation,VA-OMOP_20230411,2,0,0,0,0,0,0,0,0,0,0,0,0,0,NA,1,NA,NA
147,DPP4I main_SU main_Lower extremity amputation,Keck_Upgraded_OMOP_v5_NA,2,0,0,0,0,0,0,0,0,0,0,0,0,0,NA,1,NA,NA
147,DPP4I main_SU main_Lower extremity amputation,Klinicki_centar_Crne_Gore_20230101,2,0,0,0,0,0,0,0,0,0,1,0,0,0,NA,0,NA,NA
147,DPP4I main_SU main_Lower extremity amputation,AUSOM_20220228,2,0,0,0,0,0,0,0,0,0,0,0,0,0,NA,1,NA,NA
147,DPP4I main_SU main_Lower extremity amputation,RED_CDM_Tufts_20221005,2,0,0,0,0,0,0,0,0,0,0,0,0,0,NA,1,NA,NA
147,DPP4I main_SU main_Lower extremity amputation,CUIMC_20221214,2,0,0,0,0,0,0,0,0,0,0,0,0,0,NA,1,NA,NA
147,DPP4I main_SU main_Lower extremity amputation,JHM_OMOP_20230406,2,0,0,0,0,0,0,0,0,0,0,0,0,0,NA,1,NA,NA
147,DPP4I main_SU main_Lower extremity amputation,pmtx_202203_20220831,2,0,0,0,0,0,0,0,0,0,0,0,0,0,NA,1,NA,NA
147,DPP4I main_SU main_Lower extremity amputation,ktph_sg_NA,3,0,0,0,0,NA,0,0,0,0,0,0,1,0,NA,1,NA,NA
147,DPP4I main_SU main_Lower extremity amputation,TMUCRD_20210406,3,0,0,0,0,0,0,0,0,0,0,0,1,0,NA,1,NA,NA
147,DPP4I main_SU main_Lower extremity amputation,cdm_cds,3,0,0,0,0,0,0,0,0,0,0,1,0,0,NA,1,NA,NA
147,DPP4I main_SU main_Lower extremity amputation,ccpp_v54_20210101,6,0,0,0,0,0,0,0,0,0,1,1,1,1,NA,1,NA,NA
147,DPP4I main_SU main_Lower extremity amputation,HKU-THIN,6,0,-12724481,1,0,NA,0,0,0,0,1,0,1,1,NA,1,NA,NA
147,DPP4I main_SU main_Lower extremity amputation,omop_20190828,NA,NA,0,NA,0,NA,0,0,NA,0,NA,0,NA,NA,NA,1,NA,NA
148,GLP1RA main_SGLT2I main_Lower extremity amputation,US_OPEN_CLAIMS_20230313,0,1969863,13190780,0,0,0,0,0,0,0,0,0,0,0,NA,0,NA,NA
148,GLP1RA main_SGLT2I main_Lower extremity amputation,US_PharMetrics_Plus_20230330,0,453875,1606870,0,0,0,0,0,0,0,0,0,0,0,NA,0,NA,NA
148,GLP1RA main_SGLT2I main_Lower extremity amputation,optum_extended_ses_2327_20230204,0,355521,953930,0,0,0,0,0,0,0,0,0,0,0,NA,0,NA,NA
148,GLP1RA main_SGLT2I main_Lower extremity amputation,optum_extended_dod_2323_20230201,0,355518,953920,0,0,0,0,0,0,0,0,0,0,0,NA,0,NA,NA
148,GLP1RA main_SGLT2I main_Lower extremity amputation,truven_ccae_2324_20230201,0,325208,936040,0,0,0,0,0,0,0,0,0,0,0,NA,0,NA,NA
148,GLP1RA main_SGLT2I main_Lower extremity amputation,optum_ehr_2247_20221205,0,203730,913790,0,0,0,0,0,0,0,0,0,0,0,NA,0,NA,NA
148,GLP1RA main_SGLT2I main_Lower extremity amputation,truven_mdcr_2322_20230127,0,111350,150100,0,0,0,0,0,0,0,0,0,0,0,NA,0,NA,NA
148,GLP1RA main_SGLT2I main_Lower extremity amputation,truven_mdcd_2359_20230215,0,29894,171320,0,0,0,0,0,0,0,0,0,0,0,NA,0,NA,NA
148,GLP1RA main_SGLT2I main_Lower extremity amputation,UK_IMRD_THIN_20221230,0,29146,61890,0,0,0,0,0,0,0,0,0,0,0,NA,0,NA,NA
148,GLP1RA main_SGLT2I main_Lower extremity amputation,jmdc_2325_20230126,0,13568,30460,0,0,0,0,0,0,0,0,0,0,0,NA,0,NA,NA
148,GLP1RA main_SGLT2I main_Lower extremity amputation,UK_IMRD_EMIS_20230215,0,10539,29840,0,0,0,0,0,0,0,0,0,0,0,NA,0,NA,NA
148,GLP1RA main_SGLT2I main_Lower extremity amputation,Japan_Claims_20230215,0,9469,31930,0,0,0,0,0,0,0,0,0,0,0,NA,0,NA,NA
148,GLP1RA main_SGLT2I main_Lower extremity amputation,US_Hospital_20230130,0,2423,14000,0,0,0,0,0,0,0,0,0,0,0,NA,0,NA,NA
148,GLP1RA main_SGLT2I main_Lower extremity amputation,IQVIA_Belgium_LPD_20221006,0,473,6490,0,0,0,0,0,0,0,0,0,0,0,NA,0,NA,NA
148,GLP1RA main_SGLT2I main_Lower extremity amputation,Australia_EMR_20230317,0,260,6300,0,0,0,0,0,0,0,0,0,0,0,NA,0,NA,NA
148,GLP1RA main_SGLT2I main_Lower extremity amputation,Japan_HIS_20220120,0,23,2830,0,0,0,0,0,0,0,0,0,0,0,NA,0,NA,NA
148,GLP1RA main_SGLT2I main_Lower extremity amputation,IQVIA_Germany_DA_20230124,1,4592,126110,0,0,0,0,0,0,0,0,0,1,0,NA,0,NA,NA
148,GLP1RA main_SGLT2I main_Lower extremity amputation,LPD_Italy_20221226,1,4160,15830,0,0,0,0,0,0,0,0,0,1,0,NA,0,NA,NA
148,GLP1RA main_SGLT2I main_Lower extremity amputation,LPD_Spain_20220704,1,1907,12030,0,0,0,0,0,0,0,0,0,1,0,NA,0,NA,NA
148,GLP1RA main_SGLT2I main_Lower extremity amputation,France_LPD_20230118,1,1505,21290,0,0,0,0,0,0,0,0,0,1,0,NA,0,NA,NA
148,GLP1RA main_SGLT2I main_Lower extremity amputation,IQVIA_France_DA_20230201,1,156,3130,0,0,0,0,0,0,0,0,0,1,0,NA,0,NA,NA
148,GLP1RA main_SGLT2I main_Lower extremity amputation,VA-OMOP_20230411,2,0,0,0,0,0,0,0,0,0,0,0,0,0,NA,1,NA,NA
148,GLP1RA main_SGLT2I main_Lower extremity amputation,Keck_Upgraded_OMOP_v5_NA,2,0,0,0,0,0,0,0,0,0,0,0,0,0,NA,1,NA,NA
148,GLP1RA main_SGLT2I main_Lower extremity amputation,Klinicki_centar_Crne_Gore_20230101,2,0,0,0,0,0,0,0,0,0,0,0,0,1,NA,0,NA,NA
148,GLP1RA main_SGLT2I main_Lower extremity amputation,AUSOM_20220228,2,0,0,0,0,0,0,0,0,0,0,0,0,0,NA,1,NA,NA
148,GLP1RA main_SGLT2I main_Lower extremity amputation,RED_CDM_Tufts_20221005,2,0,0,0,0,0,0,0,0,0,0,0,0,0,NA,1,NA,NA
148,GLP1RA main_SGLT2I main_Lower extremity amputation,CUIMC_20221214,2,0,0,0,0,0,0,0,0,0,0,0,0,0,NA,1,NA,NA
148,GLP1RA main_SGLT2I main_Lower extremity amputation,JHM_OMOP_20230406,2,0,0,0,0,0,0,0,0,0,0,0,0,0,NA,1,NA,NA
148,GLP1RA main_SGLT2I main_Lower extremity amputation,pmtx_202203_20220831,2,0,0,0,0,0,0,0,0,0,0,0,0,0,NA,1,NA,NA
148,GLP1RA main_SGLT2I main_Lower extremity amputation,ktph_sg_NA,3,0,0,0,0,NA,0,0,0,0,0,0,1,0,NA,1,NA,NA
148,GLP1RA main_SGLT2I main_Lower extremity amputation,TMUCRD_20210406,3,0,0,0,0,0,0,0,0,0,0,0,1,0,NA,1,NA,NA
148,GLP1RA main_SGLT2I main_Lower extremity amputation,cdm_cds,3,0,0,0,0,0,0,0,0,0,0,1,0,0,NA,1,NA,NA
148,GLP1RA main_SGLT2I main_Lower extremity amputation,premier_2326_20230125,4,0,0,0,0,0,0,0,1,0,1,0,0,1,NA,0,NA,NA
148,GLP1RA main_SGLT2I main_Lower extremity amputation,ccpp_v54_20210101,6,0,0,0,0,0,0,0,0,0,1,1,1,1,NA,1,NA,NA
148,GLP1RA main_SGLT2I main_Lower extremity amputation,HKU-THIN,6,0,-12724481,1,0,NA,0,0,0,0,1,0,1,1,NA,1,NA,NA
148,GLP1RA main_SGLT2I main_Lower extremity amputation,omop_20190828,NA,NA,0,NA,0,NA,0,0,NA,0,NA,0,NA,0,NA,1,NA,NA
149,GLP1RA main_SU main_Lower extremity amputation,US_OPEN_CLAIMS_20230313,0,2896846,19398130,0,0,0,0,0,0,0,0,0,0,0,NA,0,NA,NA
149,GLP1RA main_SU main_Lower extremity amputation,US_PharMetrics_Plus_20230330,0,636166,2252240,0,0,0,0,0,0,0,0,0,0,0,NA,0,NA,NA
149,GLP1RA main_SU main_Lower extremity amputation,truven_ccae_2324_20230201,0,632082,1819310,0,0,0,0,0,0,0,0,0,0,0,NA,0,NA,NA
149,GLP1RA main_SU main_Lower extremity amputation,optum_extended_dod_2323_20230201,0,534646,1434550,0,0,0,0,0,0,0,0,0,0,0,NA,0,NA,NA
149,GLP1RA main_SU main_Lower extremity amputation,optum_extended_ses_2327_20230204,0,534637,1434530,0,0,0,0,0,0,0,0,0,0,0,NA,0,NA,NA
149,GLP1RA main_SU main_Lower extremity amputation,optum_ehr_2247_20221205,0,295762,1326580,0,0,0,0,0,0,0,0,0,0,0,NA,0,NA,NA
149,GLP1RA main_SU main_Lower extremity amputation,truven_mdcr_2322_20230127,0,178049,240010,0,0,0,0,0,0,0,0,0,0,0,NA,0,NA,NA
149,GLP1RA main_SU main_Lower extremity amputation,truven_mdcd_2359_20230215,0,46969,269180,0,0,0,0,0,0,0,0,0,0,0,NA,0,NA,NA
149,GLP1RA main_SU main_Lower extremity amputation,UK_IMRD_THIN_20221230,0,29146,61890,0,0,0,0,0,0,0,0,0,0,0,NA,0,NA,NA
149,GLP1RA main_SU main_Lower extremity amputation,jmdc_2325_20230126,0,13568,30460,0,0,0,0,0,0,0,0,0,0,0,NA,0,NA,NA
149,GLP1RA main_SU main_Lower extremity amputation,UK_IMRD_EMIS_20230215,0,9897,28020,0,0,0,0,0,0,0,0,0,0,0,NA,0,NA,NA
149,GLP1RA main_SU main_Lower extremity amputation,Japan_Claims_20230215,0,9469,31930,0,0,0,0,0,0,0,0,0,0,0,NA,0,NA,NA
149,GLP1RA main_SU main_Lower extremity amputation,US_Hospital_20230130,0,2423,14000,0,0,0,0,0,0,0,0,0,0,0,NA,0,NA,NA
149,GLP1RA main_SU main_Lower extremity amputation,IQVIA_Belgium_LPD_20221006,0,380,5210,0,0,0,0,0,0,0,0,0,0,0,NA,0,NA,NA
149,GLP1RA main_SU main_Lower extremity amputation,Australia_EMR_20230317,0,182,4420,0,0,0,0,0,0,0,0,0,0,0,NA,0,NA,NA
149,GLP1RA main_SU main_Lower extremity amputation,Japan_HIS_20220120,0,23,2830,0,0,0,0,0,0,0,0,0,0,0,NA,0,NA,NA
149,GLP1RA main_SU main_Lower extremity amputation,France_LPD_20230118,1,4939,69870,0,0,0,0,0,0,0,0,0,1,0,NA,0,NA,NA
149,GLP1RA main_SU main_Lower extremity amputation,LPD_Italy_20221226,1,4838,18410,0,0,0,0,0,0,0,0,0,1,0,NA,0,NA,NA
149,GLP1RA main_SU main_Lower extremity amputation,IQVIA_Germany_DA_20230124,1,4592,126110,0,0,0,0,0,0,0,0,0,1,0,NA,0,NA,NA
149,GLP1RA main_SU main_Lower extremity amputation,LPD_Spain_20220704,1,1907,12030,0,0,0,0,0,0,0,0,0,1,0,NA,0,NA,NA
149,GLP1RA main_SU main_Lower extremity amputation,IQVIA_France_DA_20230201,1,1246,24940,0,0,0,0,0,0,0,0,0,1,0,NA,0,NA,NA
149,GLP1RA main_SU main_Lower extremity amputation,VA-OMOP_20230411,2,0,0,0,0,0,0,0,0,0,0,0,0,0,NA,1,NA,NA
149,GLP1RA main_SU main_Lower extremity amputation,Keck_Upgraded_OMOP_v5_NA,2,0,0,0,0,0,0,0,0,0,0,0,0,0,NA,1,NA,NA
149,GLP1RA main_SU main_Lower extremity amputation,AUSOM_20220228,2,0,0,0,0,0,0,0,0,0,0,0,0,0,NA,1,NA,NA
149,GLP1RA main_SU main_Lower extremity amputation,RED_CDM_Tufts_20221005,2,0,0,0,0,0,0,0,0,0,0,0,0,0,NA,1,NA,NA
149,GLP1RA main_SU main_Lower extremity amputation,CUIMC_20221214,2,0,0,0,0,0,0,0,0,0,0,0,0,0,NA,1,NA,NA
149,GLP1RA main_SU main_Lower extremity amputation,JHM_OMOP_20230406,2,0,0,0,0,0,0,0,0,0,0,0,0,0,NA,1,NA,NA
149,GLP1RA main_SU main_Lower extremity amputation,pmtx_202203_20220831,2,0,0,0,0,0,0,0,0,0,0,0,0,0,NA,1,NA,NA
149,GLP1RA main_SU main_Lower extremity amputation,Klinicki_centar_Crne_Gore_20230101,3,0,0,0,0,0,0,0,0,0,1,0,0,1,NA,0,NA,NA
149,GLP1RA main_SU main_Lower extremity amputation,ktph_sg_NA,3,0,0,0,0,NA,0,0,0,0,0,0,1,0,NA,1,NA,NA
149,GLP1RA main_SU main_Lower extremity amputation,TMUCRD_20210406,3,0,0,0,0,0,0,0,0,0,0,0,1,0,NA,1,NA,NA
149,GLP1RA main_SU main_Lower extremity amputation,premier_2326_20230125,3,0,0,0,0,0,0,0,1,0,0,0,0,1,NA,0,NA,NA
149,GLP1RA main_SU main_Lower extremity amputation,cdm_cds,3,0,0,0,0,0,0,0,0,0,0,1,0,0,NA,1,NA,NA
149,GLP1RA main_SU main_Lower extremity amputation,ccpp_v54_20210101,6,0,0,0,0,0,0,0,0,0,1,1,1,1,NA,1,NA,NA
149,GLP1RA main_SU main_Lower extremity amputation,HKU-THIN,6,0,-12724481,1,0,NA,0,0,0,0,1,0,1,1,NA,1,NA,NA
149,GLP1RA main_SU main_Lower extremity amputation,omop_20190828,NA,NA,0,NA,0,NA,0,0,NA,0,NA,0,NA,0,NA,1,NA,NA
150,SGLT2I main_SU main_Lower extremity amputation,US_OPEN_CLAIMS_20230313,0,1969863,13190780,0,0,0,0,0,0,0,0,0,0,0,NA,0,NA,NA
150,SGLT2I main_SU main_Lower extremity amputation,US_PharMetrics_Plus_20230330,0,453875,1606870,0,0,0,0,0,0,0,0,0,0,0,NA,0,NA,NA
150,SGLT2I main_SU main_Lower extremity amputation,optum_extended_ses_2327_20230204,0,355521,953930,0,0,0,0,0,0,0,0,0,0,0,NA,0,NA,NA
150,SGLT2I main_SU main_Lower extremity amputation,optum_extended_dod_2323_20230201,0,355518,953920,0,0,0,0,0,0,0,0,0,0,0,NA,0,NA,NA
150,SGLT2I main_SU main_Lower extremity amputation,truven_ccae_2324_20230201,0,325208,936040,0,0,0,0,0,0,0,0,0,0,0,NA,0,NA,NA
150,SGLT2I main_SU main_Lower extremity amputation,optum_ehr_2247_20221205,0,203730,913790,0,0,0,0,0,0,0,0,0,0,0,NA,0,NA,NA
150,SGLT2I main_SU main_Lower extremity amputation,truven_mdcr_2322_20230127,0,111350,150100,0,0,0,0,0,0,0,0,0,0,0,NA,0,NA,NA
150,SGLT2I main_SU main_Lower extremity amputation,jmdc_2325_20230126,0,83286,186980,0,0,0,0,0,0,0,0,0,0,0,NA,0,NA,NA
150,SGLT2I main_SU main_Lower extremity amputation,Japan_Claims_20230215,0,38138,128600,0,0,0,0,0,0,0,0,0,0,0,NA,0,NA,NA
150,SGLT2I main_SU main_Lower extremity amputation,UK_IMRD_THIN_20221230,0,35941,76320,0,0,0,0,0,0,0,0,0,0,0,NA,0,NA,NA
150,SGLT2I main_SU main_Lower extremity amputation,truven_mdcd_2359_20230215,0,29894,171320,0,0,0,0,0,0,0,0,0,0,0,NA,0,NA,NA
150,SGLT2I main_SU main_Lower extremity amputation,UK_IMRD_EMIS_20230215,0,9897,28020,0,0,0,0,0,0,0,0,0,0,0,NA,0,NA,NA
150,SGLT2I main_SU main_Lower extremity amputation,US_Hospital_20230130,0,5492,31740,0,0,0,0,0,0,0,0,0,0,0,NA,0,NA,NA
150,SGLT2I main_SU main_Lower extremity amputation,IQVIA_Belgium_LPD_20221006,0,380,5210,0,0,0,0,0,0,0,0,0,0,0,NA,0,NA,NA
150,SGLT2I main_SU main_Lower extremity amputation,Australia_EMR_20230317,0,182,4420,0,0,0,0,0,0,0,0,0,0,0,NA,0,NA,NA
150,SGLT2I main_SU main_Lower extremity amputation,Japan_HIS_20220120,0,59,7370,0,0,0,0,0,0,0,0,0,0,0,NA,0,NA,NA
150,SGLT2I main_SU main_Lower extremity amputation,IQVIA_Germany_DA_20230124,1,6145,168770,0,0,0,0,0,0,0,0,0,1,0,NA,0,NA,NA
150,SGLT2I main_SU main_Lower extremity amputation,LPD_Italy_20221226,1,4160,15830,0,0,0,0,0,0,0,0,0,1,0,NA,0,NA,NA
150,SGLT2I main_SU main_Lower extremity amputation,LPD_Spain_20220704,1,3096,19530,0,0,0,0,0,0,0,0,0,1,0,NA,0,NA,NA
150,SGLT2I main_SU main_Lower extremity amputation,France_LPD_20230118,1,1505,21290,0,0,0,0,0,0,0,0,0,1,0,NA,0,NA,NA
150,SGLT2I main_SU main_Lower extremity amputation,IQVIA_France_DA_20230201,1,156,3130,0,0,0,0,0,0,0,0,0,1,0,NA,0,NA,NA
150,SGLT2I main_SU main_Lower extremity amputation,VA-OMOP_20230411,2,0,0,0,0,0,0,0,0,0,0,0,0,0,NA,1,NA,NA
150,SGLT2I main_SU main_Lower extremity amputation,Keck_Upgraded_OMOP_v5_NA,2,0,0,0,0,0,0,0,0,0,0,0,0,0,NA,1,NA,NA
150,SGLT2I main_SU main_Lower extremity amputation,Klinicki_centar_Crne_Gore_20230101,2,0,0,0,0,0,0,0,0,0,1,0,0,0,NA,0,NA,NA
150,SGLT2I main_SU main_Lower extremity amputation,AUSOM_20220228,2,0,0,0,0,0,0,0,0,0,0,0,0,0,NA,1,NA,NA
150,SGLT2I main_SU main_Lower extremity amputation,RED_CDM_Tufts_20221005,2,0,0,0,0,0,0,0,0,0,0,0,0,0,NA,1,NA,NA
150,SGLT2I main_SU main_Lower extremity amputation,CUIMC_20221214,2,0,0,0,0,0,0,0,0,0,0,0,0,0,NA,1,NA,NA
150,SGLT2I main_SU main_Lower extremity amputation,JHM_OMOP_20230406,2,0,0,0,0,0,0,0,0,0,0,0,0,0,NA,1,NA,NA
150,SGLT2I main_SU main_Lower extremity amputation,pmtx_202203_20220831,2,0,0,0,0,0,0,0,0,0,0,0,0,0,NA,1,NA,NA
150,SGLT2I main_SU main_Lower extremity amputation,ktph_sg_NA,3,0,0,0,0,NA,0,0,0,0,0,0,1,0,NA,1,NA,NA
150,SGLT2I main_SU main_Lower extremity amputation,TMUCRD_20210406,3,0,0,0,0,0,0,0,0,0,0,0,1,0,NA,1,NA,NA
150,SGLT2I main_SU main_Lower extremity amputation,premier_2326_20230125,3,0,0,0,0,0,0,0,1,0,0,0,0,1,NA,0,NA,NA
150,SGLT2I main_SU main_Lower extremity amputation,cdm_cds,3,0,0,0,0,0,0,0,0,0,0,1,0,0,NA,1,NA,NA
150,SGLT2I main_SU main_Lower extremity amputation,ccpp_v54_20210101,6,0,0,0,0,0,0,0,0,0,1,1,1,1,NA,1,NA,NA
150,SGLT2I main_SU main_Lower extremity amputation,HKU-THIN,6,0,-12724481,1,0,NA,0,0,0,0,1,0,1,1,NA,1,NA,NA
150,SGLT2I main_SU main_Lower extremity amputation,omop_20190828,NA,NA,0,NA,0,NA,0,0,NA,0,NA,0,NA,NA,NA,1,NA,NA
151,DPP4I main_GLP1RA main_Nausea,US_OPEN_CLAIMS_20230313,0,2984398,14070770,0,0,0,0,0,0,0,0,0,0,0,NA,NA,NA,NA
151,DPP4I main_GLP1RA main_Nausea,truven_ccae_2324_20230201,0,626883,1477240,0,0,0,0,0,0,0,0,0,0,0,NA,NA,NA,NA
151,DPP4I main_GLP1RA main_Nausea,optum_extended_dod_2323_20230201,0,599920,1319840,0,0,0,0,0,0,0,0,0,0,0,NA,NA,NA,NA
151,DPP4I main_GLP1RA main_Nausea,optum_extended_ses_2327_20230204,0,599919,1319840,0,0,0,0,0,0,0,0,0,0,0,NA,NA,NA,NA
151,DPP4I main_GLP1RA main_Nausea,US_PharMetrics_Plus_20230330,0,546343,1455410,0,0,0,0,0,0,0,0,0,0,0,NA,NA,NA,NA
151,DPP4I main_GLP1RA main_Nausea,optum_ehr_2247_20221205,0,381202,1326580,0,0,0,0,0,0,0,0,0,0,0,NA,NA,NA,NA
151,DPP4I main_GLP1RA main_Nausea,truven_mdcr_2322_20230127,0,193421,240010,0,0,0,0,0,0,0,0,0,0,0,NA,NA,NA,NA
151,DPP4I main_GLP1RA main_Nausea,pmtx_202203_20220831,0,113907,307900,0,0,0,0,0,0,0,0,0,0,0,NA,NA,NA,NA
151,DPP4I main_GLP1RA main_Nausea,VA-OMOP_20230411,0,74531,502090,0,0,0,0,0,0,0,0,0,0,0,NA,NA,NA,NA
151,DPP4I main_GLP1RA main_Nausea,truven_mdcd_2359_20230215,0,53891,249690,0,0,0,0,0,0,0,0,0,0,0,NA,NA,NA,NA
151,DPP4I main_GLP1RA main_Nausea,UK_IMRD_THIN_20221230,0,32984,61890,0,0,0,0,0,0,0,0,0,0,0,NA,NA,NA,NA
151,DPP4I main_GLP1RA main_Nausea,IQVIA_Germany_DA_20230124,0,25687,126110,0,0,0,0,0,0,0,0,0,0,0,NA,NA,NA,NA
151,DPP4I main_GLP1RA main_Nausea,France_LPD_20230118,0,19374,75340,0,0,0,0,0,0,0,0,0,0,0,NA,NA,NA,NA
151,DPP4I main_GLP1RA main_Nausea,jmdc_2325_20230126,0,15225,30460,0,0,0,0,0,0,0,0,0,0,0,NA,NA,NA,NA
151,DPP4I main_GLP1RA main_Nausea,UK_IMRD_EMIS_20230215,0,13027,29840,0,0,0,0,0,0,0,0,0,0,0,NA,NA,NA,NA
151,DPP4I main_GLP1RA main_Nausea,Japan_Claims_20230215,0,10987,31930,0,0,0,0,0,0,0,0,0,0,0,NA,NA,NA,NA
151,DPP4I main_GLP1RA main_Nausea,LPD_Italy_20221226,0,8350,18410,0,0,0,0,0,0,0,0,0,0,0,NA,NA,NA,NA
151,DPP4I main_GLP1RA main_Nausea,JHM_OMOP_20230406,0,7300,19650,0,0,0,0,0,0,0,0,0,0,0,NA,NA,NA,NA
151,DPP4I main_GLP1RA main_Nausea,CUIMC_20221214,0,6690,57670,0,0,0,0,0,0,0,0,0,0,0,NA,NA,NA,NA
151,DPP4I main_GLP1RA main_Nausea,IQVIA_France_DA_20230201,0,5799,24940,0,0,0,0,0,0,0,0,0,0,0,NA,NA,NA,NA
151,DPP4I main_GLP1RA main_Nausea,LPD_Spain_20220704,0,3795,12030,0,0,0,0,0,0,0,0,0,0,0,NA,NA,NA,NA
151,DPP4I main_GLP1RA main_Nausea,IQVIA_Belgium_LPD_20221006,0,2933,8620,0,0,0,0,0,0,0,0,0,0,0,NA,NA,NA,NA
151,DPP4I main_GLP1RA main_Nausea,US_Hospital_20230130,0,2639,14000,0,0,0,0,0,0,0,0,0,0,0,NA,NA,NA,NA
151,DPP4I main_GLP1RA main_Nausea,Australia_EMR_20230317,0,835,6300,0,0,0,0,0,0,0,0,0,0,0,NA,NA,NA,NA
151,DPP4I main_GLP1RA main_Nausea,AUSOM_20220228,0,699,3190,0,0,0,0,0,0,0,0,0,0,0,NA,NA,NA,NA
151,DPP4I main_GLP1RA main_Nausea,TMUCRD_20210406,0,433,3150,0,0,0,0,0,0,0,0,0,0,0,NA,NA,NA,NA
151,DPP4I main_GLP1RA main_Nausea,RED_CDM_Tufts_20221005,0,113,1860,0,0,0,0,0,0,0,0,0,0,0,NA,NA,NA,NA
151,DPP4I main_GLP1RA main_Nausea,Japan_HIS_20220120,0,108,2830,0,0,0,0,0,0,0,0,0,0,0,NA,NA,NA,NA
151,DPP4I main_GLP1RA main_Nausea,Keck_Upgraded_OMOP_v5_NA,1,15,80,0,0,0,0,0,0,0,0,0,0,0,NA,NA,NA,NA
151,DPP4I main_GLP1RA main_Nausea,ktph_sg_NA,1,13,20,0,0,NA,0,0,0,0,0,0,0,0,NA,NA,NA,NA
151,DPP4I main_GLP1RA main_Nausea,Klinicki_centar_Crne_Gore_20230101,2,0,0,0,0,0,0,0,0,0,1,0,0,0,NA,NA,NA,NA
151,DPP4I main_GLP1RA main_Nausea,cdm_cds,2,0,0,0,0,0,0,0,0,0,0,1,0,0,NA,NA,NA,NA
151,DPP4I main_GLP1RA main_Nausea,premier_2326_20230125,3,0,0,0,0,0,0,0,1,0,1,0,0,0,NA,NA,NA,NA
151,DPP4I main_GLP1RA main_Nausea,ccpp_v54_20210101,5,0,0,0,0,0,0,0,0,0,1,1,1,1,NA,NA,NA,NA
151,DPP4I main_GLP1RA main_Nausea,HKU-THIN,5,0,-12724481,1,0,NA,0,0,0,0,1,0,1,1,NA,NA,NA,NA
151,DPP4I main_GLP1RA main_Nausea,omop_20190828,NA,NA,48480,NA,0,NA,0,0,NA,0,0,0,NA,NA,NA,NA,NA,NA
152,DPP4I main_SGLT2I main_Nausea,US_OPEN_CLAIMS_20230313,0,2797753,13190780,0,0,0,0,0,0,0,0,0,0,0,NA,NA,NA,NA
152,DPP4I main_SGLT2I main_Nausea,US_PharMetrics_Plus_20230330,0,546343,1455410,0,0,0,0,0,0,0,0,0,0,0,NA,NA,NA,NA
152,DPP4I main_SGLT2I main_Nausea,optum_extended_ses_2327_20230204,0,433598,953930,0,0,0,0,0,0,0,0,0,0,0,NA,NA,NA,NA
152,DPP4I main_SGLT2I main_Nausea,optum_extended_dod_2323_20230201,0,433595,953920,0,0,0,0,0,0,0,0,0,0,0,NA,NA,NA,NA
152,DPP4I main_SGLT2I main_Nausea,truven_ccae_2324_20230201,0,397219,936040,0,0,0,0,0,0,0,0,0,0,0,NA,NA,NA,NA
152,DPP4I main_SGLT2I main_Nausea,optum_ehr_2247_20221205,0,262584,913790,0,0,0,0,0,0,0,0,0,0,0,NA,NA,NA,NA
152,DPP4I main_SGLT2I main_Nausea,truven_mdcr_2322_20230127,0,120964,150100,0,0,0,0,0,0,0,0,0,0,0,NA,NA,NA,NA
152,DPP4I main_SGLT2I main_Nausea,pmtx_202203_20220831,0,108591,293530,0,0,0,0,0,0,0,0,0,0,0,NA,NA,NA,NA
152,DPP4I main_SGLT2I main_Nausea,jmdc_2325_20230126,0,97761,195580,0,0,0,0,0,0,0,0,0,0,0,NA,NA,NA,NA
152,DPP4I main_SGLT2I main_Nausea,VA-OMOP_20230411,0,77503,522110,0,0,0,0,0,0,0,0,0,0,0,NA,NA,NA,NA
152,DPP4I main_SGLT2I main_Nausea,Japan_Claims_20230215,0,44250,128600,0,0,0,0,0,0,0,0,0,0,0,NA,NA,NA,NA
152,DPP4I main_SGLT2I main_Nausea,UK_IMRD_THIN_20221230,0,40675,76320,0,0,0,0,0,0,0,0,0,0,0,NA,NA,NA,NA
152,DPP4I main_SGLT2I main_Nausea,truven_mdcd_2359_20230215,0,36976,171320,0,0,0,0,0,0,0,0,0,0,0,NA,NA,NA,NA
152,DPP4I main_SGLT2I main_Nausea,IQVIA_Germany_DA_20230124,0,36211,177780,0,0,0,0,0,0,0,0,0,0,0,NA,NA,NA,NA
152,DPP4I main_SGLT2I main_Nausea,UK_IMRD_EMIS_20230215,0,16790,38460,0,0,0,0,0,0,0,0,0,0,0,NA,NA,NA,NA
152,DPP4I main_SGLT2I main_Nausea,LPD_Spain_20220704,0,10616,33650,0,0,0,0,0,0,0,0,0,0,0,NA,NA,NA,NA
152,DPP4I main_SGLT2I main_Nausea,JHM_OMOP_20230406,0,7300,19650,0,0,0,0,0,0,0,0,0,0,0,NA,NA,NA,NA
152,DPP4I main_SGLT2I main_Nausea,LPD_Italy_20221226,0,7179,15830,0,0,0,0,0,0,0,0,0,0,0,NA,NA,NA,NA
152,DPP4I main_SGLT2I main_Nausea,US_Hospital_20230130,0,5983,31740,0,0,0,0,0,0,0,0,0,0,0,NA,NA,NA,NA
152,DPP4I main_SGLT2I main_Nausea,France_LPD_20230118,0,5475,21290,0,0,0,0,0,0,0,0,0,0,0,NA,NA,NA,NA
152,DPP4I main_SGLT2I main_Nausea,CUIMC_20221214,0,4366,37640,0,0,0,0,0,0,0,0,0,0,0,NA,NA,NA,NA
152,DPP4I main_SGLT2I main_Nausea,Australia_EMR_20230317,0,2683,20240,0,0,0,0,0,0,0,0,0,0,0,NA,NA,NA,NA
152,DPP4I main_SGLT2I main_Nausea,IQVIA_Belgium_LPD_20221006,0,2208,6490,0,0,0,0,0,0,0,0,0,0,0,NA,NA,NA,NA
152,DPP4I main_SGLT2I main_Nausea,AUSOM_20220228,0,1500,6850,0,0,0,0,0,0,0,0,0,0,0,NA,NA,NA,NA
152,DPP4I main_SGLT2I main_Nausea,TMUCRD_20210406,0,1475,10740,0,0,0,0,0,0,0,0,0,0,0,NA,NA,NA,NA
152,DPP4I main_SGLT2I main_Nausea,IQVIA_France_DA_20230201,0,728,3130,0,0,0,0,0,0,0,0,0,0,0,NA,NA,NA,NA
152,DPP4I main_SGLT2I main_Nausea,Japan_HIS_20220120,0,281,7370,0,0,0,0,0,0,0,0,0,0,0,NA,NA,NA,NA
152,DPP4I main_SGLT2I main_Nausea,RED_CDM_Tufts_20221005,0,83,1360,0,0,0,0,0,0,0,0,0,0,0,NA,NA,NA,NA
152,DPP4I main_SGLT2I main_Nausea,ktph_sg_NA,1,93,140,0,0,NA,0,0,0,0,0,0,0,0,NA,NA,NA,NA
152,DPP4I main_SGLT2I main_Nausea,Keck_Upgraded_OMOP_v5_NA,1,69,370,0,0,0,0,0,0,0,0,0,0,0,NA,NA,NA,NA
152,DPP4I main_SGLT2I main_Nausea,Klinicki_centar_Crne_Gore_20230101,1,10,50,0,0,0,0,0,0,0,0,0,0,0,NA,NA,NA,NA
152,DPP4I main_SGLT2I main_Nausea,cdm_cds,2,0,0,0,0,0,0,0,0,0,0,1,0,0,NA,NA,NA,NA
152,DPP4I main_SGLT2I main_Nausea,premier_2326_20230125,3,0,0,0,0,0,0,0,1,0,1,0,0,0,NA,NA,NA,NA
152,DPP4I main_SGLT2I main_Nausea,ccpp_v54_20210101,5,0,0,0,0,0,0,0,0,0,1,1,1,1,NA,NA,NA,NA
152,DPP4I main_SGLT2I main_Nausea,HKU-THIN,5,0,-12724481,1,0,NA,0,0,0,0,1,0,1,1,NA,NA,NA,NA
152,DPP4I main_SGLT2I main_Nausea,omop_20190828,NA,NA,900220,NA,0,NA,0,0,NA,0,NA,0,NA,NA,NA,NA,NA,NA
153,DPP4I main_SU main_Nausea,US_OPEN_CLAIMS_20230313,0,2984398,14070770,0,0,0,0,0,0,0,0,0,0,0,NA,NA,NA,NA
153,DPP4I main_SU main_Nausea,truven_ccae_2324_20230201,0,626883,1477240,0,0,0,0,0,0,0,0,0,0,0,NA,NA,NA,NA
153,DPP4I main_SU main_Nausea,optum_extended_dod_2323_20230201,0,599920,1319840,0,0,0,0,0,0,0,0,0,0,0,NA,NA,NA,NA
153,DPP4I main_SU main_Nausea,optum_extended_ses_2327_20230204,0,599919,1319840,0,0,0,0,0,0,0,0,0,0,0,NA,NA,NA,NA
153,DPP4I main_SU main_Nausea,US_PharMetrics_Plus_20230330,0,546343,1455410,0,0,0,0,0,0,0,0,0,0,0,NA,NA,NA,NA
153,DPP4I main_SU main_Nausea,optum_ehr_2247_20221205,0,449949,1565820,0,0,0,0,0,0,0,0,0,0,0,NA,NA,NA,NA
153,DPP4I main_SU main_Nausea,truven_mdcr_2322_20230127,0,388236,481750,0,0,0,0,0,0,0,0,0,0,0,NA,NA,NA,NA
153,DPP4I main_SU main_Nausea,pmtx_202203_20220831,0,113907,307900,0,0,0,0,0,0,0,0,0,0,0,NA,NA,NA,NA
153,DPP4I main_SU main_Nausea,jmdc_2325_20230126,0,93462,186980,0,0,0,0,0,0,0,0,0,0,0,NA,NA,NA,NA
153,DPP4I main_SU main_Nausea,VA-OMOP_20230411,0,78282,527360,0,0,0,0,0,0,0,0,0,0,0,NA,NA,NA,NA
153,DPP4I main_SU main_Nausea,Japan_Claims_20230215,0,63264,183860,0,0,0,0,0,0,0,0,0,0,0,NA,NA,NA,NA
153,DPP4I main_SU main_Nausea,US_Hospital_20230130,0,62779,333060,0,0,0,0,0,0,0,0,0,0,0,NA,NA,NA,NA
153,DPP4I main_SU main_Nausea,truven_mdcd_2359_20230215,0,53891,249690,0,0,0,0,0,0,0,0,0,0,0,NA,NA,NA,NA
153,DPP4I main_SU main_Nausea,UK_IMRD_THIN_20221230,0,46223,86730,0,0,0,0,0,0,0,0,0,0,0,NA,NA,NA,NA
153,DPP4I main_SU main_Nausea,IQVIA_Germany_DA_20230124,0,34376,168770,0,0,0,0,0,0,0,0,0,0,0,NA,NA,NA,NA
153,DPP4I main_SU main_Nausea,France_LPD_20230118,0,17967,69870,0,0,0,0,0,0,0,0,0,0,0,NA,NA,NA,NA
153,DPP4I main_SU main_Nausea,LPD_Italy_20221226,0,15674,34560,0,0,0,0,0,0,0,0,0,0,0,NA,NA,NA,NA
153,DPP4I main_SU main_Nausea,UK_IMRD_EMIS_20230215,0,12232,28020,0,0,0,0,0,0,0,0,0,0,0,NA,NA,NA,NA
153,DPP4I main_SU main_Nausea,IQVIA_France_DA_20230201,0,8245,35460,0,0,0,0,0,0,0,0,0,0,0,NA,NA,NA,NA
153,DPP4I main_SU main_Nausea,AUSOM_20220228,0,7616,34770,0,0,0,0,0,0,0,0,0,0,0,NA,NA,NA,NA
153,DPP4I main_SU main_Nausea,JHM_OMOP_20230406,0,7300,19650,0,0,0,0,0,0,0,0,0,0,0,NA,NA,NA,NA
153,DPP4I main_SU main_Nausea,TMUCRD_20210406,0,7245,52740,0,0,0,0,0,0,0,0,0,0,0,NA,NA,NA,NA
153,DPP4I main_SU main_Nausea,CUIMC_20221214,0,7067,60920,0,0,0,0,0,0,0,0,0,0,0,NA,NA,NA,NA
153,DPP4I main_SU main_Nausea,LPD_Spain_20220704,0,6161,19530,0,0,0,0,0,0,0,0,0,0,0,NA,NA,NA,NA
153,DPP4I main_SU main_Nausea,IQVIA_Belgium_LPD_20221006,0,1773,5210,0,0,0,0,0,0,0,0,0,0,0,NA,NA,NA,NA
153,DPP4I main_SU main_Nausea,Keck_Upgraded_OMOP_v5_NA,0,1700,9120,0,0,0,0,0,0,0,0,0,0,0,NA,NA,NA,NA
153,DPP4I main_SU main_Nausea,Australia_EMR_20230317,0,586,4420,0,0,0,0,0,0,0,0,0,0,0,NA,NA,NA,NA
153,DPP4I main_SU main_Nausea,Japan_HIS_20220120,0,449,11790,0,0,0,0,0,0,0,0,0,0,0,NA,NA,NA,NA
153,DPP4I main_SU main_Nausea,RED_CDM_Tufts_20221005,0,113,1860,0,0,0,0,0,0,0,0,0,0,0,NA,NA,NA,NA
153,DPP4I main_SU main_Nausea,premier_2326_20230125,1,6525,914680,0,0,0,0,0,1,0,0,0,0,0,NA,NA,NA,NA
153,DPP4I main_SU main_Nausea,ktph_sg_NA,1,578,870,0,0,NA,0,0,0,0,0,0,0,0,NA,NA,NA,NA
153,DPP4I main_SU main_Nausea,Klinicki_centar_Crne_Gore_20230101,2,0,0,0,0,0,0,0,0,0,1,0,0,0,NA,NA,NA,NA
153,DPP4I main_SU main_Nausea,cdm_cds,2,0,0,0,0,0,0,0,0,0,0,1,0,0,NA,NA,NA,NA
153,DPP4I main_SU main_Nausea,ccpp_v54_20210101,5,0,0,0,0,0,0,0,0,0,1,1,1,1,NA,NA,NA,NA
153,DPP4I main_SU main_Nausea,HKU-THIN,5,0,-12724481,1,0,NA,0,0,0,0,1,0,1,1,NA,NA,NA,NA
153,DPP4I main_SU main_Nausea,omop_20190828,NA,NA,900220,NA,0,NA,0,0,NA,0,NA,0,NA,NA,NA,NA,NA,NA
154,GLP1RA main_SGLT2I main_Nausea,US_OPEN_CLAIMS_20230313,0,2797753,13190780,0,0,0,0,0,0,0,0,0,0,0,NA,NA,NA,NA
154,GLP1RA main_SGLT2I main_Nausea,US_PharMetrics_Plus_20230330,0,603199,1606870,0,0,0,0,0,0,0,0,0,0,0,NA,NA,NA,NA
154,GLP1RA main_SGLT2I main_Nausea,optum_extended_ses_2327_20230204,0,433598,953930,0,0,0,0,0,0,0,0,0,0,0,NA,NA,NA,NA
154,GLP1RA main_SGLT2I main_Nausea,optum_extended_dod_2323_20230201,0,433595,953920,0,0,0,0,0,0,0,0,0,0,0,NA,NA,NA,NA
154,GLP1RA main_SGLT2I main_Nausea,truven_ccae_2324_20230201,0,397219,936040,0,0,0,0,0,0,0,0,0,0,0,NA,NA,NA,NA
154,GLP1RA main_SGLT2I main_Nausea,optum_ehr_2247_20221205,0,262584,913790,0,0,0,0,0,0,0,0,0,0,0,NA,NA,NA,NA
154,GLP1RA main_SGLT2I main_Nausea,truven_mdcr_2322_20230127,0,120964,150100,0,0,0,0,0,0,0,0,0,0,0,NA,NA,NA,NA
154,GLP1RA main_SGLT2I main_Nausea,pmtx_202203_20220831,0,108591,293530,0,0,0,0,0,0,0,0,0,0,0,NA,NA,NA,NA
154,GLP1RA main_SGLT2I main_Nausea,VA-OMOP_20230411,0,74531,502090,0,0,0,0,0,0,0,0,0,0,0,NA,NA,NA,NA
154,GLP1RA main_SGLT2I main_Nausea,truven_mdcd_2359_20230215,0,36976,171320,0,0,0,0,0,0,0,0,0,0,0,NA,NA,NA,NA
154,GLP1RA main_SGLT2I main_Nausea,UK_IMRD_THIN_20221230,0,32984,61890,0,0,0,0,0,0,0,0,0,0,0,NA,NA,NA,NA
154,GLP1RA main_SGLT2I main_Nausea,IQVIA_Germany_DA_20230124,0,25687,126110,0,0,0,0,0,0,0,0,0,0,0,NA,NA,NA,NA
154,GLP1RA main_SGLT2I main_Nausea,jmdc_2325_20230126,0,15225,30460,0,0,0,0,0,0,0,0,0,0,0,NA,NA,NA,NA
154,GLP1RA main_SGLT2I main_Nausea,UK_IMRD_EMIS_20230215,0,13027,29840,0,0,0,0,0,0,0,0,0,0,0,NA,NA,NA,NA
154,GLP1RA main_SGLT2I main_Nausea,Japan_Claims_20230215,0,10987,31930,0,0,0,0,0,0,0,0,0,0,0,NA,NA,NA,NA
154,GLP1RA main_SGLT2I main_Nausea,JHM_OMOP_20230406,0,7898,21260,0,0,0,0,0,0,0,0,0,0,0,NA,NA,NA,NA
154,GLP1RA main_SGLT2I main_Nausea,LPD_Italy_20221226,0,7179,15830,0,0,0,0,0,0,0,0,0,0,0,NA,NA,NA,NA
154,GLP1RA main_SGLT2I main_Nausea,France_LPD_20230118,0,5475,21290,0,0,0,0,0,0,0,0,0,0,0,NA,NA,NA,NA
154,GLP1RA main_SGLT2I main_Nausea,CUIMC_20221214,0,4366,37640,0,0,0,0,0,0,0,0,0,0,0,NA,NA,NA,NA
154,GLP1RA main_SGLT2I main_Nausea,LPD_Spain_20220704,0,3795,12030,0,0,0,0,0,0,0,0,0,0,0,NA,NA,NA,NA
154,GLP1RA main_SGLT2I main_Nausea,US_Hospital_20230130,0,2639,14000,0,0,0,0,0,0,0,0,0,0,0,NA,NA,NA,NA
154,GLP1RA main_SGLT2I main_Nausea,IQVIA_Belgium_LPD_20221006,0,2208,6490,0,0,0,0,0,0,0,0,0,0,0,NA,NA,NA,NA
154,GLP1RA main_SGLT2I main_Nausea,Australia_EMR_20230317,0,835,6300,0,0,0,0,0,0,0,0,0,0,0,NA,NA,NA,NA
154,GLP1RA main_SGLT2I main_Nausea,IQVIA_France_DA_20230201,0,728,3130,0,0,0,0,0,0,0,0,0,0,0,NA,NA,NA,NA
154,GLP1RA main_SGLT2I main_Nausea,AUSOM_20220228,0,699,3190,0,0,0,0,0,0,0,0,0,0,0,NA,NA,NA,NA
154,GLP1RA main_SGLT2I main_Nausea,TMUCRD_20210406,0,433,3150,0,0,0,0,0,0,0,0,0,0,0,NA,NA,NA,NA
154,GLP1RA main_SGLT2I main_Nausea,Japan_HIS_20220120,0,108,2830,0,0,0,0,0,0,0,0,0,0,0,NA,NA,NA,NA
154,GLP1RA main_SGLT2I main_Nausea,RED_CDM_Tufts_20221005,0,83,1360,0,0,0,0,0,0,0,0,0,0,0,NA,NA,NA,NA
154,GLP1RA main_SGLT2I main_Nausea,Keck_Upgraded_OMOP_v5_NA,1,15,80,0,0,0,0,0,0,0,0,0,0,0,NA,NA,NA,NA
154,GLP1RA main_SGLT2I main_Nausea,ktph_sg_NA,1,13,20,0,0,NA,0,0,0,0,0,0,0,0,NA,NA,NA,NA
154,GLP1RA main_SGLT2I main_Nausea,Klinicki_centar_Crne_Gore_20230101,2,0,0,0,0,0,0,0,0,0,0,0,0,1,NA,NA,NA,NA
154,GLP1RA main_SGLT2I main_Nausea,cdm_cds,2,0,0,0,0,0,0,0,0,0,0,1,0,0,NA,NA,NA,NA
154,GLP1RA main_SGLT2I main_Nausea,premier_2326_20230125,4,0,0,0,0,0,0,0,1,0,1,0,0,1,NA,NA,NA,NA
154,GLP1RA main_SGLT2I main_Nausea,ccpp_v54_20210101,5,0,0,0,0,0,0,0,0,0,1,1,1,1,NA,NA,NA,NA
154,GLP1RA main_SGLT2I main_Nausea,HKU-THIN,5,0,-12724481,1,0,NA,0,0,0,0,1,0,1,1,NA,NA,NA,NA
154,GLP1RA main_SGLT2I main_Nausea,omop_20190828,NA,NA,48480,NA,0,NA,0,0,NA,0,NA,0,NA,0,NA,NA,NA,NA
155,GLP1RA main_SU main_Nausea,US_OPEN_CLAIMS_20230313,0,4114327,19398130,0,0,0,0,0,0,0,0,0,0,0,NA,NA,NA,NA
155,GLP1RA main_SU main_Nausea,US_PharMetrics_Plus_20230330,0,845464,2252240,0,0,0,0,0,0,0,0,0,0,0,NA,NA,NA,NA
155,GLP1RA main_SU main_Nausea,truven_ccae_2324_20230201,0,772045,1819310,0,0,0,0,0,0,0,0,0,0,0,NA,NA,NA,NA
155,GLP1RA main_SU main_Nausea,optum_extended_dod_2323_20230201,0,652061,1434550,0,0,0,0,0,0,0,0,0,0,0,NA,NA,NA,NA
155,GLP1RA main_SU main_Nausea,optum_extended_ses_2327_20230204,0,652050,1434530,0,0,0,0,0,0,0,0,0,0,0,NA,NA,NA,NA
155,GLP1RA main_SU main_Nausea,optum_ehr_2247_20221205,0,381202,1326580,0,0,0,0,0,0,0,0,0,0,0,NA,NA,NA,NA
155,GLP1RA main_SU main_Nausea,truven_mdcr_2322_20230127,0,193421,240010,0,0,0,0,0,0,0,0,0,0,0,NA,NA,NA,NA
155,GLP1RA main_SU main_Nausea,pmtx_202203_20220831,0,145186,392450,0,0,0,0,0,0,0,0,0,0,0,NA,NA,NA,NA
155,GLP1RA main_SU main_Nausea,VA-OMOP_20230411,0,74531,502090,0,0,0,0,0,0,0,0,0,0,0,NA,NA,NA,NA
155,GLP1RA main_SU main_Nausea,truven_mdcd_2359_20230215,0,58097,269180,0,0,0,0,0,0,0,0,0,0,0,NA,NA,NA,NA
155,GLP1RA main_SU main_Nausea,UK_IMRD_THIN_20221230,0,32984,61890,0,0,0,0,0,0,0,0,0,0,0,NA,NA,NA,NA
155,GLP1RA main_SU main_Nausea,IQVIA_Germany_DA_20230124,0,25687,126110,0,0,0,0,0,0,0,0,0,0,0,NA,NA,NA,NA
155,GLP1RA main_SU main_Nausea,France_LPD_20230118,0,17967,69870,0,0,0,0,0,0,0,0,0,0,0,NA,NA,NA,NA
155,GLP1RA main_SU main_Nausea,jmdc_2325_20230126,0,15225,30460,0,0,0,0,0,0,0,0,0,0,0,NA,NA,NA,NA
155,GLP1RA main_SU main_Nausea,UK_IMRD_EMIS_20230215,0,12232,28020,0,0,0,0,0,0,0,0,0,0,0,NA,NA,NA,NA
155,GLP1RA main_SU main_Nausea,JHM_OMOP_20230406,0,11569,31140,0,0,0,0,0,0,0,0,0,0,0,NA,NA,NA,NA
155,GLP1RA main_SU main_Nausea,Japan_Claims_20230215,0,10987,31930,0,0,0,0,0,0,0,0,0,0,0,NA,NA,NA,NA
155,GLP1RA main_SU main_Nausea,LPD_Italy_20221226,0,8350,18410,0,0,0,0,0,0,0,0,0,0,0,NA,NA,NA,NA
155,GLP1RA main_SU main_Nausea,CUIMC_20221214,0,6690,57670,0,0,0,0,0,0,0,0,0,0,0,NA,NA,NA,NA
155,GLP1RA main_SU main_Nausea,IQVIA_France_DA_20230201,0,5799,24940,0,0,0,0,0,0,0,0,0,0,0,NA,NA,NA,NA
155,GLP1RA main_SU main_Nausea,LPD_Spain_20220704,0,3795,12030,0,0,0,0,0,0,0,0,0,0,0,NA,NA,NA,NA
155,GLP1RA main_SU main_Nausea,US_Hospital_20230130,0,2639,14000,0,0,0,0,0,0,0,0,0,0,0,NA,NA,NA,NA
155,GLP1RA main_SU main_Nausea,IQVIA_Belgium_LPD_20221006,0,1773,5210,0,0,0,0,0,0,0,0,0,0,0,NA,NA,NA,NA
155,GLP1RA main_SU main_Nausea,AUSOM_20220228,0,699,3190,0,0,0,0,0,0,0,0,0,0,0,NA,NA,NA,NA
155,GLP1RA main_SU main_Nausea,Australia_EMR_20230317,0,586,4420,0,0,0,0,0,0,0,0,0,0,0,NA,NA,NA,NA
155,GLP1RA main_SU main_Nausea,TMUCRD_20210406,0,433,3150,0,0,0,0,0,0,0,0,0,0,0,NA,NA,NA,NA
155,GLP1RA main_SU main_Nausea,RED_CDM_Tufts_20221005,0,132,2180,0,0,0,0,0,0,0,0,0,0,0,NA,NA,NA,NA
155,GLP1RA main_SU main_Nausea,Japan_HIS_20220120,0,108,2830,0,0,0,0,0,0,0,0,0,0,0,NA,NA,NA,NA
155,GLP1RA main_SU main_Nausea,Keck_Upgraded_OMOP_v5_NA,1,15,80,0,0,0,0,0,0,0,0,0,0,0,NA,NA,NA,NA
155,GLP1RA main_SU main_Nausea,ktph_sg_NA,1,13,20,0,0,NA,0,0,0,0,0,0,0,0,NA,NA,NA,NA
155,GLP1RA main_SU main_Nausea,cdm_cds,2,0,0,0,0,0,0,0,0,0,0,1,0,0,NA,NA,NA,NA
155,GLP1RA main_SU main_Nausea,Klinicki_centar_Crne_Gore_20230101,3,0,0,0,0,0,0,0,0,0,1,0,0,1,NA,NA,NA,NA
155,GLP1RA main_SU main_Nausea,premier_2326_20230125,3,0,0,0,0,0,0,0,1,0,0,0,0,1,NA,NA,NA,NA
155,GLP1RA main_SU main_Nausea,ccpp_v54_20210101,5,0,0,0,0,0,0,0,0,0,1,1,1,1,NA,NA,NA,NA
155,GLP1RA main_SU main_Nausea,HKU-THIN,5,0,-12724481,1,0,NA,0,0,0,0,1,0,1,1,NA,NA,NA,NA
155,GLP1RA main_SU main_Nausea,omop_20190828,NA,NA,48480,NA,0,NA,0,0,NA,0,NA,0,NA,0,NA,NA,NA,NA
156,SGLT2I main_SU main_Nausea,US_OPEN_CLAIMS_20230313,0,2797753,13190780,0,0,0,0,0,0,0,0,0,0,0,NA,NA,NA,NA
156,SGLT2I main_SU main_Nausea,US_PharMetrics_Plus_20230330,0,603199,1606870,0,0,0,0,0,0,0,0,0,0,0,NA,NA,NA,NA
156,SGLT2I main_SU main_Nausea,optum_extended_ses_2327_20230204,0,433598,953930,0,0,0,0,0,0,0,0,0,0,0,NA,NA,NA,NA
156,SGLT2I main_SU main_Nausea,optum_extended_dod_2323_20230201,0,433595,953920,0,0,0,0,0,0,0,0,0,0,0,NA,NA,NA,NA
156,SGLT2I main_SU main_Nausea,truven_ccae_2324_20230201,0,397219,936040,0,0,0,0,0,0,0,0,0,0,0,NA,NA,NA,NA
156,SGLT2I main_SU main_Nausea,optum_ehr_2247_20221205,0,262584,913790,0,0,0,0,0,0,0,0,0,0,0,NA,NA,NA,NA
156,SGLT2I main_SU main_Nausea,truven_mdcr_2322_20230127,0,120964,150100,0,0,0,0,0,0,0,0,0,0,0,NA,NA,NA,NA
156,SGLT2I main_SU main_Nausea,pmtx_202203_20220831,0,108591,293530,0,0,0,0,0,0,0,0,0,0,0,NA,NA,NA,NA
156,SGLT2I main_SU main_Nausea,jmdc_2325_20230126,0,93462,186980,0,0,0,0,0,0,0,0,0,0,0,NA,NA,NA,NA
156,SGLT2I main_SU main_Nausea,VA-OMOP_20230411,0,77503,522110,0,0,0,0,0,0,0,0,0,0,0,NA,NA,NA,NA
156,SGLT2I main_SU main_Nausea,Japan_Claims_20230215,0,44250,128600,0,0,0,0,0,0,0,0,0,0,0,NA,NA,NA,NA
156,SGLT2I main_SU main_Nausea,UK_IMRD_THIN_20221230,0,40675,76320,0,0,0,0,0,0,0,0,0,0,0,NA,NA,NA,NA
156,SGLT2I main_SU main_Nausea,truven_mdcd_2359_20230215,0,36976,171320,0,0,0,0,0,0,0,0,0,0,0,NA,NA,NA,NA
156,SGLT2I main_SU main_Nausea,IQVIA_Germany_DA_20230124,0,34376,168770,0,0,0,0,0,0,0,0,0,0,0,NA,NA,NA,NA
156,SGLT2I main_SU main_Nausea,UK_IMRD_EMIS_20230215,0,12232,28020,0,0,0,0,0,0,0,0,0,0,0,NA,NA,NA,NA
156,SGLT2I main_SU main_Nausea,JHM_OMOP_20230406,0,7898,21260,0,0,0,0,0,0,0,0,0,0,0,NA,NA,NA,NA
156,SGLT2I main_SU main_Nausea,LPD_Italy_20221226,0,7179,15830,0,0,0,0,0,0,0,0,0,0,0,NA,NA,NA,NA
156,SGLT2I main_SU main_Nausea,LPD_Spain_20220704,0,6161,19530,0,0,0,0,0,0,0,0,0,0,0,NA,NA,NA,NA
156,SGLT2I main_SU main_Nausea,US_Hospital_20230130,0,5983,31740,0,0,0,0,0,0,0,0,0,0,0,NA,NA,NA,NA
156,SGLT2I main_SU main_Nausea,France_LPD_20230118,0,5475,21290,0,0,0,0,0,0,0,0,0,0,0,NA,NA,NA,NA
156,SGLT2I main_SU main_Nausea,CUIMC_20221214,0,4366,37640,0,0,0,0,0,0,0,0,0,0,0,NA,NA,NA,NA
156,SGLT2I main_SU main_Nausea,IQVIA_Belgium_LPD_20221006,0,1773,5210,0,0,0,0,0,0,0,0,0,0,0,NA,NA,NA,NA
156,SGLT2I main_SU main_Nausea,AUSOM_20220228,0,1500,6850,0,0,0,0,0,0,0,0,0,0,0,NA,NA,NA,NA
156,SGLT2I main_SU main_Nausea,TMUCRD_20210406,0,1475,10740,0,0,0,0,0,0,0,0,0,0,0,NA,NA,NA,NA
156,SGLT2I main_SU main_Nausea,IQVIA_France_DA_20230201,0,728,3130,0,0,0,0,0,0,0,0,0,0,0,NA,NA,NA,NA
156,SGLT2I main_SU main_Nausea,Australia_EMR_20230317,0,586,4420,0,0,0,0,0,0,0,0,0,0,0,NA,NA,NA,NA
156,SGLT2I main_SU main_Nausea,Japan_HIS_20220120,0,281,7370,0,0,0,0,0,0,0,0,0,0,0,NA,NA,NA,NA
156,SGLT2I main_SU main_Nausea,RED_CDM_Tufts_20221005,0,83,1360,0,0,0,0,0,0,0,0,0,0,0,NA,NA,NA,NA
156,SGLT2I main_SU main_Nausea,ktph_sg_NA,1,93,140,0,0,NA,0,0,0,0,0,0,0,0,NA,NA,NA,NA
156,SGLT2I main_SU main_Nausea,Keck_Upgraded_OMOP_v5_NA,1,69,370,0,0,0,0,0,0,0,0,0,0,0,NA,NA,NA,NA
156,SGLT2I main_SU main_Nausea,Klinicki_centar_Crne_Gore_20230101,2,0,0,0,0,0,0,0,0,0,1,0,0,0,NA,NA,NA,NA
156,SGLT2I main_SU main_Nausea,cdm_cds,2,0,0,0,0,0,0,0,0,0,0,1,0,0,NA,NA,NA,NA
156,SGLT2I main_SU main_Nausea,premier_2326_20230125,3,0,0,0,0,0,0,0,1,0,0,0,0,1,NA,NA,NA,NA
156,SGLT2I main_SU main_Nausea,ccpp_v54_20210101,5,0,0,0,0,0,0,0,0,0,1,1,1,1,NA,NA,NA,NA
156,SGLT2I main_SU main_Nausea,HKU-THIN,5,0,-12724481,1,0,NA,0,0,0,0,1,0,1,1,NA,NA,NA,NA
156,SGLT2I main_SU main_Nausea,omop_20190828,NA,NA,900220,NA,0,NA,0,0,NA,0,NA,0,NA,NA,NA,NA,NA,NA
157,DPP4I main_GLP1RA main_Peripheral edema,US_OPEN_CLAIMS_20230313,0,2984398,14070770,0,0,0,0,0,0,0,0,0,0,0,NA,NA,NA,NA
157,DPP4I main_GLP1RA main_Peripheral edema,truven_ccae_2324_20230201,0,626883,1477240,0,0,0,0,0,0,0,0,0,0,0,NA,NA,NA,NA
157,DPP4I main_GLP1RA main_Peripheral edema,optum_extended_dod_2323_20230201,0,599920,1319840,0,0,0,0,0,0,0,0,0,0,0,NA,NA,NA,NA
157,DPP4I main_GLP1RA main_Peripheral edema,optum_extended_ses_2327_20230204,0,599919,1319840,0,0,0,0,0,0,0,0,0,0,0,NA,NA,NA,NA
157,DPP4I main_GLP1RA main_Peripheral edema,US_PharMetrics_Plus_20230330,0,546343,1455410,0,0,0,0,0,0,0,0,0,0,0,NA,NA,NA,NA
157,DPP4I main_GLP1RA main_Peripheral edema,optum_ehr_2247_20221205,0,381202,1326580,0,0,0,0,0,0,0,0,0,0,0,NA,NA,NA,NA
157,DPP4I main_GLP1RA main_Peripheral edema,truven_mdcr_2322_20230127,0,193421,240010,0,0,0,0,0,0,0,0,0,0,0,NA,NA,NA,NA
157,DPP4I main_GLP1RA main_Peripheral edema,pmtx_202203_20220831,0,113907,307900,0,0,0,0,0,0,0,0,0,0,0,NA,NA,NA,NA
157,DPP4I main_GLP1RA main_Peripheral edema,VA-OMOP_20230411,0,74531,502090,0,0,0,0,0,0,0,0,0,0,0,NA,NA,NA,NA
157,DPP4I main_GLP1RA main_Peripheral edema,truven_mdcd_2359_20230215,0,53891,249690,0,0,0,0,0,0,0,0,0,0,0,NA,NA,NA,NA
157,DPP4I main_GLP1RA main_Peripheral edema,UK_IMRD_THIN_20221230,0,32984,61890,0,0,0,0,0,0,0,0,0,0,0,NA,NA,NA,NA
157,DPP4I main_GLP1RA main_Peripheral edema,IQVIA_Germany_DA_20230124,0,25687,126110,0,0,0,0,0,0,0,0,0,0,0,NA,NA,NA,NA
157,DPP4I main_GLP1RA main_Peripheral edema,France_LPD_20230118,0,19374,75340,0,0,0,0,0,0,0,0,0,0,0,NA,NA,NA,NA
157,DPP4I main_GLP1RA main_Peripheral edema,jmdc_2325_20230126,0,15225,30460,0,0,0,0,0,0,0,0,0,0,0,NA,NA,NA,NA
157,DPP4I main_GLP1RA main_Peripheral edema,UK_IMRD_EMIS_20230215,0,13027,29840,0,0,0,0,0,0,0,0,0,0,0,NA,NA,NA,NA
157,DPP4I main_GLP1RA main_Peripheral edema,Japan_Claims_20230215,0,10987,31930,0,0,0,0,0,0,0,0,0,0,0,NA,NA,NA,NA
157,DPP4I main_GLP1RA main_Peripheral edema,LPD_Italy_20221226,0,8350,18410,0,0,0,0,0,0,0,0,0,0,0,NA,NA,NA,NA
157,DPP4I main_GLP1RA main_Peripheral edema,JHM_OMOP_20230406,0,7300,19650,0,0,0,0,0,0,0,0,0,0,0,NA,NA,NA,NA
157,DPP4I main_GLP1RA main_Peripheral edema,CUIMC_20221214,0,6690,57670,0,0,0,0,0,0,0,0,0,0,0,NA,NA,NA,NA
157,DPP4I main_GLP1RA main_Peripheral edema,IQVIA_France_DA_20230201,0,5799,24940,0,0,0,0,0,0,0,0,0,0,0,NA,NA,NA,NA
157,DPP4I main_GLP1RA main_Peripheral edema,LPD_Spain_20220704,0,3795,12030,0,0,0,0,0,0,0,0,0,0,0,NA,NA,NA,NA
157,DPP4I main_GLP1RA main_Peripheral edema,IQVIA_Belgium_LPD_20221006,0,2933,8620,0,0,0,0,0,0,0,0,0,0,0,NA,NA,NA,NA
157,DPP4I main_GLP1RA main_Peripheral edema,US_Hospital_20230130,0,2639,14000,0,0,0,0,0,0,0,0,0,0,0,NA,NA,NA,NA
157,DPP4I main_GLP1RA main_Peripheral edema,Australia_EMR_20230317,0,835,6300,0,0,0,0,0,0,0,0,0,0,0,NA,NA,NA,NA
157,DPP4I main_GLP1RA main_Peripheral edema,AUSOM_20220228,0,699,3190,0,0,0,0,0,0,0,0,0,0,0,NA,NA,NA,NA
157,DPP4I main_GLP1RA main_Peripheral edema,TMUCRD_20210406,0,433,3150,0,0,0,0,0,0,0,0,0,0,0,NA,NA,NA,NA
157,DPP4I main_GLP1RA main_Peripheral edema,RED_CDM_Tufts_20221005,0,113,1860,0,0,0,0,0,0,0,0,0,0,0,NA,NA,NA,NA
157,DPP4I main_GLP1RA main_Peripheral edema,Japan_HIS_20220120,0,108,2830,0,0,0,0,0,0,0,0,0,0,0,NA,NA,NA,NA
157,DPP4I main_GLP1RA main_Peripheral edema,Keck_Upgraded_OMOP_v5_NA,1,15,80,0,0,0,0,0,0,0,0,0,0,0,NA,NA,NA,NA
157,DPP4I main_GLP1RA main_Peripheral edema,ktph_sg_NA,1,13,20,0,0,NA,0,0,0,0,0,0,0,0,NA,NA,NA,NA
157,DPP4I main_GLP1RA main_Peripheral edema,Klinicki_centar_Crne_Gore_20230101,2,0,0,0,0,0,0,0,0,0,1,0,0,0,NA,NA,NA,NA
157,DPP4I main_GLP1RA main_Peripheral edema,cdm_cds,2,0,0,0,0,0,0,0,0,0,0,1,0,0,NA,NA,NA,NA
157,DPP4I main_GLP1RA main_Peripheral edema,premier_2326_20230125,3,0,0,0,0,0,0,0,1,0,1,0,0,0,NA,NA,NA,NA
157,DPP4I main_GLP1RA main_Peripheral edema,ccpp_v54_20210101,4,0,0,0,0,0,0,0,0,0,1,1,0,1,NA,NA,NA,NA
157,DPP4I main_GLP1RA main_Peripheral edema,HKU-THIN,5,0,-12724481,1,0,NA,0,0,0,0,1,0,1,1,NA,NA,NA,NA
157,DPP4I main_GLP1RA main_Peripheral edema,omop_20190828,NA,NA,48480,NA,0,NA,0,0,NA,0,0,0,NA,NA,NA,NA,NA,NA
158,DPP4I main_SGLT2I main_Peripheral edema,US_OPEN_CLAIMS_20230313,0,2797753,13190780,0,0,0,0,0,0,0,0,0,0,0,NA,NA,NA,NA
158,DPP4I main_SGLT2I main_Peripheral edema,US_PharMetrics_Plus_20230330,0,546343,1455410,0,0,0,0,0,0,0,0,0,0,0,NA,NA,NA,NA
158,DPP4I main_SGLT2I main_Peripheral edema,optum_extended_ses_2327_20230204,0,433598,953930,0,0,0,0,0,0,0,0,0,0,0,NA,NA,NA,NA
158,DPP4I main_SGLT2I main_Peripheral edema,optum_extended_dod_2323_20230201,0,433595,953920,0,0,0,0,0,0,0,0,0,0,0,NA,NA,NA,NA
158,DPP4I main_SGLT2I main_Peripheral edema,truven_ccae_2324_20230201,0,397219,936040,0,0,0,0,0,0,0,0,0,0,0,NA,NA,NA,NA
158,DPP4I main_SGLT2I main_Peripheral edema,optum_ehr_2247_20221205,0,262584,913790,0,0,0,0,0,0,0,0,0,0,0,NA,NA,NA,NA
158,DPP4I main_SGLT2I main_Peripheral edema,truven_mdcr_2322_20230127,0,120964,150100,0,0,0,0,0,0,0,0,0,0,0,NA,NA,NA,NA
158,DPP4I main_SGLT2I main_Peripheral edema,pmtx_202203_20220831,0,108591,293530,0,0,0,0,0,0,0,0,0,0,0,NA,NA,NA,NA
158,DPP4I main_SGLT2I main_Peripheral edema,jmdc_2325_20230126,0,97761,195580,0,0,0,0,0,0,0,0,0,0,0,NA,NA,NA,NA
158,DPP4I main_SGLT2I main_Peripheral edema,VA-OMOP_20230411,0,77503,522110,0,0,0,0,0,0,0,0,0,0,0,NA,NA,NA,NA
158,DPP4I main_SGLT2I main_Peripheral edema,Japan_Claims_20230215,0,44250,128600,0,0,0,0,0,0,0,0,0,0,0,NA,NA,NA,NA
158,DPP4I main_SGLT2I main_Peripheral edema,UK_IMRD_THIN_20221230,0,40675,76320,0,0,0,0,0,0,0,0,0,0,0,NA,NA,NA,NA
158,DPP4I main_SGLT2I main_Peripheral edema,truven_mdcd_2359_20230215,0,36976,171320,0,0,0,0,0,0,0,0,0,0,0,NA,NA,NA,NA
158,DPP4I main_SGLT2I main_Peripheral edema,IQVIA_Germany_DA_20230124,0,36211,177780,0,0,0,0,0,0,0,0,0,0,0,NA,NA,NA,NA
158,DPP4I main_SGLT2I main_Peripheral edema,UK_IMRD_EMIS_20230215,0,16790,38460,0,0,0,0,0,0,0,0,0,0,0,NA,NA,NA,NA
158,DPP4I main_SGLT2I main_Peripheral edema,LPD_Spain_20220704,0,10616,33650,0,0,0,0,0,0,0,0,0,0,0,NA,NA,NA,NA
158,DPP4I main_SGLT2I main_Peripheral edema,JHM_OMOP_20230406,0,7300,19650,0,0,0,0,0,0,0,0,0,0,0,NA,NA,NA,NA
158,DPP4I main_SGLT2I main_Peripheral edema,LPD_Italy_20221226,0,7179,15830,0,0,0,0,0,0,0,0,0,0,0,NA,NA,NA,NA
158,DPP4I main_SGLT2I main_Peripheral edema,US_Hospital_20230130,0,5983,31740,0,0,0,0,0,0,0,0,0,0,0,NA,NA,NA,NA
158,DPP4I main_SGLT2I main_Peripheral edema,France_LPD_20230118,0,5475,21290,0,0,0,0,0,0,0,0,0,0,0,NA,NA,NA,NA
158,DPP4I main_SGLT2I main_Peripheral edema,CUIMC_20221214,0,4366,37640,0,0,0,0,0,0,0,0,0,0,0,NA,NA,NA,NA
158,DPP4I main_SGLT2I main_Peripheral edema,Australia_EMR_20230317,0,2683,20240,0,0,0,0,0,0,0,0,0,0,0,NA,NA,NA,NA
158,DPP4I main_SGLT2I main_Peripheral edema,IQVIA_Belgium_LPD_20221006,0,2208,6490,0,0,0,0,0,0,0,0,0,0,0,NA,NA,NA,NA
158,DPP4I main_SGLT2I main_Peripheral edema,AUSOM_20220228,0,1500,6850,0,0,0,0,0,0,0,0,0,0,0,NA,NA,NA,NA
158,DPP4I main_SGLT2I main_Peripheral edema,TMUCRD_20210406,0,1475,10740,0,0,0,0,0,0,0,0,0,0,0,NA,NA,NA,NA
158,DPP4I main_SGLT2I main_Peripheral edema,IQVIA_France_DA_20230201,0,728,3130,0,0,0,0,0,0,0,0,0,0,0,NA,NA,NA,NA
158,DPP4I main_SGLT2I main_Peripheral edema,Japan_HIS_20220120,0,281,7370,0,0,0,0,0,0,0,0,0,0,0,NA,NA,NA,NA
158,DPP4I main_SGLT2I main_Peripheral edema,RED_CDM_Tufts_20221005,0,83,1360,0,0,0,0,0,0,0,0,0,0,0,NA,NA,NA,NA
158,DPP4I main_SGLT2I main_Peripheral edema,ktph_sg_NA,1,93,140,0,0,NA,0,0,0,0,0,0,0,0,NA,NA,NA,NA
158,DPP4I main_SGLT2I main_Peripheral edema,Keck_Upgraded_OMOP_v5_NA,1,69,370,0,0,0,0,0,0,0,0,0,0,0,NA,NA,NA,NA
158,DPP4I main_SGLT2I main_Peripheral edema,Klinicki_centar_Crne_Gore_20230101,1,10,50,0,0,0,0,0,0,0,0,0,0,0,NA,NA,NA,NA
158,DPP4I main_SGLT2I main_Peripheral edema,cdm_cds,2,0,0,0,0,0,0,0,0,0,0,1,0,0,NA,NA,NA,NA
158,DPP4I main_SGLT2I main_Peripheral edema,premier_2326_20230125,3,0,0,0,0,0,0,0,1,0,1,0,0,0,NA,NA,NA,NA
158,DPP4I main_SGLT2I main_Peripheral edema,ccpp_v54_20210101,4,0,0,0,0,0,0,0,0,0,1,1,0,1,NA,NA,NA,NA
158,DPP4I main_SGLT2I main_Peripheral edema,HKU-THIN,5,0,-12724481,1,0,NA,0,0,0,0,1,0,1,1,NA,NA,NA,NA
158,DPP4I main_SGLT2I main_Peripheral edema,omop_20190828,NA,NA,900220,NA,0,NA,0,0,NA,0,NA,0,NA,NA,NA,NA,NA,NA
159,DPP4I main_SU main_Peripheral edema,US_OPEN_CLAIMS_20230313,0,2984398,14070770,0,0,0,0,0,0,0,0,0,0,0,NA,NA,NA,NA
159,DPP4I main_SU main_Peripheral edema,truven_ccae_2324_20230201,0,626883,1477240,0,0,0,0,0,0,0,0,0,0,0,NA,NA,NA,NA
159,DPP4I main_SU main_Peripheral edema,optum_extended_dod_2323_20230201,0,599920,1319840,0,0,0,0,0,0,0,0,0,0,0,NA,NA,NA,NA
159,DPP4I main_SU main_Peripheral edema,optum_extended_ses_2327_20230204,0,599919,1319840,0,0,0,0,0,0,0,0,0,0,0,NA,NA,NA,NA
159,DPP4I main_SU main_Peripheral edema,US_PharMetrics_Plus_20230330,0,546343,1455410,0,0,0,0,0,0,0,0,0,0,0,NA,NA,NA,NA
159,DPP4I main_SU main_Peripheral edema,optum_ehr_2247_20221205,0,449949,1565820,0,0,0,0,0,0,0,0,0,0,0,NA,NA,NA,NA
159,DPP4I main_SU main_Peripheral edema,truven_mdcr_2322_20230127,0,388236,481750,0,0,0,0,0,0,0,0,0,0,0,NA,NA,NA,NA
159,DPP4I main_SU main_Peripheral edema,pmtx_202203_20220831,0,113907,307900,0,0,0,0,0,0,0,0,0,0,0,NA,NA,NA,NA
159,DPP4I main_SU main_Peripheral edema,jmdc_2325_20230126,0,93462,186980,0,0,0,0,0,0,0,0,0,0,0,NA,NA,NA,NA
159,DPP4I main_SU main_Peripheral edema,VA-OMOP_20230411,0,78282,527360,0,0,0,0,0,0,0,0,0,0,0,NA,NA,NA,NA
159,DPP4I main_SU main_Peripheral edema,Japan_Claims_20230215,0,63264,183860,0,0,0,0,0,0,0,0,0,0,0,NA,NA,NA,NA
159,DPP4I main_SU main_Peripheral edema,US_Hospital_20230130,0,62779,333060,0,0,0,0,0,0,0,0,0,0,0,NA,NA,NA,NA
159,DPP4I main_SU main_Peripheral edema,truven_mdcd_2359_20230215,0,53891,249690,0,0,0,0,0,0,0,0,0,0,0,NA,NA,NA,NA
159,DPP4I main_SU main_Peripheral edema,UK_IMRD_THIN_20221230,0,46223,86730,0,0,0,0,0,0,0,0,0,0,0,NA,NA,NA,NA
159,DPP4I main_SU main_Peripheral edema,IQVIA_Germany_DA_20230124,0,34376,168770,0,0,0,0,0,0,0,0,0,0,0,NA,NA,NA,NA
159,DPP4I main_SU main_Peripheral edema,France_LPD_20230118,0,17967,69870,0,0,0,0,0,0,0,0,0,0,0,NA,NA,NA,NA
159,DPP4I main_SU main_Peripheral edema,LPD_Italy_20221226,0,15674,34560,0,0,0,0,0,0,0,0,0,0,0,NA,NA,NA,NA
159,DPP4I main_SU main_Peripheral edema,UK_IMRD_EMIS_20230215,0,12232,28020,0,0,0,0,0,0,0,0,0,0,0,NA,NA,NA,NA
159,DPP4I main_SU main_Peripheral edema,IQVIA_France_DA_20230201,0,8245,35460,0,0,0,0,0,0,0,0,0,0,0,NA,NA,NA,NA
159,DPP4I main_SU main_Peripheral edema,AUSOM_20220228,0,7616,34770,0,0,0,0,0,0,0,0,0,0,0,NA,NA,NA,NA
159,DPP4I main_SU main_Peripheral edema,JHM_OMOP_20230406,0,7300,19650,0,0,0,0,0,0,0,0,0,0,0,NA,NA,NA,NA
159,DPP4I main_SU main_Peripheral edema,TMUCRD_20210406,0,7245,52740,0,0,0,0,0,0,0,0,0,0,0,NA,NA,NA,NA
159,DPP4I main_SU main_Peripheral edema,CUIMC_20221214,0,7067,60920,0,0,0,0,0,0,0,0,0,0,0,NA,NA,NA,NA
159,DPP4I main_SU main_Peripheral edema,LPD_Spain_20220704,0,6161,19530,0,0,0,0,0,0,0,0,0,0,0,NA,NA,NA,NA
159,DPP4I main_SU main_Peripheral edema,IQVIA_Belgium_LPD_20221006,0,1773,5210,0,0,0,0,0,0,0,0,0,0,0,NA,NA,NA,NA
159,DPP4I main_SU main_Peripheral edema,Keck_Upgraded_OMOP_v5_NA,0,1700,9120,0,0,0,0,0,0,0,0,0,0,0,NA,NA,NA,NA
159,DPP4I main_SU main_Peripheral edema,Australia_EMR_20230317,0,586,4420,0,0,0,0,0,0,0,0,0,0,0,NA,NA,NA,NA
159,DPP4I main_SU main_Peripheral edema,Japan_HIS_20220120,0,449,11790,0,0,0,0,0,0,0,0,0,0,0,NA,NA,NA,NA
159,DPP4I main_SU main_Peripheral edema,RED_CDM_Tufts_20221005,0,113,1860,0,0,0,0,0,0,0,0,0,0,0,NA,NA,NA,NA
159,DPP4I main_SU main_Peripheral edema,premier_2326_20230125,1,6525,914680,0,0,0,0,0,1,0,0,0,0,0,NA,NA,NA,NA
159,DPP4I main_SU main_Peripheral edema,ktph_sg_NA,1,578,870,0,0,NA,0,0,0,0,0,0,0,0,NA,NA,NA,NA
159,DPP4I main_SU main_Peripheral edema,Klinicki_centar_Crne_Gore_20230101,2,0,0,0,0,0,0,0,0,0,1,0,0,0,NA,NA,NA,NA
159,DPP4I main_SU main_Peripheral edema,cdm_cds,2,0,0,0,0,0,0,0,0,0,0,1,0,0,NA,NA,NA,NA
159,DPP4I main_SU main_Peripheral edema,ccpp_v54_20210101,4,0,0,0,0,0,0,0,0,0,1,1,0,1,NA,NA,NA,NA
159,DPP4I main_SU main_Peripheral edema,HKU-THIN,5,0,-12724481,1,0,NA,0,0,0,0,1,0,1,1,NA,NA,NA,NA
159,DPP4I main_SU main_Peripheral edema,omop_20190828,NA,NA,900220,NA,0,NA,0,0,NA,0,NA,0,NA,NA,NA,NA,NA,NA
160,GLP1RA main_SGLT2I main_Peripheral edema,US_OPEN_CLAIMS_20230313,0,2797753,13190780,0,0,0,0,0,0,0,0,0,0,0,NA,NA,NA,NA
160,GLP1RA main_SGLT2I main_Peripheral edema,US_PharMetrics_Plus_20230330,0,603199,1606870,0,0,0,0,0,0,0,0,0,0,0,NA,NA,NA,NA
160,GLP1RA main_SGLT2I main_Peripheral edema,optum_extended_ses_2327_20230204,0,433598,953930,0,0,0,0,0,0,0,0,0,0,0,NA,NA,NA,NA
160,GLP1RA main_SGLT2I main_Peripheral edema,optum_extended_dod_2323_20230201,0,433595,953920,0,0,0,0,0,0,0,0,0,0,0,NA,NA,NA,NA
160,GLP1RA main_SGLT2I main_Peripheral edema,truven_ccae_2324_20230201,0,397219,936040,0,0,0,0,0,0,0,0,0,0,0,NA,NA,NA,NA
160,GLP1RA main_SGLT2I main_Peripheral edema,optum_ehr_2247_20221205,0,262584,913790,0,0,0,0,0,0,0,0,0,0,0,NA,NA,NA,NA
160,GLP1RA main_SGLT2I main_Peripheral edema,truven_mdcr_2322_20230127,0,120964,150100,0,0,0,0,0,0,0,0,0,0,0,NA,NA,NA,NA
160,GLP1RA main_SGLT2I main_Peripheral edema,pmtx_202203_20220831,0,108591,293530,0,0,0,0,0,0,0,0,0,0,0,NA,NA,NA,NA
160,GLP1RA main_SGLT2I main_Peripheral edema,VA-OMOP_20230411,0,74531,502090,0,0,0,0,0,0,0,0,0,0,0,NA,NA,NA,NA
160,GLP1RA main_SGLT2I main_Peripheral edema,truven_mdcd_2359_20230215,0,36976,171320,0,0,0,0,0,0,0,0,0,0,0,NA,NA,NA,NA
160,GLP1RA main_SGLT2I main_Peripheral edema,UK_IMRD_THIN_20221230,0,32984,61890,0,0,0,0,0,0,0,0,0,0,0,NA,NA,NA,NA
160,GLP1RA main_SGLT2I main_Peripheral edema,IQVIA_Germany_DA_20230124,0,25687,126110,0,0,0,0,0,0,0,0,0,0,0,NA,NA,NA,NA
160,GLP1RA main_SGLT2I main_Peripheral edema,jmdc_2325_20230126,0,15225,30460,0,0,0,0,0,0,0,0,0,0,0,NA,NA,NA,NA
160,GLP1RA main_SGLT2I main_Peripheral edema,UK_IMRD_EMIS_20230215,0,13027,29840,0,0,0,0,0,0,0,0,0,0,0,NA,NA,NA,NA
160,GLP1RA main_SGLT2I main_Peripheral edema,Japan_Claims_20230215,0,10987,31930,0,0,0,0,0,0,0,0,0,0,0,NA,NA,NA,NA
160,GLP1RA main_SGLT2I main_Peripheral edema,JHM_OMOP_20230406,0,7898,21260,0,0,0,0,0,0,0,0,0,0,0,NA,NA,NA,NA
160,GLP1RA main_SGLT2I main_Peripheral edema,LPD_Italy_20221226,0,7179,15830,0,0,0,0,0,0,0,0,0,0,0,NA,NA,NA,NA
160,GLP1RA main_SGLT2I main_Peripheral edema,France_LPD_20230118,0,5475,21290,0,0,0,0,0,0,0,0,0,0,0,NA,NA,NA,NA
160,GLP1RA main_SGLT2I main_Peripheral edema,CUIMC_20221214,0,4366,37640,0,0,0,0,0,0,0,0,0,0,0,NA,NA,NA,NA
160,GLP1RA main_SGLT2I main_Peripheral edema,LPD_Spain_20220704,0,3795,12030,0,0,0,0,0,0,0,0,0,0,0,NA,NA,NA,NA
160,GLP1RA main_SGLT2I main_Peripheral edema,US_Hospital_20230130,0,2639,14000,0,0,0,0,0,0,0,0,0,0,0,NA,NA,NA,NA
160,GLP1RA main_SGLT2I main_Peripheral edema,IQVIA_Belgium_LPD_20221006,0,2208,6490,0,0,0,0,0,0,0,0,0,0,0,NA,NA,NA,NA
160,GLP1RA main_SGLT2I main_Peripheral edema,Australia_EMR_20230317,0,835,6300,0,0,0,0,0,0,0,0,0,0,0,NA,NA,NA,NA
160,GLP1RA main_SGLT2I main_Peripheral edema,IQVIA_France_DA_20230201,0,728,3130,0,0,0,0,0,0,0,0,0,0,0,NA,NA,NA,NA
160,GLP1RA main_SGLT2I main_Peripheral edema,AUSOM_20220228,0,699,3190,0,0,0,0,0,0,0,0,0,0,0,NA,NA,NA,NA
160,GLP1RA main_SGLT2I main_Peripheral edema,TMUCRD_20210406,0,433,3150,0,0,0,0,0,0,0,0,0,0,0,NA,NA,NA,NA
160,GLP1RA main_SGLT2I main_Peripheral edema,Japan_HIS_20220120,0,108,2830,0,0,0,0,0,0,0,0,0,0,0,NA,NA,NA,NA
160,GLP1RA main_SGLT2I main_Peripheral edema,RED_CDM_Tufts_20221005,0,83,1360,0,0,0,0,0,0,0,0,0,0,0,NA,NA,NA,NA
160,GLP1RA main_SGLT2I main_Peripheral edema,Keck_Upgraded_OMOP_v5_NA,1,15,80,0,0,0,0,0,0,0,0,0,0,0,NA,NA,NA,NA
160,GLP1RA main_SGLT2I main_Peripheral edema,ktph_sg_NA,1,13,20,0,0,NA,0,0,0,0,0,0,0,0,NA,NA,NA,NA
160,GLP1RA main_SGLT2I main_Peripheral edema,Klinicki_centar_Crne_Gore_20230101,2,0,0,0,0,0,0,0,0,0,0,0,0,1,NA,NA,NA,NA
160,GLP1RA main_SGLT2I main_Peripheral edema,cdm_cds,2,0,0,0,0,0,0,0,0,0,0,1,0,0,NA,NA,NA,NA
160,GLP1RA main_SGLT2I main_Peripheral edema,ccpp_v54_20210101,4,0,0,0,0,0,0,0,0,0,1,1,0,1,NA,NA,NA,NA
160,GLP1RA main_SGLT2I main_Peripheral edema,premier_2326_20230125,4,0,0,0,0,0,0,0,1,0,1,0,0,1,NA,NA,NA,NA
160,GLP1RA main_SGLT2I main_Peripheral edema,HKU-THIN,5,0,-12724481,1,0,NA,0,0,0,0,1,0,1,1,NA,NA,NA,NA
160,GLP1RA main_SGLT2I main_Peripheral edema,omop_20190828,NA,NA,48480,NA,0,NA,0,0,NA,0,NA,0,NA,0,NA,NA,NA,NA
161,GLP1RA main_SU main_Peripheral edema,US_OPEN_CLAIMS_20230313,0,4114327,19398130,0,0,0,0,0,0,0,0,0,0,0,NA,NA,NA,NA
161,GLP1RA main_SU main_Peripheral edema,US_PharMetrics_Plus_20230330,0,845464,2252240,0,0,0,0,0,0,0,0,0,0,0,NA,NA,NA,NA
161,GLP1RA main_SU main_Peripheral edema,truven_ccae_2324_20230201,0,772045,1819310,0,0,0,0,0,0,0,0,0,0,0,NA,NA,NA,NA
161,GLP1RA main_SU main_Peripheral edema,optum_extended_dod_2323_20230201,0,652061,1434550,0,0,0,0,0,0,0,0,0,0,0,NA,NA,NA,NA
161,GLP1RA main_SU main_Peripheral edema,optum_extended_ses_2327_20230204,0,652050,1434530,0,0,0,0,0,0,0,0,0,0,0,NA,NA,NA,NA
161,GLP1RA main_SU main_Peripheral edema,optum_ehr_2247_20221205,0,381202,1326580,0,0,0,0,0,0,0,0,0,0,0,NA,NA,NA,NA
161,GLP1RA main_SU main_Peripheral edema,truven_mdcr_2322_20230127,0,193421,240010,0,0,0,0,0,0,0,0,0,0,0,NA,NA,NA,NA
161,GLP1RA main_SU main_Peripheral edema,pmtx_202203_20220831,0,145186,392450,0,0,0,0,0,0,0,0,0,0,0,NA,NA,NA,NA
161,GLP1RA main_SU main_Peripheral edema,VA-OMOP_20230411,0,74531,502090,0,0,0,0,0,0,0,0,0,0,0,NA,NA,NA,NA
161,GLP1RA main_SU main_Peripheral edema,truven_mdcd_2359_20230215,0,58097,269180,0,0,0,0,0,0,0,0,0,0,0,NA,NA,NA,NA
161,GLP1RA main_SU main_Peripheral edema,UK_IMRD_THIN_20221230,0,32984,61890,0,0,0,0,0,0,0,0,0,0,0,NA,NA,NA,NA
161,GLP1RA main_SU main_Peripheral edema,IQVIA_Germany_DA_20230124,0,25687,126110,0,0,0,0,0,0,0,0,0,0,0,NA,NA,NA,NA
161,GLP1RA main_SU main_Peripheral edema,France_LPD_20230118,0,17967,69870,0,0,0,0,0,0,0,0,0,0,0,NA,NA,NA,NA
161,GLP1RA main_SU main_Peripheral edema,jmdc_2325_20230126,0,15225,30460,0,0,0,0,0,0,0,0,0,0,0,NA,NA,NA,NA
161,GLP1RA main_SU main_Peripheral edema,UK_IMRD_EMIS_20230215,0,12232,28020,0,0,0,0,0,0,0,0,0,0,0,NA,NA,NA,NA
161,GLP1RA main_SU main_Peripheral edema,JHM_OMOP_20230406,0,11569,31140,0,0,0,0,0,0,0,0,0,0,0,NA,NA,NA,NA
161,GLP1RA main_SU main_Peripheral edema,Japan_Claims_20230215,0,10987,31930,0,0,0,0,0,0,0,0,0,0,0,NA,NA,NA,NA
161,GLP1RA main_SU main_Peripheral edema,LPD_Italy_20221226,0,8350,18410,0,0,0,0,0,0,0,0,0,0,0,NA,NA,NA,NA
161,GLP1RA main_SU main_Peripheral edema,CUIMC_20221214,0,6690,57670,0,0,0,0,0,0,0,0,0,0,0,NA,NA,NA,NA
161,GLP1RA main_SU main_Peripheral edema,IQVIA_France_DA_20230201,0,5799,24940,0,0,0,0,0,0,0,0,0,0,0,NA,NA,NA,NA
161,GLP1RA main_SU main_Peripheral edema,LPD_Spain_20220704,0,3795,12030,0,0,0,0,0,0,0,0,0,0,0,NA,NA,NA,NA
161,GLP1RA main_SU main_Peripheral edema,US_Hospital_20230130,0,2639,14000,0,0,0,0,0,0,0,0,0,0,0,NA,NA,NA,NA
161,GLP1RA main_SU main_Peripheral edema,IQVIA_Belgium_LPD_20221006,0,1773,5210,0,0,0,0,0,0,0,0,0,0,0,NA,NA,NA,NA
161,GLP1RA main_SU main_Peripheral edema,AUSOM_20220228,0,699,3190,0,0,0,0,0,0,0,0,0,0,0,NA,NA,NA,NA
161,GLP1RA main_SU main_Peripheral edema,Australia_EMR_20230317,0,586,4420,0,0,0,0,0,0,0,0,0,0,0,NA,NA,NA,NA
161,GLP1RA main_SU main_Peripheral edema,TMUCRD_20210406,0,433,3150,0,0,0,0,0,0,0,0,0,0,0,NA,NA,NA,NA
161,GLP1RA main_SU main_Peripheral edema,RED_CDM_Tufts_20221005,0,132,2180,0,0,0,0,0,0,0,0,0,0,0,NA,NA,NA,NA
161,GLP1RA main_SU main_Peripheral edema,Japan_HIS_20220120,0,108,2830,0,0,0,0,0,0,0,0,0,0,0,NA,NA,NA,NA
161,GLP1RA main_SU main_Peripheral edema,Keck_Upgraded_OMOP_v5_NA,1,15,80,0,0,0,0,0,0,0,0,0,0,0,NA,NA,NA,NA
161,GLP1RA main_SU main_Peripheral edema,ktph_sg_NA,1,13,20,0,0,NA,0,0,0,0,0,0,0,0,NA,NA,NA,NA
161,GLP1RA main_SU main_Peripheral edema,cdm_cds,2,0,0,0,0,0,0,0,0,0,0,1,0,0,NA,NA,NA,NA
161,GLP1RA main_SU main_Peripheral edema,Klinicki_centar_Crne_Gore_20230101,3,0,0,0,0,0,0,0,0,0,1,0,0,1,NA,NA,NA,NA
161,GLP1RA main_SU main_Peripheral edema,premier_2326_20230125,3,0,0,0,0,0,0,0,1,0,0,0,0,1,NA,NA,NA,NA
161,GLP1RA main_SU main_Peripheral edema,ccpp_v54_20210101,4,0,0,0,0,0,0,0,0,0,1,1,0,1,NA,NA,NA,NA
161,GLP1RA main_SU main_Peripheral edema,HKU-THIN,5,0,-12724481,1,0,NA,0,0,0,0,1,0,1,1,NA,NA,NA,NA
161,GLP1RA main_SU main_Peripheral edema,omop_20190828,NA,NA,48480,NA,0,NA,0,0,NA,0,NA,0,NA,0,NA,NA,NA,NA
162,SGLT2I main_SU main_Peripheral edema,US_OPEN_CLAIMS_20230313,0,2797753,13190780,0,0,0,0,0,0,0,0,0,0,0,NA,NA,NA,NA
162,SGLT2I main_SU main_Peripheral edema,US_PharMetrics_Plus_20230330,0,603199,1606870,0,0,0,0,0,0,0,0,0,0,0,NA,NA,NA,NA
162,SGLT2I main_SU main_Peripheral edema,optum_extended_ses_2327_20230204,0,433598,953930,0,0,0,0,0,0,0,0,0,0,0,NA,NA,NA,NA
162,SGLT2I main_SU main_Peripheral edema,optum_extended_dod_2323_20230201,0,433595,953920,0,0,0,0,0,0,0,0,0,0,0,NA,NA,NA,NA
162,SGLT2I main_SU main_Peripheral edema,truven_ccae_2324_20230201,0,397219,936040,0,0,0,0,0,0,0,0,0,0,0,NA,NA,NA,NA
162,SGLT2I main_SU main_Peripheral edema,optum_ehr_2247_20221205,0,262584,913790,0,0,0,0,0,0,0,0,0,0,0,NA,NA,NA,NA
162,SGLT2I main_SU main_Peripheral edema,truven_mdcr_2322_20230127,0,120964,150100,0,0,0,0,0,0,0,0,0,0,0,NA,NA,NA,NA
162,SGLT2I main_SU main_Peripheral edema,pmtx_202203_20220831,0,108591,293530,0,0,0,0,0,0,0,0,0,0,0,NA,NA,NA,NA
162,SGLT2I main_SU main_Peripheral edema,jmdc_2325_20230126,0,93462,186980,0,0,0,0,0,0,0,0,0,0,0,NA,NA,NA,NA
162,SGLT2I main_SU main_Peripheral edema,VA-OMOP_20230411,0,77503,522110,0,0,0,0,0,0,0,0,0,0,0,NA,NA,NA,NA
162,SGLT2I main_SU main_Peripheral edema,Japan_Claims_20230215,0,44250,128600,0,0,0,0,0,0,0,0,0,0,0,NA,NA,NA,NA
162,SGLT2I main_SU main_Peripheral edema,UK_IMRD_THIN_20221230,0,40675,76320,0,0,0,0,0,0,0,0,0,0,0,NA,NA,NA,NA
162,SGLT2I main_SU main_Peripheral edema,truven_mdcd_2359_20230215,0,36976,171320,0,0,0,0,0,0,0,0,0,0,0,NA,NA,NA,NA
162,SGLT2I main_SU main_Peripheral edema,IQVIA_Germany_DA_20230124,0,34376,168770,0,0,0,0,0,0,0,0,0,0,0,NA,NA,NA,NA
162,SGLT2I main_SU main_Peripheral edema,UK_IMRD_EMIS_20230215,0,12232,28020,0,0,0,0,0,0,0,0,0,0,0,NA,NA,NA,NA
162,SGLT2I main_SU main_Peripheral edema,JHM_OMOP_20230406,0,7898,21260,0,0,0,0,0,0,0,0,0,0,0,NA,NA,NA,NA
162,SGLT2I main_SU main_Peripheral edema,LPD_Italy_20221226,0,7179,15830,0,0,0,0,0,0,0,0,0,0,0,NA,NA,NA,NA
162,SGLT2I main_SU main_Peripheral edema,LPD_Spain_20220704,0,6161,19530,0,0,0,0,0,0,0,0,0,0,0,NA,NA,NA,NA
162,SGLT2I main_SU main_Peripheral edema,US_Hospital_20230130,0,5983,31740,0,0,0,0,0,0,0,0,0,0,0,NA,NA,NA,NA
162,SGLT2I main_SU main_Peripheral edema,France_LPD_20230118,0,5475,21290,0,0,0,0,0,0,0,0,0,0,0,NA,NA,NA,NA
162,SGLT2I main_SU main_Peripheral edema,CUIMC_20221214,0,4366,37640,0,0,0,0,0,0,0,0,0,0,0,NA,NA,NA,NA
162,SGLT2I main_SU main_Peripheral edema,IQVIA_Belgium_LPD_20221006,0,1773,5210,0,0,0,0,0,0,0,0,0,0,0,NA,NA,NA,NA
162,SGLT2I main_SU main_Peripheral edema,AUSOM_20220228,0,1500,6850,0,0,0,0,0,0,0,0,0,0,0,NA,NA,NA,NA
162,SGLT2I main_SU main_Peripheral edema,TMUCRD_20210406,0,1475,10740,0,0,0,0,0,0,0,0,0,0,0,NA,NA,NA,NA
162,SGLT2I main_SU main_Peripheral edema,IQVIA_France_DA_20230201,0,728,3130,0,0,0,0,0,0,0,0,0,0,0,NA,NA,NA,NA
162,SGLT2I main_SU main_Peripheral edema,Australia_EMR_20230317,0,586,4420,0,0,0,0,0,0,0,0,0,0,0,NA,NA,NA,NA
162,SGLT2I main_SU main_Peripheral edema,Japan_HIS_20220120,0,281,7370,0,0,0,0,0,0,0,0,0,0,0,NA,NA,NA,NA
162,SGLT2I main_SU main_Peripheral edema,RED_CDM_Tufts_20221005,0,83,1360,0,0,0,0,0,0,0,0,0,0,0,NA,NA,NA,NA
162,SGLT2I main_SU main_Peripheral edema,ktph_sg_NA,1,93,140,0,0,NA,0,0,0,0,0,0,0,0,NA,NA,NA,NA
162,SGLT2I main_SU main_Peripheral edema,Keck_Upgraded_OMOP_v5_NA,1,69,370,0,0,0,0,0,0,0,0,0,0,0,NA,NA,NA,NA
162,SGLT2I main_SU main_Peripheral edema,Klinicki_centar_Crne_Gore_20230101,2,0,0,0,0,0,0,0,0,0,1,0,0,0,NA,NA,NA,NA
162,SGLT2I main_SU main_Peripheral edema,cdm_cds,2,0,0,0,0,0,0,0,0,0,0,1,0,0,NA,NA,NA,NA
162,SGLT2I main_SU main_Peripheral edema,premier_2326_20230125,3,0,0,0,0,0,0,0,1,0,0,0,0,1,NA,NA,NA,NA
162,SGLT2I main_SU main_Peripheral edema,ccpp_v54_20210101,4,0,0,0,0,0,0,0,0,0,1,1,0,1,NA,NA,NA,NA
162,SGLT2I main_SU main_Peripheral edema,HKU-THIN,5,0,-12724481,1,0,NA,0,0,0,0,1,0,1,1,NA,NA,NA,NA
162,SGLT2I main_SU main_Peripheral edema,omop_20190828,NA,NA,900220,NA,0,NA,0,0,NA,0,NA,0,NA,NA,NA,NA,NA,NA
163,DPP4I main_GLP1RA main_Photosensitivity,US_OPEN_CLAIMS_20230313,0,2984398,14070770,0,0,0,0,0,0,0,0,0,0,0,NA,NA,NA,NA
163,DPP4I main_GLP1RA main_Photosensitivity,truven_ccae_2324_20230201,0,626883,1477240,0,0,0,0,0,0,0,0,0,0,0,NA,NA,NA,NA
163,DPP4I main_GLP1RA main_Photosensitivity,optum_extended_dod_2323_20230201,0,599920,1319840,0,0,0,0,0,0,0,0,0,0,0,NA,NA,NA,NA
163,DPP4I main_GLP1RA main_Photosensitivity,optum_extended_ses_2327_20230204,0,599919,1319840,0,0,0,0,0,0,0,0,0,0,0,NA,NA,NA,NA
163,DPP4I main_GLP1RA main_Photosensitivity,US_PharMetrics_Plus_20230330,0,546343,1455410,0,0,0,0,0,0,0,0,0,0,0,NA,NA,NA,NA
163,DPP4I main_GLP1RA main_Photosensitivity,optum_ehr_2247_20221205,0,381202,1326580,0,0,0,0,0,0,0,0,0,0,0,NA,NA,NA,NA
163,DPP4I main_GLP1RA main_Photosensitivity,truven_mdcr_2322_20230127,0,193421,240010,0,0,0,0,0,0,0,0,0,0,0,NA,NA,NA,NA
163,DPP4I main_GLP1RA main_Photosensitivity,pmtx_202203_20220831,0,113907,307900,0,0,0,0,0,0,0,0,0,0,0,NA,NA,NA,NA
163,DPP4I main_GLP1RA main_Photosensitivity,VA-OMOP_20230411,0,74531,502090,0,0,0,0,0,0,0,0,0,0,0,NA,NA,NA,NA
163,DPP4I main_GLP1RA main_Photosensitivity,truven_mdcd_2359_20230215,0,53891,249690,0,0,0,0,0,0,0,0,0,0,0,NA,NA,NA,NA
163,DPP4I main_GLP1RA main_Photosensitivity,UK_IMRD_THIN_20221230,0,32984,61890,0,0,0,0,0,0,0,0,0,0,0,NA,NA,NA,NA
163,DPP4I main_GLP1RA main_Photosensitivity,IQVIA_Germany_DA_20230124,0,25687,126110,0,0,0,0,0,0,0,0,0,0,0,NA,NA,NA,NA
163,DPP4I main_GLP1RA main_Photosensitivity,France_LPD_20230118,0,19374,75340,0,0,0,0,0,0,0,0,0,0,0,NA,NA,NA,NA
163,DPP4I main_GLP1RA main_Photosensitivity,jmdc_2325_20230126,0,15225,30460,0,0,0,0,0,0,0,0,0,0,0,NA,NA,NA,NA
163,DPP4I main_GLP1RA main_Photosensitivity,UK_IMRD_EMIS_20230215,0,13027,29840,0,0,0,0,0,0,0,0,0,0,0,NA,NA,NA,NA
163,DPP4I main_GLP1RA main_Photosensitivity,Japan_Claims_20230215,0,10987,31930,0,0,0,0,0,0,0,0,0,0,0,NA,NA,NA,NA
163,DPP4I main_GLP1RA main_Photosensitivity,LPD_Italy_20221226,0,8350,18410,0,0,0,0,0,0,0,0,0,0,0,NA,NA,NA,NA
163,DPP4I main_GLP1RA main_Photosensitivity,JHM_OMOP_20230406,0,7300,19650,0,0,0,0,0,0,0,0,0,0,0,NA,NA,NA,NA
163,DPP4I main_GLP1RA main_Photosensitivity,CUIMC_20221214,0,6690,57670,0,0,0,0,0,0,0,0,0,0,0,NA,NA,NA,NA
163,DPP4I main_GLP1RA main_Photosensitivity,IQVIA_France_DA_20230201,0,5799,24940,0,0,0,0,0,0,0,0,0,0,0,NA,NA,NA,NA
163,DPP4I main_GLP1RA main_Photosensitivity,LPD_Spain_20220704,0,3795,12030,0,0,0,0,0,0,0,0,0,0,0,NA,NA,NA,NA
163,DPP4I main_GLP1RA main_Photosensitivity,IQVIA_Belgium_LPD_20221006,0,2933,8620,0,0,0,0,0,0,0,0,0,0,0,NA,NA,NA,NA
163,DPP4I main_GLP1RA main_Photosensitivity,US_Hospital_20230130,0,2639,14000,0,0,0,0,0,0,0,0,0,0,0,NA,NA,NA,NA
163,DPP4I main_GLP1RA main_Photosensitivity,Australia_EMR_20230317,0,835,6300,0,0,0,0,0,0,0,0,0,0,0,NA,NA,NA,NA
163,DPP4I main_GLP1RA main_Photosensitivity,AUSOM_20220228,0,699,3190,0,0,0,0,0,0,0,0,0,0,0,NA,NA,NA,NA
163,DPP4I main_GLP1RA main_Photosensitivity,TMUCRD_20210406,0,433,3150,0,0,0,0,0,0,0,0,0,0,0,NA,NA,NA,NA
163,DPP4I main_GLP1RA main_Photosensitivity,RED_CDM_Tufts_20221005,0,113,1860,0,0,0,0,0,0,0,0,0,0,0,NA,NA,NA,NA
163,DPP4I main_GLP1RA main_Photosensitivity,Japan_HIS_20220120,0,108,2830,0,0,0,0,0,0,0,0,0,0,0,NA,NA,NA,NA
163,DPP4I main_GLP1RA main_Photosensitivity,Keck_Upgraded_OMOP_v5_NA,1,15,80,0,0,0,0,0,0,0,0,0,0,0,NA,NA,NA,NA
163,DPP4I main_GLP1RA main_Photosensitivity,ktph_sg_NA,2,13,20,0,0,NA,0,0,0,0,0,0,1,0,NA,NA,NA,NA
163,DPP4I main_GLP1RA main_Photosensitivity,Klinicki_centar_Crne_Gore_20230101,2,0,0,0,0,0,0,0,0,0,1,0,0,0,NA,NA,NA,NA
163,DPP4I main_GLP1RA main_Photosensitivity,cdm_cds,2,0,0,0,0,0,0,0,0,0,0,1,0,0,NA,NA,NA,NA
163,DPP4I main_GLP1RA main_Photosensitivity,premier_2326_20230125,3,0,0,0,0,0,0,0,1,0,1,0,0,0,NA,NA,NA,NA
163,DPP4I main_GLP1RA main_Photosensitivity,ccpp_v54_20210101,5,0,0,0,0,0,0,0,0,0,1,1,1,1,NA,NA,NA,NA
163,DPP4I main_GLP1RA main_Photosensitivity,HKU-THIN,5,0,-12724481,1,0,NA,0,0,0,0,1,0,1,1,NA,NA,NA,NA
163,DPP4I main_GLP1RA main_Photosensitivity,omop_20190828,NA,NA,48480,NA,0,NA,0,0,NA,0,0,0,NA,NA,NA,NA,NA,NA
164,DPP4I main_SGLT2I main_Photosensitivity,US_OPEN_CLAIMS_20230313,0,2797753,13190780,0,0,0,0,0,0,0,0,0,0,0,NA,NA,NA,NA
164,DPP4I main_SGLT2I main_Photosensitivity,US_PharMetrics_Plus_20230330,0,546343,1455410,0,0,0,0,0,0,0,0,0,0,0,NA,NA,NA,NA
164,DPP4I main_SGLT2I main_Photosensitivity,optum_extended_ses_2327_20230204,0,433598,953930,0,0,0,0,0,0,0,0,0,0,0,NA,NA,NA,NA
164,DPP4I main_SGLT2I main_Photosensitivity,optum_extended_dod_2323_20230201,0,433595,953920,0,0,0,0,0,0,0,0,0,0,0,NA,NA,NA,NA
164,DPP4I main_SGLT2I main_Photosensitivity,truven_ccae_2324_20230201,0,397219,936040,0,0,0,0,0,0,0,0,0,0,0,NA,NA,NA,NA
164,DPP4I main_SGLT2I main_Photosensitivity,optum_ehr_2247_20221205,0,262584,913790,0,0,0,0,0,0,0,0,0,0,0,NA,NA,NA,NA
164,DPP4I main_SGLT2I main_Photosensitivity,truven_mdcr_2322_20230127,0,120964,150100,0,0,0,0,0,0,0,0,0,0,0,NA,NA,NA,NA
164,DPP4I main_SGLT2I main_Photosensitivity,pmtx_202203_20220831,0,108591,293530,0,0,0,0,0,0,0,0,0,0,0,NA,NA,NA,NA
164,DPP4I main_SGLT2I main_Photosensitivity,jmdc_2325_20230126,0,97761,195580,0,0,0,0,0,0,0,0,0,0,0,NA,NA,NA,NA
164,DPP4I main_SGLT2I main_Photosensitivity,VA-OMOP_20230411,0,77503,522110,0,0,0,0,0,0,0,0,0,0,0,NA,NA,NA,NA
164,DPP4I main_SGLT2I main_Photosensitivity,Japan_Claims_20230215,0,44250,128600,0,0,0,0,0,0,0,0,0,0,0,NA,NA,NA,NA
164,DPP4I main_SGLT2I main_Photosensitivity,UK_IMRD_THIN_20221230,0,40675,76320,0,0,0,0,0,0,0,0,0,0,0,NA,NA,NA,NA
164,DPP4I main_SGLT2I main_Photosensitivity,truven_mdcd_2359_20230215,0,36976,171320,0,0,0,0,0,0,0,0,0,0,0,NA,NA,NA,NA
164,DPP4I main_SGLT2I main_Photosensitivity,IQVIA_Germany_DA_20230124,0,36211,177780,0,0,0,0,0,0,0,0,0,0,0,NA,NA,NA,NA
164,DPP4I main_SGLT2I main_Photosensitivity,UK_IMRD_EMIS_20230215,0,16790,38460,0,0,0,0,0,0,0,0,0,0,0,NA,NA,NA,NA
164,DPP4I main_SGLT2I main_Photosensitivity,LPD_Spain_20220704,0,10616,33650,0,0,0,0,0,0,0,0,0,0,0,NA,NA,NA,NA
164,DPP4I main_SGLT2I main_Photosensitivity,JHM_OMOP_20230406,0,7300,19650,0,0,0,0,0,0,0,0,0,0,0,NA,NA,NA,NA
164,DPP4I main_SGLT2I main_Photosensitivity,LPD_Italy_20221226,0,7179,15830,0,0,0,0,0,0,0,0,0,0,0,NA,NA,NA,NA
164,DPP4I main_SGLT2I main_Photosensitivity,US_Hospital_20230130,0,5983,31740,0,0,0,0,0,0,0,0,0,0,0,NA,NA,NA,NA
164,DPP4I main_SGLT2I main_Photosensitivity,France_LPD_20230118,0,5475,21290,0,0,0,0,0,0,0,0,0,0,0,NA,NA,NA,NA
164,DPP4I main_SGLT2I main_Photosensitivity,CUIMC_20221214,0,4366,37640,0,0,0,0,0,0,0,0,0,0,0,NA,NA,NA,NA
164,DPP4I main_SGLT2I main_Photosensitivity,Australia_EMR_20230317,0,2683,20240,0,0,0,0,0,0,0,0,0,0,0,NA,NA,NA,NA
164,DPP4I main_SGLT2I main_Photosensitivity,IQVIA_Belgium_LPD_20221006,0,2208,6490,0,0,0,0,0,0,0,0,0,0,0,NA,NA,NA,NA
164,DPP4I main_SGLT2I main_Photosensitivity,AUSOM_20220228,0,1500,6850,0,0,0,0,0,0,0,0,0,0,0,NA,NA,NA,NA
164,DPP4I main_SGLT2I main_Photosensitivity,TMUCRD_20210406,0,1475,10740,0,0,0,0,0,0,0,0,0,0,0,NA,NA,NA,NA
164,DPP4I main_SGLT2I main_Photosensitivity,IQVIA_France_DA_20230201,0,728,3130,0,0,0,0,0,0,0,0,0,0,0,NA,NA,NA,NA
164,DPP4I main_SGLT2I main_Photosensitivity,Japan_HIS_20220120,0,281,7370,0,0,0,0,0,0,0,0,0,0,0,NA,NA,NA,NA
164,DPP4I main_SGLT2I main_Photosensitivity,RED_CDM_Tufts_20221005,0,83,1360,0,0,0,0,0,0,0,0,0,0,0,NA,NA,NA,NA
164,DPP4I main_SGLT2I main_Photosensitivity,Keck_Upgraded_OMOP_v5_NA,1,69,370,0,0,0,0,0,0,0,0,0,0,0,NA,NA,NA,NA
164,DPP4I main_SGLT2I main_Photosensitivity,Klinicki_centar_Crne_Gore_20230101,1,10,50,0,0,0,0,0,0,0,0,0,0,0,NA,NA,NA,NA
164,DPP4I main_SGLT2I main_Photosensitivity,ktph_sg_NA,2,93,140,0,0,NA,0,0,0,0,0,0,1,0,NA,NA,NA,NA
164,DPP4I main_SGLT2I main_Photosensitivity,cdm_cds,2,0,0,0,0,0,0,0,0,0,0,1,0,0,NA,NA,NA,NA
164,DPP4I main_SGLT2I main_Photosensitivity,premier_2326_20230125,3,0,0,0,0,0,0,0,1,0,1,0,0,0,NA,NA,NA,NA
164,DPP4I main_SGLT2I main_Photosensitivity,ccpp_v54_20210101,5,0,0,0,0,0,0,0,0,0,1,1,1,1,NA,NA,NA,NA
164,DPP4I main_SGLT2I main_Photosensitivity,HKU-THIN,5,0,-12724481,1,0,NA,0,0,0,0,1,0,1,1,NA,NA,NA,NA
164,DPP4I main_SGLT2I main_Photosensitivity,omop_20190828,NA,NA,900220,NA,0,NA,0,0,NA,0,NA,0,NA,NA,NA,NA,NA,NA
165,DPP4I main_SU main_Photosensitivity,US_OPEN_CLAIMS_20230313,0,2984398,14070770,0,0,0,0,0,0,0,0,0,0,0,NA,NA,NA,NA
165,DPP4I main_SU main_Photosensitivity,truven_ccae_2324_20230201,0,626883,1477240,0,0,0,0,0,0,0,0,0,0,0,NA,NA,NA,NA
165,DPP4I main_SU main_Photosensitivity,optum_extended_dod_2323_20230201,0,599920,1319840,0,0,0,0,0,0,0,0,0,0,0,NA,NA,NA,NA
165,DPP4I main_SU main_Photosensitivity,optum_extended_ses_2327_20230204,0,599919,1319840,0,0,0,0,0,0,0,0,0,0,0,NA,NA,NA,NA
165,DPP4I main_SU main_Photosensitivity,US_PharMetrics_Plus_20230330,0,546343,1455410,0,0,0,0,0,0,0,0,0,0,0,NA,NA,NA,NA
165,DPP4I main_SU main_Photosensitivity,optum_ehr_2247_20221205,0,449949,1565820,0,0,0,0,0,0,0,0,0,0,0,NA,NA,NA,NA
165,DPP4I main_SU main_Photosensitivity,truven_mdcr_2322_20230127,0,388236,481750,0,0,0,0,0,0,0,0,0,0,0,NA,NA,NA,NA
165,DPP4I main_SU main_Photosensitivity,pmtx_202203_20220831,0,113907,307900,0,0,0,0,0,0,0,0,0,0,0,NA,NA,NA,NA
165,DPP4I main_SU main_Photosensitivity,jmdc_2325_20230126,0,93462,186980,0,0,0,0,0,0,0,0,0,0,0,NA,NA,NA,NA
165,DPP4I main_SU main_Photosensitivity,VA-OMOP_20230411,0,78282,527360,0,0,0,0,0,0,0,0,0,0,0,NA,NA,NA,NA
165,DPP4I main_SU main_Photosensitivity,Japan_Claims_20230215,0,63264,183860,0,0,0,0,0,0,0,0,0,0,0,NA,NA,NA,NA
165,DPP4I main_SU main_Photosensitivity,US_Hospital_20230130,0,62779,333060,0,0,0,0,0,0,0,0,0,0,0,NA,NA,NA,NA
165,DPP4I main_SU main_Photosensitivity,truven_mdcd_2359_20230215,0,53891,249690,0,0,0,0,0,0,0,0,0,0,0,NA,NA,NA,NA
165,DPP4I main_SU main_Photosensitivity,UK_IMRD_THIN_20221230,0,46223,86730,0,0,0,0,0,0,0,0,0,0,0,NA,NA,NA,NA
165,DPP4I main_SU main_Photosensitivity,IQVIA_Germany_DA_20230124,0,34376,168770,0,0,0,0,0,0,0,0,0,0,0,NA,NA,NA,NA
165,DPP4I main_SU main_Photosensitivity,France_LPD_20230118,0,17967,69870,0,0,0,0,0,0,0,0,0,0,0,NA,NA,NA,NA
165,DPP4I main_SU main_Photosensitivity,LPD_Italy_20221226,0,15674,34560,0,0,0,0,0,0,0,0,0,0,0,NA,NA,NA,NA
165,DPP4I main_SU main_Photosensitivity,UK_IMRD_EMIS_20230215,0,12232,28020,0,0,0,0,0,0,0,0,0,0,0,NA,NA,NA,NA
165,DPP4I main_SU main_Photosensitivity,IQVIA_France_DA_20230201,0,8245,35460,0,0,0,0,0,0,0,0,0,0,0,NA,NA,NA,NA
165,DPP4I main_SU main_Photosensitivity,AUSOM_20220228,0,7616,34770,0,0,0,0,0,0,0,0,0,0,0,NA,NA,NA,NA
165,DPP4I main_SU main_Photosensitivity,JHM_OMOP_20230406,0,7300,19650,0,0,0,0,0,0,0,0,0,0,0,NA,NA,NA,NA
165,DPP4I main_SU main_Photosensitivity,TMUCRD_20210406,0,7245,52740,0,0,0,0,0,0,0,0,0,0,0,NA,NA,NA,NA
165,DPP4I main_SU main_Photosensitivity,CUIMC_20221214,0,7067,60920,0,0,0,0,0,0,0,0,0,0,0,NA,NA,NA,NA
165,DPP4I main_SU main_Photosensitivity,LPD_Spain_20220704,0,6161,19530,0,0,0,0,0,0,0,0,0,0,0,NA,NA,NA,NA
165,DPP4I main_SU main_Photosensitivity,IQVIA_Belgium_LPD_20221006,0,1773,5210,0,0,0,0,0,0,0,0,0,0,0,NA,NA,NA,NA
165,DPP4I main_SU main_Photosensitivity,Keck_Upgraded_OMOP_v5_NA,0,1700,9120,0,0,0,0,0,0,0,0,0,0,0,NA,NA,NA,NA
165,DPP4I main_SU main_Photosensitivity,Australia_EMR_20230317,0,586,4420,0,0,0,0,0,0,0,0,0,0,0,NA,NA,NA,NA
165,DPP4I main_SU main_Photosensitivity,Japan_HIS_20220120,0,449,11790,0,0,0,0,0,0,0,0,0,0,0,NA,NA,NA,NA
165,DPP4I main_SU main_Photosensitivity,RED_CDM_Tufts_20221005,0,113,1860,0,0,0,0,0,0,0,0,0,0,0,NA,NA,NA,NA
165,DPP4I main_SU main_Photosensitivity,premier_2326_20230125,1,6525,914680,0,0,0,0,0,1,0,0,0,0,0,NA,NA,NA,NA
165,DPP4I main_SU main_Photosensitivity,ktph_sg_NA,2,578,870,0,0,NA,0,0,0,0,0,0,1,0,NA,NA,NA,NA
165,DPP4I main_SU main_Photosensitivity,Klinicki_centar_Crne_Gore_20230101,2,0,0,0,0,0,0,0,0,0,1,0,0,0,NA,NA,NA,NA
165,DPP4I main_SU main_Photosensitivity,cdm_cds,2,0,0,0,0,0,0,0,0,0,0,1,0,0,NA,NA,NA,NA
165,DPP4I main_SU main_Photosensitivity,ccpp_v54_20210101,5,0,0,0,0,0,0,0,0,0,1,1,1,1,NA,NA,NA,NA
165,DPP4I main_SU main_Photosensitivity,HKU-THIN,5,0,-12724481,1,0,NA,0,0,0,0,1,0,1,1,NA,NA,NA,NA
165,DPP4I main_SU main_Photosensitivity,omop_20190828,NA,NA,900220,NA,0,NA,0,0,NA,0,NA,0,NA,NA,NA,NA,NA,NA
166,GLP1RA main_SGLT2I main_Photosensitivity,US_OPEN_CLAIMS_20230313,0,2797753,13190780,0,0,0,0,0,0,0,0,0,0,0,NA,NA,NA,NA
166,GLP1RA main_SGLT2I main_Photosensitivity,US_PharMetrics_Plus_20230330,0,603199,1606870,0,0,0,0,0,0,0,0,0,0,0,NA,NA,NA,NA
166,GLP1RA main_SGLT2I main_Photosensitivity,optum_extended_ses_2327_20230204,0,433598,953930,0,0,0,0,0,0,0,0,0,0,0,NA,NA,NA,NA
166,GLP1RA main_SGLT2I main_Photosensitivity,optum_extended_dod_2323_20230201,0,433595,953920,0,0,0,0,0,0,0,0,0,0,0,NA,NA,NA,NA
166,GLP1RA main_SGLT2I main_Photosensitivity,truven_ccae_2324_20230201,0,397219,936040,0,0,0,0,0,0,0,0,0,0,0,NA,NA,NA,NA
166,GLP1RA main_SGLT2I main_Photosensitivity,optum_ehr_2247_20221205,0,262584,913790,0,0,0,0,0,0,0,0,0,0,0,NA,NA,NA,NA
166,GLP1RA main_SGLT2I main_Photosensitivity,truven_mdcr_2322_20230127,0,120964,150100,0,0,0,0,0,0,0,0,0,0,0,NA,NA,NA,NA
166,GLP1RA main_SGLT2I main_Photosensitivity,pmtx_202203_20220831,0,108591,293530,0,0,0,0,0,0,0,0,0,0,0,NA,NA,NA,NA
166,GLP1RA main_SGLT2I main_Photosensitivity,VA-OMOP_20230411,0,74531,502090,0,0,0,0,0,0,0,0,0,0,0,NA,NA,NA,NA
166,GLP1RA main_SGLT2I main_Photosensitivity,truven_mdcd_2359_20230215,0,36976,171320,0,0,0,0,0,0,0,0,0,0,0,NA,NA,NA,NA
166,GLP1RA main_SGLT2I main_Photosensitivity,UK_IMRD_THIN_20221230,0,32984,61890,0,0,0,0,0,0,0,0,0,0,0,NA,NA,NA,NA
166,GLP1RA main_SGLT2I main_Photosensitivity,IQVIA_Germany_DA_20230124,0,25687,126110,0,0,0,0,0,0,0,0,0,0,0,NA,NA,NA,NA
166,GLP1RA main_SGLT2I main_Photosensitivity,jmdc_2325_20230126,0,15225,30460,0,0,0,0,0,0,0,0,0,0,0,NA,NA,NA,NA
166,GLP1RA main_SGLT2I main_Photosensitivity,UK_IMRD_EMIS_20230215,0,13027,29840,0,0,0,0,0,0,0,0,0,0,0,NA,NA,NA,NA
166,GLP1RA main_SGLT2I main_Photosensitivity,Japan_Claims_20230215,0,10987,31930,0,0,0,0,0,0,0,0,0,0,0,NA,NA,NA,NA
166,GLP1RA main_SGLT2I main_Photosensitivity,JHM_OMOP_20230406,0,7898,21260,0,0,0,0,0,0,0,0,0,0,0,NA,NA,NA,NA
166,GLP1RA main_SGLT2I main_Photosensitivity,LPD_Italy_20221226,0,7179,15830,0,0,0,0,0,0,0,0,0,0,0,NA,NA,NA,NA
166,GLP1RA main_SGLT2I main_Photosensitivity,France_LPD_20230118,0,5475,21290,0,0,0,0,0,0,0,0,0,0,0,NA,NA,NA,NA
166,GLP1RA main_SGLT2I main_Photosensitivity,CUIMC_20221214,0,4366,37640,0,0,0,0,0,0,0,0,0,0,0,NA,NA,NA,NA
166,GLP1RA main_SGLT2I main_Photosensitivity,LPD_Spain_20220704,0,3795,12030,0,0,0,0,0,0,0,0,0,0,0,NA,NA,NA,NA
166,GLP1RA main_SGLT2I main_Photosensitivity,US_Hospital_20230130,0,2639,14000,0,0,0,0,0,0,0,0,0,0,0,NA,NA,NA,NA
166,GLP1RA main_SGLT2I main_Photosensitivity,IQVIA_Belgium_LPD_20221006,0,2208,6490,0,0,0,0,0,0,0,0,0,0,0,NA,NA,NA,NA
166,GLP1RA main_SGLT2I main_Photosensitivity,Australia_EMR_20230317,0,835,6300,0,0,0,0,0,0,0,0,0,0,0,NA,NA,NA,NA
166,GLP1RA main_SGLT2I main_Photosensitivity,IQVIA_France_DA_20230201,0,728,3130,0,0,0,0,0,0,0,0,0,0,0,NA,NA,NA,NA
166,GLP1RA main_SGLT2I main_Photosensitivity,AUSOM_20220228,0,699,3190,0,0,0,0,0,0,0,0,0,0,0,NA,NA,NA,NA
166,GLP1RA main_SGLT2I main_Photosensitivity,TMUCRD_20210406,0,433,3150,0,0,0,0,0,0,0,0,0,0,0,NA,NA,NA,NA
166,GLP1RA main_SGLT2I main_Photosensitivity,Japan_HIS_20220120,0,108,2830,0,0,0,0,0,0,0,0,0,0,0,NA,NA,NA,NA
166,GLP1RA main_SGLT2I main_Photosensitivity,RED_CDM_Tufts_20221005,0,83,1360,0,0,0,0,0,0,0,0,0,0,0,NA,NA,NA,NA
166,GLP1RA main_SGLT2I main_Photosensitivity,Keck_Upgraded_OMOP_v5_NA,1,15,80,0,0,0,0,0,0,0,0,0,0,0,NA,NA,NA,NA
166,GLP1RA main_SGLT2I main_Photosensitivity,ktph_sg_NA,2,13,20,0,0,NA,0,0,0,0,0,0,1,0,NA,NA,NA,NA
166,GLP1RA main_SGLT2I main_Photosensitivity,Klinicki_centar_Crne_Gore_20230101,2,0,0,0,0,0,0,0,0,0,0,0,0,1,NA,NA,NA,NA
166,GLP1RA main_SGLT2I main_Photosensitivity,cdm_cds,2,0,0,0,0,0,0,0,0,0,0,1,0,0,NA,NA,NA,NA
166,GLP1RA main_SGLT2I main_Photosensitivity,premier_2326_20230125,4,0,0,0,0,0,0,0,1,0,1,0,0,1,NA,NA,NA,NA
166,GLP1RA main_SGLT2I main_Photosensitivity,ccpp_v54_20210101,5,0,0,0,0,0,0,0,0,0,1,1,1,1,NA,NA,NA,NA
166,GLP1RA main_SGLT2I main_Photosensitivity,HKU-THIN,5,0,-12724481,1,0,NA,0,0,0,0,1,0,1,1,NA,NA,NA,NA
166,GLP1RA main_SGLT2I main_Photosensitivity,omop_20190828,NA,NA,48480,NA,0,NA,0,0,NA,0,NA,0,NA,0,NA,NA,NA,NA
167,GLP1RA main_SU main_Photosensitivity,US_OPEN_CLAIMS_20230313,0,4114327,19398130,0,0,0,0,0,0,0,0,0,0,0,NA,NA,NA,NA
167,GLP1RA main_SU main_Photosensitivity,US_PharMetrics_Plus_20230330,0,845464,2252240,0,0,0,0,0,0,0,0,0,0,0,NA,NA,NA,NA
167,GLP1RA main_SU main_Photosensitivity,truven_ccae_2324_20230201,0,772045,1819310,0,0,0,0,0,0,0,0,0,0,0,NA,NA,NA,NA
167,GLP1RA main_SU main_Photosensitivity,optum_extended_dod_2323_20230201,0,652061,1434550,0,0,0,0,0,0,0,0,0,0,0,NA,NA,NA,NA
167,GLP1RA main_SU main_Photosensitivity,optum_extended_ses_2327_20230204,0,652050,1434530,0,0,0,0,0,0,0,0,0,0,0,NA,NA,NA,NA
167,GLP1RA main_SU main_Photosensitivity,optum_ehr_2247_20221205,0,381202,1326580,0,0,0,0,0,0,0,0,0,0,0,NA,NA,NA,NA
167,GLP1RA main_SU main_Photosensitivity,truven_mdcr_2322_20230127,0,193421,240010,0,0,0,0,0,0,0,0,0,0,0,NA,NA,NA,NA
167,GLP1RA main_SU main_Photosensitivity,pmtx_202203_20220831,0,145186,392450,0,0,0,0,0,0,0,0,0,0,0,NA,NA,NA,NA
167,GLP1RA main_SU main_Photosensitivity,VA-OMOP_20230411,0,74531,502090,0,0,0,0,0,0,0,0,0,0,0,NA,NA,NA,NA
167,GLP1RA main_SU main_Photosensitivity,truven_mdcd_2359_20230215,0,58097,269180,0,0,0,0,0,0,0,0,0,0,0,NA,NA,NA,NA
167,GLP1RA main_SU main_Photosensitivity,UK_IMRD_THIN_20221230,0,32984,61890,0,0,0,0,0,0,0,0,0,0,0,NA,NA,NA,NA
167,GLP1RA main_SU main_Photosensitivity,IQVIA_Germany_DA_20230124,0,25687,126110,0,0,0,0,0,0,0,0,0,0,0,NA,NA,NA,NA
167,GLP1RA main_SU main_Photosensitivity,France_LPD_20230118,0,17967,69870,0,0,0,0,0,0,0,0,0,0,0,NA,NA,NA,NA
167,GLP1RA main_SU main_Photosensitivity,jmdc_2325_20230126,0,15225,30460,0,0,0,0,0,0,0,0,0,0,0,NA,NA,NA,NA
167,GLP1RA main_SU main_Photosensitivity,UK_IMRD_EMIS_20230215,0,12232,28020,0,0,0,0,0,0,0,0,0,0,0,NA,NA,NA,NA
167,GLP1RA main_SU main_Photosensitivity,JHM_OMOP_20230406,0,11569,31140,0,0,0,0,0,0,0,0,0,0,0,NA,NA,NA,NA
167,GLP1RA main_SU main_Photosensitivity,Japan_Claims_20230215,0,10987,31930,0,0,0,0,0,0,0,0,0,0,0,NA,NA,NA,NA
167,GLP1RA main_SU main_Photosensitivity,LPD_Italy_20221226,0,8350,18410,0,0,0,0,0,0,0,0,0,0,0,NA,NA,NA,NA
167,GLP1RA main_SU main_Photosensitivity,CUIMC_20221214,0,6690,57670,0,0,0,0,0,0,0,0,0,0,0,NA,NA,NA,NA
167,GLP1RA main_SU main_Photosensitivity,IQVIA_France_DA_20230201,0,5799,24940,0,0,0,0,0,0,0,0,0,0,0,NA,NA,NA,NA
167,GLP1RA main_SU main_Photosensitivity,LPD_Spain_20220704,0,3795,12030,0,0,0,0,0,0,0,0,0,0,0,NA,NA,NA,NA
167,GLP1RA main_SU main_Photosensitivity,US_Hospital_20230130,0,2639,14000,0,0,0,0,0,0,0,0,0,0,0,NA,NA,NA,NA
167,GLP1RA main_SU main_Photosensitivity,IQVIA_Belgium_LPD_20221006,0,1773,5210,0,0,0,0,0,0,0,0,0,0,0,NA,NA,NA,NA
167,GLP1RA main_SU main_Photosensitivity,AUSOM_20220228,0,699,3190,0,0,0,0,0,0,0,0,0,0,0,NA,NA,NA,NA
167,GLP1RA main_SU main_Photosensitivity,Australia_EMR_20230317,0,586,4420,0,0,0,0,0,0,0,0,0,0,0,NA,NA,NA,NA
167,GLP1RA main_SU main_Photosensitivity,TMUCRD_20210406,0,433,3150,0,0,0,0,0,0,0,0,0,0,0,NA,NA,NA,NA
167,GLP1RA main_SU main_Photosensitivity,RED_CDM_Tufts_20221005,0,132,2180,0,0,0,0,0,0,0,0,0,0,0,NA,NA,NA,NA
167,GLP1RA main_SU main_Photosensitivity,Japan_HIS_20220120,0,108,2830,0,0,0,0,0,0,0,0,0,0,0,NA,NA,NA,NA
167,GLP1RA main_SU main_Photosensitivity,Keck_Upgraded_OMOP_v5_NA,1,15,80,0,0,0,0,0,0,0,0,0,0,0,NA,NA,NA,NA
167,GLP1RA main_SU main_Photosensitivity,ktph_sg_NA,2,13,20,0,0,NA,0,0,0,0,0,0,1,0,NA,NA,NA,NA
167,GLP1RA main_SU main_Photosensitivity,cdm_cds,2,0,0,0,0,0,0,0,0,0,0,1,0,0,NA,NA,NA,NA
167,GLP1RA main_SU main_Photosensitivity,Klinicki_centar_Crne_Gore_20230101,3,0,0,0,0,0,0,0,0,0,1,0,0,1,NA,NA,NA,NA
167,GLP1RA main_SU main_Photosensitivity,premier_2326_20230125,3,0,0,0,0,0,0,0,1,0,0,0,0,1,NA,NA,NA,NA
167,GLP1RA main_SU main_Photosensitivity,ccpp_v54_20210101,5,0,0,0,0,0,0,0,0,0,1,1,1,1,NA,NA,NA,NA
167,GLP1RA main_SU main_Photosensitivity,HKU-THIN,5,0,-12724481,1,0,NA,0,0,0,0,1,0,1,1,NA,NA,NA,NA
167,GLP1RA main_SU main_Photosensitivity,omop_20190828,NA,NA,48480,NA,0,NA,0,0,NA,0,NA,0,NA,0,NA,NA,NA,NA
168,SGLT2I main_SU main_Photosensitivity,US_OPEN_CLAIMS_20230313,0,2797753,13190780,0,0,0,0,0,0,0,0,0,0,0,NA,NA,NA,NA
168,SGLT2I main_SU main_Photosensitivity,US_PharMetrics_Plus_20230330,0,603199,1606870,0,0,0,0,0,0,0,0,0,0,0,NA,NA,NA,NA
168,SGLT2I main_SU main_Photosensitivity,optum_extended_ses_2327_20230204,0,433598,953930,0,0,0,0,0,0,0,0,0,0,0,NA,NA,NA,NA
168,SGLT2I main_SU main_Photosensitivity,optum_extended_dod_2323_20230201,0,433595,953920,0,0,0,0,0,0,0,0,0,0,0,NA,NA,NA,NA
168,SGLT2I main_SU main_Photosensitivity,truven_ccae_2324_20230201,0,397219,936040,0,0,0,0,0,0,0,0,0,0,0,NA,NA,NA,NA
168,SGLT2I main_SU main_Photosensitivity,optum_ehr_2247_20221205,0,262584,913790,0,0,0,0,0,0,0,0,0,0,0,NA,NA,NA,NA
168,SGLT2I main_SU main_Photosensitivity,truven_mdcr_2322_20230127,0,120964,150100,0,0,0,0,0,0,0,0,0,0,0,NA,NA,NA,NA
168,SGLT2I main_SU main_Photosensitivity,pmtx_202203_20220831,0,108591,293530,0,0,0,0,0,0,0,0,0,0,0,NA,NA,NA,NA
168,SGLT2I main_SU main_Photosensitivity,jmdc_2325_20230126,0,93462,186980,0,0,0,0,0,0,0,0,0,0,0,NA,NA,NA,NA
168,SGLT2I main_SU main_Photosensitivity,VA-OMOP_20230411,0,77503,522110,0,0,0,0,0,0,0,0,0,0,0,NA,NA,NA,NA
168,SGLT2I main_SU main_Photosensitivity,Japan_Claims_20230215,0,44250,128600,0,0,0,0,0,0,0,0,0,0,0,NA,NA,NA,NA
168,SGLT2I main_SU main_Photosensitivity,UK_IMRD_THIN_20221230,0,40675,76320,0,0,0,0,0,0,0,0,0,0,0,NA,NA,NA,NA
168,SGLT2I main_SU main_Photosensitivity,truven_mdcd_2359_20230215,0,36976,171320,0,0,0,0,0,0,0,0,0,0,0,NA,NA,NA,NA
168,SGLT2I main_SU main_Photosensitivity,IQVIA_Germany_DA_20230124,0,34376,168770,0,0,0,0,0,0,0,0,0,0,0,NA,NA,NA,NA
168,SGLT2I main_SU main_Photosensitivity,UK_IMRD_EMIS_20230215,0,12232,28020,0,0,0,0,0,0,0,0,0,0,0,NA,NA,NA,NA
168,SGLT2I main_SU main_Photosensitivity,JHM_OMOP_20230406,0,7898,21260,0,0,0,0,0,0,0,0,0,0,0,NA,NA,NA,NA
168,SGLT2I main_SU main_Photosensitivity,LPD_Italy_20221226,0,7179,15830,0,0,0,0,0,0,0,0,0,0,0,NA,NA,NA,NA
168,SGLT2I main_SU main_Photosensitivity,LPD_Spain_20220704,0,6161,19530,0,0,0,0,0,0,0,0,0,0,0,NA,NA,NA,NA
168,SGLT2I main_SU main_Photosensitivity,US_Hospital_20230130,0,5983,31740,0,0,0,0,0,0,0,0,0,0,0,NA,NA,NA,NA
168,SGLT2I main_SU main_Photosensitivity,France_LPD_20230118,0,5475,21290,0,0,0,0,0,0,0,0,0,0,0,NA,NA,NA,NA
168,SGLT2I main_SU main_Photosensitivity,CUIMC_20221214,0,4366,37640,0,0,0,0,0,0,0,0,0,0,0,NA,NA,NA,NA
168,SGLT2I main_SU main_Photosensitivity,IQVIA_Belgium_LPD_20221006,0,1773,5210,0,0,0,0,0,0,0,0,0,0,0,NA,NA,NA,NA
168,SGLT2I main_SU main_Photosensitivity,AUSOM_20220228,0,1500,6850,0,0,0,0,0,0,0,0,0,0,0,NA,NA,NA,NA
168,SGLT2I main_SU main_Photosensitivity,TMUCRD_20210406,0,1475,10740,0,0,0,0,0,0,0,0,0,0,0,NA,NA,NA,NA
168,SGLT2I main_SU main_Photosensitivity,IQVIA_France_DA_20230201,0,728,3130,0,0,0,0,0,0,0,0,0,0,0,NA,NA,NA,NA
168,SGLT2I main_SU main_Photosensitivity,Australia_EMR_20230317,0,586,4420,0,0,0,0,0,0,0,0,0,0,0,NA,NA,NA,NA
168,SGLT2I main_SU main_Photosensitivity,Japan_HIS_20220120,0,281,7370,0,0,0,0,0,0,0,0,0,0,0,NA,NA,NA,NA
168,SGLT2I main_SU main_Photosensitivity,RED_CDM_Tufts_20221005,0,83,1360,0,0,0,0,0,0,0,0,0,0,0,NA,NA,NA,NA
168,SGLT2I main_SU main_Photosensitivity,Keck_Upgraded_OMOP_v5_NA,1,69,370,0,0,0,0,0,0,0,0,0,0,0,NA,NA,NA,NA
168,SGLT2I main_SU main_Photosensitivity,ktph_sg_NA,2,93,140,0,0,NA,0,0,0,0,0,0,1,0,NA,NA,NA,NA
168,SGLT2I main_SU main_Photosensitivity,Klinicki_centar_Crne_Gore_20230101,2,0,0,0,0,0,0,0,0,0,1,0,0,0,NA,NA,NA,NA
168,SGLT2I main_SU main_Photosensitivity,cdm_cds,2,0,0,0,0,0,0,0,0,0,0,1,0,0,NA,NA,NA,NA
168,SGLT2I main_SU main_Photosensitivity,premier_2326_20230125,3,0,0,0,0,0,0,0,1,0,0,0,0,1,NA,NA,NA,NA
168,SGLT2I main_SU main_Photosensitivity,ccpp_v54_20210101,5,0,0,0,0,0,0,0,0,0,1,1,1,1,NA,NA,NA,NA
168,SGLT2I main_SU main_Photosensitivity,HKU-THIN,5,0,-12724481,1,0,NA,0,0,0,0,1,0,1,1,NA,NA,NA,NA
168,SGLT2I main_SU main_Photosensitivity,omop_20190828,NA,NA,900220,NA,0,NA,0,0,NA,0,NA,0,NA,NA,NA,NA,NA,NA
169,DPP4I main_GLP1RA main_Renal cancer,US_OPEN_CLAIMS_20230313,0,2984398,14070770,0,0,0,0,0,0,0,0,0,0,0,NA,NA,NA,NA
169,DPP4I main_GLP1RA main_Renal cancer,truven_ccae_2324_20230201,0,626883,1477240,0,0,0,0,0,0,0,0,0,0,0,NA,NA,NA,NA
169,DPP4I main_GLP1RA main_Renal cancer,optum_extended_dod_2323_20230201,0,599920,1319840,0,0,0,0,0,0,0,0,0,0,0,NA,NA,NA,NA
169,DPP4I main_GLP1RA main_Renal cancer,optum_extended_ses_2327_20230204,0,599919,1319840,0,0,0,0,0,0,0,0,0,0,0,NA,NA,NA,NA
169,DPP4I main_GLP1RA main_Renal cancer,US_PharMetrics_Plus_20230330,0,546343,1455410,0,0,0,0,0,0,0,0,0,0,0,NA,NA,NA,NA
169,DPP4I main_GLP1RA main_Renal cancer,optum_ehr_2247_20221205,0,381202,1326580,0,0,0,0,0,0,0,0,0,0,0,NA,NA,NA,NA
169,DPP4I main_GLP1RA main_Renal cancer,truven_mdcr_2322_20230127,0,193421,240010,0,0,0,0,0,0,0,0,0,0,0,NA,NA,NA,NA
169,DPP4I main_GLP1RA main_Renal cancer,pmtx_202203_20220831,0,113907,307900,0,0,0,0,0,0,0,0,0,0,0,NA,NA,NA,NA
169,DPP4I main_GLP1RA main_Renal cancer,VA-OMOP_20230411,0,74531,502090,0,0,0,0,0,0,0,0,0,0,0,NA,NA,NA,NA
169,DPP4I main_GLP1RA main_Renal cancer,truven_mdcd_2359_20230215,0,53891,249690,0,0,0,0,0,0,0,0,0,0,0,NA,NA,NA,NA
169,DPP4I main_GLP1RA main_Renal cancer,UK_IMRD_THIN_20221230,0,32984,61890,0,0,0,0,0,0,0,0,0,0,0,NA,NA,NA,NA
169,DPP4I main_GLP1RA main_Renal cancer,IQVIA_Germany_DA_20230124,0,25687,126110,0,0,0,0,0,0,0,0,0,0,0,NA,NA,NA,NA
169,DPP4I main_GLP1RA main_Renal cancer,France_LPD_20230118,0,19374,75340,0,0,0,0,0,0,0,0,0,0,0,NA,NA,NA,NA
169,DPP4I main_GLP1RA main_Renal cancer,jmdc_2325_20230126,0,15225,30460,0,0,0,0,0,0,0,0,0,0,0,NA,NA,NA,NA
169,DPP4I main_GLP1RA main_Renal cancer,UK_IMRD_EMIS_20230215,0,13027,29840,0,0,0,0,0,0,0,0,0,0,0,NA,NA,NA,NA
169,DPP4I main_GLP1RA main_Renal cancer,Japan_Claims_20230215,0,10987,31930,0,0,0,0,0,0,0,0,0,0,0,NA,NA,NA,NA
169,DPP4I main_GLP1RA main_Renal cancer,LPD_Italy_20221226,0,8350,18410,0,0,0,0,0,0,0,0,0,0,0,NA,NA,NA,NA
169,DPP4I main_GLP1RA main_Renal cancer,JHM_OMOP_20230406,0,7300,19650,0,0,0,0,0,0,0,0,0,0,0,NA,NA,NA,NA
169,DPP4I main_GLP1RA main_Renal cancer,CUIMC_20221214,0,6690,57670,0,0,0,0,0,0,0,0,0,0,0,NA,NA,NA,NA
169,DPP4I main_GLP1RA main_Renal cancer,IQVIA_France_DA_20230201,0,5799,24940,0,0,0,0,0,0,0,0,0,0,0,NA,NA,NA,NA
169,DPP4I main_GLP1RA main_Renal cancer,LPD_Spain_20220704,0,3795,12030,0,0,0,0,0,0,0,0,0,0,0,NA,NA,NA,NA
169,DPP4I main_GLP1RA main_Renal cancer,IQVIA_Belgium_LPD_20221006,0,2933,8620,0,0,0,0,0,0,0,0,0,0,0,NA,NA,NA,NA
169,DPP4I main_GLP1RA main_Renal cancer,US_Hospital_20230130,0,2639,14000,0,0,0,0,0,0,0,0,0,0,0,NA,NA,NA,NA
169,DPP4I main_GLP1RA main_Renal cancer,Australia_EMR_20230317,0,835,6300,0,0,0,0,0,0,0,0,0,0,0,NA,NA,NA,NA
169,DPP4I main_GLP1RA main_Renal cancer,AUSOM_20220228,0,699,3190,0,0,0,0,0,0,0,0,0,0,0,NA,NA,NA,NA
169,DPP4I main_GLP1RA main_Renal cancer,TMUCRD_20210406,0,433,3150,0,0,0,0,0,0,0,0,0,0,0,NA,NA,NA,NA
169,DPP4I main_GLP1RA main_Renal cancer,RED_CDM_Tufts_20221005,0,113,1860,0,0,0,0,0,0,0,0,0,0,0,NA,NA,NA,NA
169,DPP4I main_GLP1RA main_Renal cancer,Japan_HIS_20220120,0,108,2830,0,0,0,0,0,0,0,0,0,0,0,NA,NA,NA,NA
169,DPP4I main_GLP1RA main_Renal cancer,Keck_Upgraded_OMOP_v5_NA,1,15,80,0,0,0,0,0,0,0,0,0,0,0,NA,NA,NA,NA
169,DPP4I main_GLP1RA main_Renal cancer,ktph_sg_NA,1,13,20,0,0,NA,0,0,0,0,0,0,0,0,NA,NA,NA,NA
169,DPP4I main_GLP1RA main_Renal cancer,Klinicki_centar_Crne_Gore_20230101,2,0,0,0,0,0,0,0,0,0,1,0,0,0,NA,NA,NA,NA
169,DPP4I main_GLP1RA main_Renal cancer,cdm_cds,2,0,0,0,0,0,0,0,0,0,0,1,0,0,NA,NA,NA,NA
169,DPP4I main_GLP1RA main_Renal cancer,premier_2326_20230125,3,0,0,0,0,0,0,0,1,0,1,0,0,0,NA,NA,NA,NA
169,DPP4I main_GLP1RA main_Renal cancer,ccpp_v54_20210101,5,0,0,0,0,0,0,0,0,0,1,1,1,1,NA,NA,NA,NA
169,DPP4I main_GLP1RA main_Renal cancer,HKU-THIN,5,0,-12724481,1,0,NA,0,0,0,0,1,0,1,1,NA,NA,NA,NA
169,DPP4I main_GLP1RA main_Renal cancer,omop_20190828,NA,NA,48480,NA,0,NA,0,0,NA,0,0,0,NA,NA,NA,NA,NA,NA
170,DPP4I main_SGLT2I main_Renal cancer,US_OPEN_CLAIMS_20230313,0,2797753,13190780,0,0,0,0,0,0,0,0,0,0,0,NA,NA,NA,NA
170,DPP4I main_SGLT2I main_Renal cancer,US_PharMetrics_Plus_20230330,0,546343,1455410,0,0,0,0,0,0,0,0,0,0,0,NA,NA,NA,NA
170,DPP4I main_SGLT2I main_Renal cancer,optum_extended_ses_2327_20230204,0,433598,953930,0,0,0,0,0,0,0,0,0,0,0,NA,NA,NA,NA
170,DPP4I main_SGLT2I main_Renal cancer,optum_extended_dod_2323_20230201,0,433595,953920,0,0,0,0,0,0,0,0,0,0,0,NA,NA,NA,NA
170,DPP4I main_SGLT2I main_Renal cancer,truven_ccae_2324_20230201,0,397219,936040,0,0,0,0,0,0,0,0,0,0,0,NA,NA,NA,NA
170,DPP4I main_SGLT2I main_Renal cancer,optum_ehr_2247_20221205,0,262584,913790,0,0,0,0,0,0,0,0,0,0,0,NA,NA,NA,NA
170,DPP4I main_SGLT2I main_Renal cancer,truven_mdcr_2322_20230127,0,120964,150100,0,0,0,0,0,0,0,0,0,0,0,NA,NA,NA,NA
170,DPP4I main_SGLT2I main_Renal cancer,pmtx_202203_20220831,0,108591,293530,0,0,0,0,0,0,0,0,0,0,0,NA,NA,NA,NA
170,DPP4I main_SGLT2I main_Renal cancer,jmdc_2325_20230126,0,97761,195580,0,0,0,0,0,0,0,0,0,0,0,NA,NA,NA,NA
170,DPP4I main_SGLT2I main_Renal cancer,VA-OMOP_20230411,0,77503,522110,0,0,0,0,0,0,0,0,0,0,0,NA,NA,NA,NA
170,DPP4I main_SGLT2I main_Renal cancer,Japan_Claims_20230215,0,44250,128600,0,0,0,0,0,0,0,0,0,0,0,NA,NA,NA,NA
170,DPP4I main_SGLT2I main_Renal cancer,UK_IMRD_THIN_20221230,0,40675,76320,0,0,0,0,0,0,0,0,0,0,0,NA,NA,NA,NA
170,DPP4I main_SGLT2I main_Renal cancer,truven_mdcd_2359_20230215,0,36976,171320,0,0,0,0,0,0,0,0,0,0,0,NA,NA,NA,NA
170,DPP4I main_SGLT2I main_Renal cancer,IQVIA_Germany_DA_20230124,0,36211,177780,0,0,0,0,0,0,0,0,0,0,0,NA,NA,NA,NA
170,DPP4I main_SGLT2I main_Renal cancer,UK_IMRD_EMIS_20230215,0,16790,38460,0,0,0,0,0,0,0,0,0,0,0,NA,NA,NA,NA
170,DPP4I main_SGLT2I main_Renal cancer,LPD_Spain_20220704,0,10616,33650,0,0,0,0,0,0,0,0,0,0,0,NA,NA,NA,NA
170,DPP4I main_SGLT2I main_Renal cancer,JHM_OMOP_20230406,0,7300,19650,0,0,0,0,0,0,0,0,0,0,0,NA,NA,NA,NA
170,DPP4I main_SGLT2I main_Renal cancer,LPD_Italy_20221226,0,7179,15830,0,0,0,0,0,0,0,0,0,0,0,NA,NA,NA,NA
170,DPP4I main_SGLT2I main_Renal cancer,US_Hospital_20230130,0,5983,31740,0,0,0,0,0,0,0,0,0,0,0,NA,NA,NA,NA
170,DPP4I main_SGLT2I main_Renal cancer,France_LPD_20230118,0,5475,21290,0,0,0,0,0,0,0,0,0,0,0,NA,NA,NA,NA
170,DPP4I main_SGLT2I main_Renal cancer,CUIMC_20221214,0,4366,37640,0,0,0,0,0,0,0,0,0,0,0,NA,NA,NA,NA
170,DPP4I main_SGLT2I main_Renal cancer,Australia_EMR_20230317,0,2683,20240,0,0,0,0,0,0,0,0,0,0,0,NA,NA,NA,NA
170,DPP4I main_SGLT2I main_Renal cancer,IQVIA_Belgium_LPD_20221006,0,2208,6490,0,0,0,0,0,0,0,0,0,0,0,NA,NA,NA,NA
170,DPP4I main_SGLT2I main_Renal cancer,AUSOM_20220228,0,1500,6850,0,0,0,0,0,0,0,0,0,0,0,NA,NA,NA,NA
170,DPP4I main_SGLT2I main_Renal cancer,TMUCRD_20210406,0,1475,10740,0,0,0,0,0,0,0,0,0,0,0,NA,NA,NA,NA
170,DPP4I main_SGLT2I main_Renal cancer,IQVIA_France_DA_20230201,0,728,3130,0,0,0,0,0,0,0,0,0,0,0,NA,NA,NA,NA
170,DPP4I main_SGLT2I main_Renal cancer,Japan_HIS_20220120,0,281,7370,0,0,0,0,0,0,0,0,0,0,0,NA,NA,NA,NA
170,DPP4I main_SGLT2I main_Renal cancer,RED_CDM_Tufts_20221005,0,83,1360,0,0,0,0,0,0,0,0,0,0,0,NA,NA,NA,NA
170,DPP4I main_SGLT2I main_Renal cancer,ktph_sg_NA,1,93,140,0,0,NA,0,0,0,0,0,0,0,0,NA,NA,NA,NA
170,DPP4I main_SGLT2I main_Renal cancer,Keck_Upgraded_OMOP_v5_NA,1,69,370,0,0,0,0,0,0,0,0,0,0,0,NA,NA,NA,NA
170,DPP4I main_SGLT2I main_Renal cancer,Klinicki_centar_Crne_Gore_20230101,1,10,50,0,0,0,0,0,0,0,0,0,0,0,NA,NA,NA,NA
170,DPP4I main_SGLT2I main_Renal cancer,cdm_cds,2,0,0,0,0,0,0,0,0,0,0,1,0,0,NA,NA,NA,NA
170,DPP4I main_SGLT2I main_Renal cancer,premier_2326_20230125,3,0,0,0,0,0,0,0,1,0,1,0,0,0,NA,NA,NA,NA
170,DPP4I main_SGLT2I main_Renal cancer,ccpp_v54_20210101,5,0,0,0,0,0,0,0,0,0,1,1,1,1,NA,NA,NA,NA
170,DPP4I main_SGLT2I main_Renal cancer,HKU-THIN,5,0,-12724481,1,0,NA,0,0,0,0,1,0,1,1,NA,NA,NA,NA
170,DPP4I main_SGLT2I main_Renal cancer,omop_20190828,NA,NA,900220,NA,0,NA,0,0,NA,0,NA,0,NA,NA,NA,NA,NA,NA
171,DPP4I main_SU main_Renal cancer,US_OPEN_CLAIMS_20230313,0,2984398,14070770,0,0,0,0,0,0,0,0,0,0,0,NA,NA,NA,NA
171,DPP4I main_SU main_Renal cancer,truven_ccae_2324_20230201,0,626883,1477240,0,0,0,0,0,0,0,0,0,0,0,NA,NA,NA,NA
171,DPP4I main_SU main_Renal cancer,optum_extended_dod_2323_20230201,0,599920,1319840,0,0,0,0,0,0,0,0,0,0,0,NA,NA,NA,NA
171,DPP4I main_SU main_Renal cancer,optum_extended_ses_2327_20230204,0,599919,1319840,0,0,0,0,0,0,0,0,0,0,0,NA,NA,NA,NA
171,DPP4I main_SU main_Renal cancer,US_PharMetrics_Plus_20230330,0,546343,1455410,0,0,0,0,0,0,0,0,0,0,0,NA,NA,NA,NA
171,DPP4I main_SU main_Renal cancer,optum_ehr_2247_20221205,0,449949,1565820,0,0,0,0,0,0,0,0,0,0,0,NA,NA,NA,NA
171,DPP4I main_SU main_Renal cancer,truven_mdcr_2322_20230127,0,388236,481750,0,0,0,0,0,0,0,0,0,0,0,NA,NA,NA,NA
171,DPP4I main_SU main_Renal cancer,pmtx_202203_20220831,0,113907,307900,0,0,0,0,0,0,0,0,0,0,0,NA,NA,NA,NA
171,DPP4I main_SU main_Renal cancer,jmdc_2325_20230126,0,93462,186980,0,0,0,0,0,0,0,0,0,0,0,NA,NA,NA,NA
171,DPP4I main_SU main_Renal cancer,VA-OMOP_20230411,0,78282,527360,0,0,0,0,0,0,0,0,0,0,0,NA,NA,NA,NA
171,DPP4I main_SU main_Renal cancer,Japan_Claims_20230215,0,63264,183860,0,0,0,0,0,0,0,0,0,0,0,NA,NA,NA,NA
171,DPP4I main_SU main_Renal cancer,US_Hospital_20230130,0,62779,333060,0,0,0,0,0,0,0,0,0,0,0,NA,NA,NA,NA
171,DPP4I main_SU main_Renal cancer,truven_mdcd_2359_20230215,0,53891,249690,0,0,0,0,0,0,0,0,0,0,0,NA,NA,NA,NA
171,DPP4I main_SU main_Renal cancer,UK_IMRD_THIN_20221230,0,46223,86730,0,0,0,0,0,0,0,0,0,0,0,NA,NA,NA,NA
171,DPP4I main_SU main_Renal cancer,IQVIA_Germany_DA_20230124,0,34376,168770,0,0,0,0,0,0,0,0,0,0,0,NA,NA,NA,NA
171,DPP4I main_SU main_Renal cancer,France_LPD_20230118,0,17967,69870,0,0,0,0,0,0,0,0,0,0,0,NA,NA,NA,NA
171,DPP4I main_SU main_Renal cancer,LPD_Italy_20221226,0,15674,34560,0,0,0,0,0,0,0,0,0,0,0,NA,NA,NA,NA
171,DPP4I main_SU main_Renal cancer,UK_IMRD_EMIS_20230215,0,12232,28020,0,0,0,0,0,0,0,0,0,0,0,NA,NA,NA,NA
171,DPP4I main_SU main_Renal cancer,IQVIA_France_DA_20230201,0,8245,35460,0,0,0,0,0,0,0,0,0,0,0,NA,NA,NA,NA
171,DPP4I main_SU main_Renal cancer,AUSOM_20220228,0,7616,34770,0,0,0,0,0,0,0,0,0,0,0,NA,NA,NA,NA
171,DPP4I main_SU main_Renal cancer,JHM_OMOP_20230406,0,7300,19650,0,0,0,0,0,0,0,0,0,0,0,NA,NA,NA,NA
171,DPP4I main_SU main_Renal cancer,TMUCRD_20210406,0,7245,52740,0,0,0,0,0,0,0,0,0,0,0,NA,NA,NA,NA
171,DPP4I main_SU main_Renal cancer,CUIMC_20221214,0,7067,60920,0,0,0,0,0,0,0,0,0,0,0,NA,NA,NA,NA
171,DPP4I main_SU main_Renal cancer,LPD_Spain_20220704,0,6161,19530,0,0,0,0,0,0,0,0,0,0,0,NA,NA,NA,NA
171,DPP4I main_SU main_Renal cancer,IQVIA_Belgium_LPD_20221006,0,1773,5210,0,0,0,0,0,0,0,0,0,0,0,NA,NA,NA,NA
171,DPP4I main_SU main_Renal cancer,Keck_Upgraded_OMOP_v5_NA,0,1700,9120,0,0,0,0,0,0,0,0,0,0,0,NA,NA,NA,NA
171,DPP4I main_SU main_Renal cancer,Australia_EMR_20230317,0,586,4420,0,0,0,0,0,0,0,0,0,0,0,NA,NA,NA,NA
171,DPP4I main_SU main_Renal cancer,Japan_HIS_20220120,0,449,11790,0,0,0,0,0,0,0,0,0,0,0,NA,NA,NA,NA
171,DPP4I main_SU main_Renal cancer,RED_CDM_Tufts_20221005,0,113,1860,0,0,0,0,0,0,0,0,0,0,0,NA,NA,NA,NA
171,DPP4I main_SU main_Renal cancer,premier_2326_20230125,1,6525,914680,0,0,0,0,0,1,0,0,0,0,0,NA,NA,NA,NA
171,DPP4I main_SU main_Renal cancer,ktph_sg_NA,1,578,870,0,0,NA,0,0,0,0,0,0,0,0,NA,NA,NA,NA
171,DPP4I main_SU main_Renal cancer,Klinicki_centar_Crne_Gore_20230101,2,0,0,0,0,0,0,0,0,0,1,0,0,0,NA,NA,NA,NA
171,DPP4I main_SU main_Renal cancer,cdm_cds,2,0,0,0,0,0,0,0,0,0,0,1,0,0,NA,NA,NA,NA
171,DPP4I main_SU main_Renal cancer,ccpp_v54_20210101,5,0,0,0,0,0,0,0,0,0,1,1,1,1,NA,NA,NA,NA
171,DPP4I main_SU main_Renal cancer,HKU-THIN,5,0,-12724481,1,0,NA,0,0,0,0,1,0,1,1,NA,NA,NA,NA
171,DPP4I main_SU main_Renal cancer,omop_20190828,NA,NA,900220,NA,0,NA,0,0,NA,0,NA,0,NA,NA,NA,NA,NA,NA
172,GLP1RA main_SGLT2I main_Renal cancer,US_OPEN_CLAIMS_20230313,0,2797753,13190780,0,0,0,0,0,0,0,0,0,0,0,NA,NA,NA,NA
172,GLP1RA main_SGLT2I main_Renal cancer,US_PharMetrics_Plus_20230330,0,603199,1606870,0,0,0,0,0,0,0,0,0,0,0,NA,NA,NA,NA
172,GLP1RA main_SGLT2I main_Renal cancer,optum_extended_ses_2327_20230204,0,433598,953930,0,0,0,0,0,0,0,0,0,0,0,NA,NA,NA,NA
172,GLP1RA main_SGLT2I main_Renal cancer,optum_extended_dod_2323_20230201,0,433595,953920,0,0,0,0,0,0,0,0,0,0,0,NA,NA,NA,NA
172,GLP1RA main_SGLT2I main_Renal cancer,truven_ccae_2324_20230201,0,397219,936040,0,0,0,0,0,0,0,0,0,0,0,NA,NA,NA,NA
172,GLP1RA main_SGLT2I main_Renal cancer,optum_ehr_2247_20221205,0,262584,913790,0,0,0,0,0,0,0,0,0,0,0,NA,NA,NA,NA
172,GLP1RA main_SGLT2I main_Renal cancer,truven_mdcr_2322_20230127,0,120964,150100,0,0,0,0,0,0,0,0,0,0,0,NA,NA,NA,NA
172,GLP1RA main_SGLT2I main_Renal cancer,pmtx_202203_20220831,0,108591,293530,0,0,0,0,0,0,0,0,0,0,0,NA,NA,NA,NA
172,GLP1RA main_SGLT2I main_Renal cancer,VA-OMOP_20230411,0,74531,502090,0,0,0,0,0,0,0,0,0,0,0,NA,NA,NA,NA
172,GLP1RA main_SGLT2I main_Renal cancer,truven_mdcd_2359_20230215,0,36976,171320,0,0,0,0,0,0,0,0,0,0,0,NA,NA,NA,NA
172,GLP1RA main_SGLT2I main_Renal cancer,UK_IMRD_THIN_20221230,0,32984,61890,0,0,0,0,0,0,0,0,0,0,0,NA,NA,NA,NA
172,GLP1RA main_SGLT2I main_Renal cancer,IQVIA_Germany_DA_20230124,0,25687,126110,0,0,0,0,0,0,0,0,0,0,0,NA,NA,NA,NA
172,GLP1RA main_SGLT2I main_Renal cancer,jmdc_2325_20230126,0,15225,30460,0,0,0,0,0,0,0,0,0,0,0,NA,NA,NA,NA
172,GLP1RA main_SGLT2I main_Renal cancer,UK_IMRD_EMIS_20230215,0,13027,29840,0,0,0,0,0,0,0,0,0,0,0,NA,NA,NA,NA
172,GLP1RA main_SGLT2I main_Renal cancer,Japan_Claims_20230215,0,10987,31930,0,0,0,0,0,0,0,0,0,0,0,NA,NA,NA,NA
172,GLP1RA main_SGLT2I main_Renal cancer,JHM_OMOP_20230406,0,7898,21260,0,0,0,0,0,0,0,0,0,0,0,NA,NA,NA,NA
172,GLP1RA main_SGLT2I main_Renal cancer,LPD_Italy_20221226,0,7179,15830,0,0,0,0,0,0,0,0,0,0,0,NA,NA,NA,NA
172,GLP1RA main_SGLT2I main_Renal cancer,France_LPD_20230118,0,5475,21290,0,0,0,0,0,0,0,0,0,0,0,NA,NA,NA,NA
172,GLP1RA main_SGLT2I main_Renal cancer,CUIMC_20221214,0,4366,37640,0,0,0,0,0,0,0,0,0,0,0,NA,NA,NA,NA
172,GLP1RA main_SGLT2I main_Renal cancer,LPD_Spain_20220704,0,3795,12030,0,0,0,0,0,0,0,0,0,0,0,NA,NA,NA,NA
172,GLP1RA main_SGLT2I main_Renal cancer,US_Hospital_20230130,0,2639,14000,0,0,0,0,0,0,0,0,0,0,0,NA,NA,NA,NA
172,GLP1RA main_SGLT2I main_Renal cancer,IQVIA_Belgium_LPD_20221006,0,2208,6490,0,0,0,0,0,0,0,0,0,0,0,NA,NA,NA,NA
172,GLP1RA main_SGLT2I main_Renal cancer,Australia_EMR_20230317,0,835,6300,0,0,0,0,0,0,0,0,0,0,0,NA,NA,NA,NA
172,GLP1RA main_SGLT2I main_Renal cancer,IQVIA_France_DA_20230201,0,728,3130,0,0,0,0,0,0,0,0,0,0,0,NA,NA,NA,NA
172,GLP1RA main_SGLT2I main_Renal cancer,AUSOM_20220228,0,699,3190,0,0,0,0,0,0,0,0,0,0,0,NA,NA,NA,NA
172,GLP1RA main_SGLT2I main_Renal cancer,TMUCRD_20210406,0,433,3150,0,0,0,0,0,0,0,0,0,0,0,NA,NA,NA,NA
172,GLP1RA main_SGLT2I main_Renal cancer,Japan_HIS_20220120,0,108,2830,0,0,0,0,0,0,0,0,0,0,0,NA,NA,NA,NA
172,GLP1RA main_SGLT2I main_Renal cancer,RED_CDM_Tufts_20221005,0,83,1360,0,0,0,0,0,0,0,0,0,0,0,NA,NA,NA,NA
172,GLP1RA main_SGLT2I main_Renal cancer,Keck_Upgraded_OMOP_v5_NA,1,15,80,0,0,0,0,0,0,0,0,0,0,0,NA,NA,NA,NA
172,GLP1RA main_SGLT2I main_Renal cancer,ktph_sg_NA,1,13,20,0,0,NA,0,0,0,0,0,0,0,0,NA,NA,NA,NA
172,GLP1RA main_SGLT2I main_Renal cancer,Klinicki_centar_Crne_Gore_20230101,2,0,0,0,0,0,0,0,0,0,0,0,0,1,NA,NA,NA,NA
172,GLP1RA main_SGLT2I main_Renal cancer,cdm_cds,2,0,0,0,0,0,0,0,0,0,0,1,0,0,NA,NA,NA,NA
172,GLP1RA main_SGLT2I main_Renal cancer,premier_2326_20230125,4,0,0,0,0,0,0,0,1,0,1,0,0,1,NA,NA,NA,NA
172,GLP1RA main_SGLT2I main_Renal cancer,ccpp_v54_20210101,5,0,0,0,0,0,0,0,0,0,1,1,1,1,NA,NA,NA,NA
172,GLP1RA main_SGLT2I main_Renal cancer,HKU-THIN,5,0,-12724481,1,0,NA,0,0,0,0,1,0,1,1,NA,NA,NA,NA
172,GLP1RA main_SGLT2I main_Renal cancer,omop_20190828,NA,NA,48480,NA,0,NA,0,0,NA,0,NA,0,NA,0,NA,NA,NA,NA
173,GLP1RA main_SU main_Renal cancer,US_OPEN_CLAIMS_20230313,0,4114327,19398130,0,0,0,0,0,0,0,0,0,0,0,NA,NA,NA,NA
173,GLP1RA main_SU main_Renal cancer,US_PharMetrics_Plus_20230330,0,845464,2252240,0,0,0,0,0,0,0,0,0,0,0,NA,NA,NA,NA
173,GLP1RA main_SU main_Renal cancer,truven_ccae_2324_20230201,0,772045,1819310,0,0,0,0,0,0,0,0,0,0,0,NA,NA,NA,NA
173,GLP1RA main_SU main_Renal cancer,optum_extended_dod_2323_20230201,0,652061,1434550,0,0,0,0,0,0,0,0,0,0,0,NA,NA,NA,NA
173,GLP1RA main_SU main_Renal cancer,optum_extended_ses_2327_20230204,0,652050,1434530,0,0,0,0,0,0,0,0,0,0,0,NA,NA,NA,NA
173,GLP1RA main_SU main_Renal cancer,optum_ehr_2247_20221205,0,381202,1326580,0,0,0,0,0,0,0,0,0,0,0,NA,NA,NA,NA
173,GLP1RA main_SU main_Renal cancer,truven_mdcr_2322_20230127,0,193421,240010,0,0,0,0,0,0,0,0,0,0,0,NA,NA,NA,NA
173,GLP1RA main_SU main_Renal cancer,pmtx_202203_20220831,0,145186,392450,0,0,0,0,0,0,0,0,0,0,0,NA,NA,NA,NA
173,GLP1RA main_SU main_Renal cancer,VA-OMOP_20230411,0,74531,502090,0,0,0,0,0,0,0,0,0,0,0,NA,NA,NA,NA
173,GLP1RA main_SU main_Renal cancer,truven_mdcd_2359_20230215,0,58097,269180,0,0,0,0,0,0,0,0,0,0,0,NA,NA,NA,NA
173,GLP1RA main_SU main_Renal cancer,UK_IMRD_THIN_20221230,0,32984,61890,0,0,0,0,0,0,0,0,0,0,0,NA,NA,NA,NA
173,GLP1RA main_SU main_Renal cancer,IQVIA_Germany_DA_20230124,0,25687,126110,0,0,0,0,0,0,0,0,0,0,0,NA,NA,NA,NA
173,GLP1RA main_SU main_Renal cancer,France_LPD_20230118,0,17967,69870,0,0,0,0,0,0,0,0,0,0,0,NA,NA,NA,NA
173,GLP1RA main_SU main_Renal cancer,jmdc_2325_20230126,0,15225,30460,0,0,0,0,0,0,0,0,0,0,0,NA,NA,NA,NA
173,GLP1RA main_SU main_Renal cancer,UK_IMRD_EMIS_20230215,0,12232,28020,0,0,0,0,0,0,0,0,0,0,0,NA,NA,NA,NA
173,GLP1RA main_SU main_Renal cancer,JHM_OMOP_20230406,0,11569,31140,0,0,0,0,0,0,0,0,0,0,0,NA,NA,NA,NA
173,GLP1RA main_SU main_Renal cancer,Japan_Claims_20230215,0,10987,31930,0,0,0,0,0,0,0,0,0,0,0,NA,NA,NA,NA
173,GLP1RA main_SU main_Renal cancer,LPD_Italy_20221226,0,8350,18410,0,0,0,0,0,0,0,0,0,0,0,NA,NA,NA,NA
173,GLP1RA main_SU main_Renal cancer,CUIMC_20221214,0,6690,57670,0,0,0,0,0,0,0,0,0,0,0,NA,NA,NA,NA
173,GLP1RA main_SU main_Renal cancer,IQVIA_France_DA_20230201,0,5799,24940,0,0,0,0,0,0,0,0,0,0,0,NA,NA,NA,NA
173,GLP1RA main_SU main_Renal cancer,LPD_Spain_20220704,0,3795,12030,0,0,0,0,0,0,0,0,0,0,0,NA,NA,NA,NA
173,GLP1RA main_SU main_Renal cancer,US_Hospital_20230130,0,2639,14000,0,0,0,0,0,0,0,0,0,0,0,NA,NA,NA,NA
173,GLP1RA main_SU main_Renal cancer,IQVIA_Belgium_LPD_20221006,0,1773,5210,0,0,0,0,0,0,0,0,0,0,0,NA,NA,NA,NA
173,GLP1RA main_SU main_Renal cancer,AUSOM_20220228,0,699,3190,0,0,0,0,0,0,0,0,0,0,0,NA,NA,NA,NA
173,GLP1RA main_SU main_Renal cancer,Australia_EMR_20230317,0,586,4420,0,0,0,0,0,0,0,0,0,0,0,NA,NA,NA,NA
173,GLP1RA main_SU main_Renal cancer,TMUCRD_20210406,0,433,3150,0,0,0,0,0,0,0,0,0,0,0,NA,NA,NA,NA
173,GLP1RA main_SU main_Renal cancer,RED_CDM_Tufts_20221005,0,132,2180,0,0,0,0,0,0,0,0,0,0,0,NA,NA,NA,NA
173,GLP1RA main_SU main_Renal cancer,Japan_HIS_20220120,0,108,2830,0,0,0,0,0,0,0,0,0,0,0,NA,NA,NA,NA
173,GLP1RA main_SU main_Renal cancer,Keck_Upgraded_OMOP_v5_NA,1,15,80,0,0,0,0,0,0,0,0,0,0,0,NA,NA,NA,NA
173,GLP1RA main_SU main_Renal cancer,ktph_sg_NA,1,13,20,0,0,NA,0,0,0,0,0,0,0,0,NA,NA,NA,NA
173,GLP1RA main_SU main_Renal cancer,cdm_cds,2,0,0,0,0,0,0,0,0,0,0,1,0,0,NA,NA,NA,NA
173,GLP1RA main_SU main_Renal cancer,Klinicki_centar_Crne_Gore_20230101,3,0,0,0,0,0,0,0,0,0,1,0,0,1,NA,NA,NA,NA
173,GLP1RA main_SU main_Renal cancer,premier_2326_20230125,3,0,0,0,0,0,0,0,1,0,0,0,0,1,NA,NA,NA,NA
173,GLP1RA main_SU main_Renal cancer,ccpp_v54_20210101,5,0,0,0,0,0,0,0,0,0,1,1,1,1,NA,NA,NA,NA
173,GLP1RA main_SU main_Renal cancer,HKU-THIN,5,0,-12724481,1,0,NA,0,0,0,0,1,0,1,1,NA,NA,NA,NA
173,GLP1RA main_SU main_Renal cancer,omop_20190828,NA,NA,48480,NA,0,NA,0,0,NA,0,NA,0,NA,0,NA,NA,NA,NA
174,SGLT2I main_SU main_Renal cancer,US_OPEN_CLAIMS_20230313,0,2797753,13190780,0,0,0,0,0,0,0,0,0,0,0,NA,NA,NA,NA
174,SGLT2I main_SU main_Renal cancer,US_PharMetrics_Plus_20230330,0,603199,1606870,0,0,0,0,0,0,0,0,0,0,0,NA,NA,NA,NA
174,SGLT2I main_SU main_Renal cancer,optum_extended_ses_2327_20230204,0,433598,953930,0,0,0,0,0,0,0,0,0,0,0,NA,NA,NA,NA
174,SGLT2I main_SU main_Renal cancer,optum_extended_dod_2323_20230201,0,433595,953920,0,0,0,0,0,0,0,0,0,0,0,NA,NA,NA,NA
174,SGLT2I main_SU main_Renal cancer,truven_ccae_2324_20230201,0,397219,936040,0,0,0,0,0,0,0,0,0,0,0,NA,NA,NA,NA
174,SGLT2I main_SU main_Renal cancer,optum_ehr_2247_20221205,0,262584,913790,0,0,0,0,0,0,0,0,0,0,0,NA,NA,NA,NA
174,SGLT2I main_SU main_Renal cancer,truven_mdcr_2322_20230127,0,120964,150100,0,0,0,0,0,0,0,0,0,0,0,NA,NA,NA,NA
174,SGLT2I main_SU main_Renal cancer,pmtx_202203_20220831,0,108591,293530,0,0,0,0,0,0,0,0,0,0,0,NA,NA,NA,NA
174,SGLT2I main_SU main_Renal cancer,jmdc_2325_20230126,0,93462,186980,0,0,0,0,0,0,0,0,0,0,0,NA,NA,NA,NA
174,SGLT2I main_SU main_Renal cancer,VA-OMOP_20230411,0,77503,522110,0,0,0,0,0,0,0,0,0,0,0,NA,NA,NA,NA
174,SGLT2I main_SU main_Renal cancer,Japan_Claims_20230215,0,44250,128600,0,0,0,0,0,0,0,0,0,0,0,NA,NA,NA,NA
174,SGLT2I main_SU main_Renal cancer,UK_IMRD_THIN_20221230,0,40675,76320,0,0,0,0,0,0,0,0,0,0,0,NA,NA,NA,NA
174,SGLT2I main_SU main_Renal cancer,truven_mdcd_2359_20230215,0,36976,171320,0,0,0,0,0,0,0,0,0,0,0,NA,NA,NA,NA
174,SGLT2I main_SU main_Renal cancer,IQVIA_Germany_DA_20230124,0,34376,168770,0,0,0,0,0,0,0,0,0,0,0,NA,NA,NA,NA
174,SGLT2I main_SU main_Renal cancer,UK_IMRD_EMIS_20230215,0,12232,28020,0,0,0,0,0,0,0,0,0,0,0,NA,NA,NA,NA
174,SGLT2I main_SU main_Renal cancer,JHM_OMOP_20230406,0,7898,21260,0,0,0,0,0,0,0,0,0,0,0,NA,NA,NA,NA
174,SGLT2I main_SU main_Renal cancer,LPD_Italy_20221226,0,7179,15830,0,0,0,0,0,0,0,0,0,0,0,NA,NA,NA,NA
174,SGLT2I main_SU main_Renal cancer,LPD_Spain_20220704,0,6161,19530,0,0,0,0,0,0,0,0,0,0,0,NA,NA,NA,NA
174,SGLT2I main_SU main_Renal cancer,US_Hospital_20230130,0,5983,31740,0,0,0,0,0,0,0,0,0,0,0,NA,NA,NA,NA
174,SGLT2I main_SU main_Renal cancer,France_LPD_20230118,0,5475,21290,0,0,0,0,0,0,0,0,0,0,0,NA,NA,NA,NA
174,SGLT2I main_SU main_Renal cancer,CUIMC_20221214,0,4366,37640,0,0,0,0,0,0,0,0,0,0,0,NA,NA,NA,NA
174,SGLT2I main_SU main_Renal cancer,IQVIA_Belgium_LPD_20221006,0,1773,5210,0,0,0,0,0,0,0,0,0,0,0,NA,NA,NA,NA
174,SGLT2I main_SU main_Renal cancer,AUSOM_20220228,0,1500,6850,0,0,0,0,0,0,0,0,0,0,0,NA,NA,NA,NA
174,SGLT2I main_SU main_Renal cancer,TMUCRD_20210406,0,1475,10740,0,0,0,0,0,0,0,0,0,0,0,NA,NA,NA,NA
174,SGLT2I main_SU main_Renal cancer,IQVIA_France_DA_20230201,0,728,3130,0,0,0,0,0,0,0,0,0,0,0,NA,NA,NA,NA
174,SGLT2I main_SU main_Renal cancer,Australia_EMR_20230317,0,586,4420,0,0,0,0,0,0,0,0,0,0,0,NA,NA,NA,NA
174,SGLT2I main_SU main_Renal cancer,Japan_HIS_20220120,0,281,7370,0,0,0,0,0,0,0,0,0,0,0,NA,NA,NA,NA
174,SGLT2I main_SU main_Renal cancer,RED_CDM_Tufts_20221005,0,83,1360,0,0,0,0,0,0,0,0,0,0,0,NA,NA,NA,NA
174,SGLT2I main_SU main_Renal cancer,ktph_sg_NA,1,93,140,0,0,NA,0,0,0,0,0,0,0,0,NA,NA,NA,NA
174,SGLT2I main_SU main_Renal cancer,Keck_Upgraded_OMOP_v5_NA,1,69,370,0,0,0,0,0,0,0,0,0,0,0,NA,NA,NA,NA
174,SGLT2I main_SU main_Renal cancer,Klinicki_centar_Crne_Gore_20230101,2,0,0,0,0,0,0,0,0,0,1,0,0,0,NA,NA,NA,NA
174,SGLT2I main_SU main_Renal cancer,cdm_cds,2,0,0,0,0,0,0,0,0,0,0,1,0,0,NA,NA,NA,NA
174,SGLT2I main_SU main_Renal cancer,premier_2326_20230125,3,0,0,0,0,0,0,0,1,0,0,0,0,1,NA,NA,NA,NA
174,SGLT2I main_SU main_Renal cancer,ccpp_v54_20210101,5,0,0,0,0,0,0,0,0,0,1,1,1,1,NA,NA,NA,NA
174,SGLT2I main_SU main_Renal cancer,HKU-THIN,5,0,-12724481,1,0,NA,0,0,0,0,1,0,1,1,NA,NA,NA,NA
174,SGLT2I main_SU main_Renal cancer,omop_20190828,NA,NA,900220,NA,0,NA,0,0,NA,0,NA,0,NA,NA,NA,NA,NA,NA
175,DPP4I main_GLP1RA main_Thyroid tumor,US_OPEN_CLAIMS_20230313,0,2984398,14070770,0,0,0,0,0,0,0,0,0,0,0,NA,NA,NA,NA
175,DPP4I main_GLP1RA main_Thyroid tumor,truven_ccae_2324_20230201,0,626883,1477240,0,0,0,0,0,0,0,0,0,0,0,NA,NA,NA,NA
175,DPP4I main_GLP1RA main_Thyroid tumor,optum_extended_dod_2323_20230201,0,599920,1319840,0,0,0,0,0,0,0,0,0,0,0,NA,NA,NA,NA
175,DPP4I main_GLP1RA main_Thyroid tumor,optum_extended_ses_2327_20230204,0,599919,1319840,0,0,0,0,0,0,0,0,0,0,0,NA,NA,NA,NA
175,DPP4I main_GLP1RA main_Thyroid tumor,US_PharMetrics_Plus_20230330,0,546343,1455410,0,0,0,0,0,0,0,0,0,0,0,NA,NA,NA,NA
175,DPP4I main_GLP1RA main_Thyroid tumor,optum_ehr_2247_20221205,0,381202,1326580,0,0,0,0,0,0,0,0,0,0,0,NA,NA,NA,NA
175,DPP4I main_GLP1RA main_Thyroid tumor,truven_mdcr_2322_20230127,0,193421,240010,0,0,0,0,0,0,0,0,0,0,0,NA,NA,NA,NA
175,DPP4I main_GLP1RA main_Thyroid tumor,pmtx_202203_20220831,0,113907,307900,0,0,0,0,0,0,0,0,0,0,0,NA,NA,NA,NA
175,DPP4I main_GLP1RA main_Thyroid tumor,VA-OMOP_20230411,0,74531,502090,0,0,0,0,0,0,0,0,0,0,0,NA,NA,NA,NA
175,DPP4I main_GLP1RA main_Thyroid tumor,truven_mdcd_2359_20230215,0,53891,249690,0,0,0,0,0,0,0,0,0,0,0,NA,NA,NA,NA
175,DPP4I main_GLP1RA main_Thyroid tumor,UK_IMRD_THIN_20221230,0,32984,61890,0,0,0,0,0,0,0,0,0,0,0,NA,NA,NA,NA
175,DPP4I main_GLP1RA main_Thyroid tumor,IQVIA_Germany_DA_20230124,0,25687,126110,0,0,0,0,0,0,0,0,0,0,0,NA,NA,NA,NA
175,DPP4I main_GLP1RA main_Thyroid tumor,France_LPD_20230118,0,19374,75340,0,0,0,0,0,0,0,0,0,0,0,NA,NA,NA,NA
175,DPP4I main_GLP1RA main_Thyroid tumor,jmdc_2325_20230126,0,15225,30460,0,0,0,0,0,0,0,0,0,0,0,NA,NA,NA,NA
175,DPP4I main_GLP1RA main_Thyroid tumor,UK_IMRD_EMIS_20230215,0,13027,29840,0,0,0,0,0,0,0,0,0,0,0,NA,NA,NA,NA
175,DPP4I main_GLP1RA main_Thyroid tumor,Japan_Claims_20230215,0,10987,31930,0,0,0,0,0,0,0,0,0,0,0,NA,NA,NA,NA
175,DPP4I main_GLP1RA main_Thyroid tumor,LPD_Italy_20221226,0,8350,18410,0,0,0,0,0,0,0,0,0,0,0,NA,NA,NA,NA
175,DPP4I main_GLP1RA main_Thyroid tumor,JHM_OMOP_20230406,0,7300,19650,0,0,0,0,0,0,0,0,0,0,0,NA,NA,NA,NA
175,DPP4I main_GLP1RA main_Thyroid tumor,CUIMC_20221214,0,6690,57670,0,0,0,0,0,0,0,0,0,0,0,NA,NA,NA,NA
175,DPP4I main_GLP1RA main_Thyroid tumor,IQVIA_France_DA_20230201,0,5799,24940,0,0,0,0,0,0,0,0,0,0,0,NA,NA,NA,NA
175,DPP4I main_GLP1RA main_Thyroid tumor,LPD_Spain_20220704,0,3795,12030,0,0,0,0,0,0,0,0,0,0,0,NA,NA,NA,NA
175,DPP4I main_GLP1RA main_Thyroid tumor,IQVIA_Belgium_LPD_20221006,0,2933,8620,0,0,0,0,0,0,0,0,0,0,0,NA,NA,NA,NA
175,DPP4I main_GLP1RA main_Thyroid tumor,US_Hospital_20230130,0,2639,14000,0,0,0,0,0,0,0,0,0,0,0,NA,NA,NA,NA
175,DPP4I main_GLP1RA main_Thyroid tumor,Australia_EMR_20230317,0,835,6300,0,0,0,0,0,0,0,0,0,0,0,NA,NA,NA,NA
175,DPP4I main_GLP1RA main_Thyroid tumor,AUSOM_20220228,0,699,3190,0,0,0,0,0,0,0,0,0,0,0,NA,NA,NA,NA
175,DPP4I main_GLP1RA main_Thyroid tumor,TMUCRD_20210406,0,433,3150,0,0,0,0,0,0,0,0,0,0,0,NA,NA,NA,NA
175,DPP4I main_GLP1RA main_Thyroid tumor,RED_CDM_Tufts_20221005,0,113,1860,0,0,0,0,0,0,0,0,0,0,0,NA,NA,NA,NA
175,DPP4I main_GLP1RA main_Thyroid tumor,Japan_HIS_20220120,0,108,2830,0,0,0,0,0,0,0,0,0,0,0,NA,NA,NA,NA
175,DPP4I main_GLP1RA main_Thyroid tumor,Keck_Upgraded_OMOP_v5_NA,1,15,80,0,0,0,0,0,0,0,0,0,0,0,NA,NA,NA,NA
175,DPP4I main_GLP1RA main_Thyroid tumor,ktph_sg_NA,2,13,20,0,0,NA,0,0,0,0,0,0,1,0,NA,NA,NA,NA
175,DPP4I main_GLP1RA main_Thyroid tumor,Klinicki_centar_Crne_Gore_20230101,2,0,0,0,0,0,0,0,0,0,1,0,0,0,NA,NA,NA,NA
175,DPP4I main_GLP1RA main_Thyroid tumor,cdm_cds,2,0,0,0,0,0,0,0,0,0,0,1,0,0,NA,NA,NA,NA
175,DPP4I main_GLP1RA main_Thyroid tumor,premier_2326_20230125,3,0,0,0,0,0,0,0,1,0,1,0,0,0,NA,NA,NA,NA
175,DPP4I main_GLP1RA main_Thyroid tumor,ccpp_v54_20210101,5,0,0,0,0,0,0,0,0,0,1,1,1,1,NA,NA,NA,NA
175,DPP4I main_GLP1RA main_Thyroid tumor,HKU-THIN,5,0,-12724481,1,0,NA,0,0,0,0,1,0,1,1,NA,NA,NA,NA
175,DPP4I main_GLP1RA main_Thyroid tumor,omop_20190828,NA,NA,48480,NA,0,NA,0,0,NA,0,0,0,NA,NA,NA,NA,NA,NA
176,DPP4I main_SGLT2I main_Thyroid tumor,US_OPEN_CLAIMS_20230313,0,2797753,13190780,0,0,0,0,0,0,0,0,0,0,0,NA,NA,NA,NA
176,DPP4I main_SGLT2I main_Thyroid tumor,US_PharMetrics_Plus_20230330,0,546343,1455410,0,0,0,0,0,0,0,0,0,0,0,NA,NA,NA,NA
176,DPP4I main_SGLT2I main_Thyroid tumor,optum_extended_ses_2327_20230204,0,433598,953930,0,0,0,0,0,0,0,0,0,0,0,NA,NA,NA,NA
176,DPP4I main_SGLT2I main_Thyroid tumor,optum_extended_dod_2323_20230201,0,433595,953920,0,0,0,0,0,0,0,0,0,0,0,NA,NA,NA,NA
176,DPP4I main_SGLT2I main_Thyroid tumor,truven_ccae_2324_20230201,0,397219,936040,0,0,0,0,0,0,0,0,0,0,0,NA,NA,NA,NA
176,DPP4I main_SGLT2I main_Thyroid tumor,optum_ehr_2247_20221205,0,262584,913790,0,0,0,0,0,0,0,0,0,0,0,NA,NA,NA,NA
176,DPP4I main_SGLT2I main_Thyroid tumor,truven_mdcr_2322_20230127,0,120964,150100,0,0,0,0,0,0,0,0,0,0,0,NA,NA,NA,NA
176,DPP4I main_SGLT2I main_Thyroid tumor,pmtx_202203_20220831,0,108591,293530,0,0,0,0,0,0,0,0,0,0,0,NA,NA,NA,NA
176,DPP4I main_SGLT2I main_Thyroid tumor,jmdc_2325_20230126,0,97761,195580,0,0,0,0,0,0,0,0,0,0,0,NA,NA,NA,NA
176,DPP4I main_SGLT2I main_Thyroid tumor,VA-OMOP_20230411,0,77503,522110,0,0,0,0,0,0,0,0,0,0,0,NA,NA,NA,NA
176,DPP4I main_SGLT2I main_Thyroid tumor,Japan_Claims_20230215,0,44250,128600,0,0,0,0,0,0,0,0,0,0,0,NA,NA,NA,NA
176,DPP4I main_SGLT2I main_Thyroid tumor,UK_IMRD_THIN_20221230,0,40675,76320,0,0,0,0,0,0,0,0,0,0,0,NA,NA,NA,NA
176,DPP4I main_SGLT2I main_Thyroid tumor,truven_mdcd_2359_20230215,0,36976,171320,0,0,0,0,0,0,0,0,0,0,0,NA,NA,NA,NA
176,DPP4I main_SGLT2I main_Thyroid tumor,IQVIA_Germany_DA_20230124,0,36211,177780,0,0,0,0,0,0,0,0,0,0,0,NA,NA,NA,NA
176,DPP4I main_SGLT2I main_Thyroid tumor,UK_IMRD_EMIS_20230215,0,16790,38460,0,0,0,0,0,0,0,0,0,0,0,NA,NA,NA,NA
176,DPP4I main_SGLT2I main_Thyroid tumor,LPD_Spain_20220704,0,10616,33650,0,0,0,0,0,0,0,0,0,0,0,NA,NA,NA,NA
176,DPP4I main_SGLT2I main_Thyroid tumor,JHM_OMOP_20230406,0,7300,19650,0,0,0,0,0,0,0,0,0,0,0,NA,NA,NA,NA
176,DPP4I main_SGLT2I main_Thyroid tumor,LPD_Italy_20221226,0,7179,15830,0,0,0,0,0,0,0,0,0,0,0,NA,NA,NA,NA
176,DPP4I main_SGLT2I main_Thyroid tumor,US_Hospital_20230130,0,5983,31740,0,0,0,0,0,0,0,0,0,0,0,NA,NA,NA,NA
176,DPP4I main_SGLT2I main_Thyroid tumor,France_LPD_20230118,0,5475,21290,0,0,0,0,0,0,0,0,0,0,0,NA,NA,NA,NA
176,DPP4I main_SGLT2I main_Thyroid tumor,CUIMC_20221214,0,4366,37640,0,0,0,0,0,0,0,0,0,0,0,NA,NA,NA,NA
176,DPP4I main_SGLT2I main_Thyroid tumor,Australia_EMR_20230317,0,2683,20240,0,0,0,0,0,0,0,0,0,0,0,NA,NA,NA,NA
176,DPP4I main_SGLT2I main_Thyroid tumor,IQVIA_Belgium_LPD_20221006,0,2208,6490,0,0,0,0,0,0,0,0,0,0,0,NA,NA,NA,NA
176,DPP4I main_SGLT2I main_Thyroid tumor,AUSOM_20220228,0,1500,6850,0,0,0,0,0,0,0,0,0,0,0,NA,NA,NA,NA
176,DPP4I main_SGLT2I main_Thyroid tumor,TMUCRD_20210406,0,1475,10740,0,0,0,0,0,0,0,0,0,0,0,NA,NA,NA,NA
176,DPP4I main_SGLT2I main_Thyroid tumor,IQVIA_France_DA_20230201,0,728,3130,0,0,0,0,0,0,0,0,0,0,0,NA,NA,NA,NA
176,DPP4I main_SGLT2I main_Thyroid tumor,Japan_HIS_20220120,0,281,7370,0,0,0,0,0,0,0,0,0,0,0,NA,NA,NA,NA
176,DPP4I main_SGLT2I main_Thyroid tumor,RED_CDM_Tufts_20221005,0,83,1360,0,0,0,0,0,0,0,0,0,0,0,NA,NA,NA,NA
176,DPP4I main_SGLT2I main_Thyroid tumor,Keck_Upgraded_OMOP_v5_NA,1,69,370,0,0,0,0,0,0,0,0,0,0,0,NA,NA,NA,NA
176,DPP4I main_SGLT2I main_Thyroid tumor,Klinicki_centar_Crne_Gore_20230101,1,10,50,0,0,0,0,0,0,0,0,0,0,0,NA,NA,NA,NA
176,DPP4I main_SGLT2I main_Thyroid tumor,ktph_sg_NA,2,93,140,0,0,NA,0,0,0,0,0,0,1,0,NA,NA,NA,NA
176,DPP4I main_SGLT2I main_Thyroid tumor,cdm_cds,2,0,0,0,0,0,0,0,0,0,0,1,0,0,NA,NA,NA,NA
176,DPP4I main_SGLT2I main_Thyroid tumor,premier_2326_20230125,3,0,0,0,0,0,0,0,1,0,1,0,0,0,NA,NA,NA,NA
176,DPP4I main_SGLT2I main_Thyroid tumor,ccpp_v54_20210101,5,0,0,0,0,0,0,0,0,0,1,1,1,1,NA,NA,NA,NA
176,DPP4I main_SGLT2I main_Thyroid tumor,HKU-THIN,5,0,-12724481,1,0,NA,0,0,0,0,1,0,1,1,NA,NA,NA,NA
176,DPP4I main_SGLT2I main_Thyroid tumor,omop_20190828,NA,NA,900220,NA,0,NA,0,0,NA,0,NA,0,NA,NA,NA,NA,NA,NA
177,DPP4I main_SU main_Thyroid tumor,US_OPEN_CLAIMS_20230313,0,2984398,14070770,0,0,0,0,0,0,0,0,0,0,0,NA,NA,NA,NA
177,DPP4I main_SU main_Thyroid tumor,truven_ccae_2324_20230201,0,626883,1477240,0,0,0,0,0,0,0,0,0,0,0,NA,NA,NA,NA
177,DPP4I main_SU main_Thyroid tumor,optum_extended_dod_2323_20230201,0,599920,1319840,0,0,0,0,0,0,0,0,0,0,0,NA,NA,NA,NA
177,DPP4I main_SU main_Thyroid tumor,optum_extended_ses_2327_20230204,0,599919,1319840,0,0,0,0,0,0,0,0,0,0,0,NA,NA,NA,NA
177,DPP4I main_SU main_Thyroid tumor,US_PharMetrics_Plus_20230330,0,546343,1455410,0,0,0,0,0,0,0,0,0,0,0,NA,NA,NA,NA
177,DPP4I main_SU main_Thyroid tumor,optum_ehr_2247_20221205,0,449949,1565820,0,0,0,0,0,0,0,0,0,0,0,NA,NA,NA,NA
177,DPP4I main_SU main_Thyroid tumor,truven_mdcr_2322_20230127,0,388236,481750,0,0,0,0,0,0,0,0,0,0,0,NA,NA,NA,NA
177,DPP4I main_SU main_Thyroid tumor,pmtx_202203_20220831,0,113907,307900,0,0,0,0,0,0,0,0,0,0,0,NA,NA,NA,NA
177,DPP4I main_SU main_Thyroid tumor,jmdc_2325_20230126,0,93462,186980,0,0,0,0,0,0,0,0,0,0,0,NA,NA,NA,NA
177,DPP4I main_SU main_Thyroid tumor,VA-OMOP_20230411,0,78282,527360,0,0,0,0,0,0,0,0,0,0,0,NA,NA,NA,NA
177,DPP4I main_SU main_Thyroid tumor,Japan_Claims_20230215,0,63264,183860,0,0,0,0,0,0,0,0,0,0,0,NA,NA,NA,NA
177,DPP4I main_SU main_Thyroid tumor,US_Hospital_20230130,0,62779,333060,0,0,0,0,0,0,0,0,0,0,0,NA,NA,NA,NA
177,DPP4I main_SU main_Thyroid tumor,truven_mdcd_2359_20230215,0,53891,249690,0,0,0,0,0,0,0,0,0,0,0,NA,NA,NA,NA
177,DPP4I main_SU main_Thyroid tumor,UK_IMRD_THIN_20221230,0,46223,86730,0,0,0,0,0,0,0,0,0,0,0,NA,NA,NA,NA
177,DPP4I main_SU main_Thyroid tumor,IQVIA_Germany_DA_20230124,0,34376,168770,0,0,0,0,0,0,0,0,0,0,0,NA,NA,NA,NA
177,DPP4I main_SU main_Thyroid tumor,France_LPD_20230118,0,17967,69870,0,0,0,0,0,0,0,0,0,0,0,NA,NA,NA,NA
177,DPP4I main_SU main_Thyroid tumor,LPD_Italy_20221226,0,15674,34560,0,0,0,0,0,0,0,0,0,0,0,NA,NA,NA,NA
177,DPP4I main_SU main_Thyroid tumor,UK_IMRD_EMIS_20230215,0,12232,28020,0,0,0,0,0,0,0,0,0,0,0,NA,NA,NA,NA
177,DPP4I main_SU main_Thyroid tumor,IQVIA_France_DA_20230201,0,8245,35460,0,0,0,0,0,0,0,0,0,0,0,NA,NA,NA,NA
177,DPP4I main_SU main_Thyroid tumor,AUSOM_20220228,0,7616,34770,0,0,0,0,0,0,0,0,0,0,0,NA,NA,NA,NA
177,DPP4I main_SU main_Thyroid tumor,JHM_OMOP_20230406,0,7300,19650,0,0,0,0,0,0,0,0,0,0,0,NA,NA,NA,NA
177,DPP4I main_SU main_Thyroid tumor,TMUCRD_20210406,0,7245,52740,0,0,0,0,0,0,0,0,0,0,0,NA,NA,NA,NA
177,DPP4I main_SU main_Thyroid tumor,CUIMC_20221214,0,7067,60920,0,0,0,0,0,0,0,0,0,0,0,NA,NA,NA,NA
177,DPP4I main_SU main_Thyroid tumor,LPD_Spain_20220704,0,6161,19530,0,0,0,0,0,0,0,0,0,0,0,NA,NA,NA,NA
177,DPP4I main_SU main_Thyroid tumor,IQVIA_Belgium_LPD_20221006,0,1773,5210,0,0,0,0,0,0,0,0,0,0,0,NA,NA,NA,NA
177,DPP4I main_SU main_Thyroid tumor,Keck_Upgraded_OMOP_v5_NA,0,1700,9120,0,0,0,0,0,0,0,0,0,0,0,NA,NA,NA,NA
177,DPP4I main_SU main_Thyroid tumor,Australia_EMR_20230317,0,586,4420,0,0,0,0,0,0,0,0,0,0,0,NA,NA,NA,NA
177,DPP4I main_SU main_Thyroid tumor,Japan_HIS_20220120,0,449,11790,0,0,0,0,0,0,0,0,0,0,0,NA,NA,NA,NA
177,DPP4I main_SU main_Thyroid tumor,RED_CDM_Tufts_20221005,0,113,1860,0,0,0,0,0,0,0,0,0,0,0,NA,NA,NA,NA
177,DPP4I main_SU main_Thyroid tumor,premier_2326_20230125,1,6525,914680,0,0,0,0,0,1,0,0,0,0,0,NA,NA,NA,NA
177,DPP4I main_SU main_Thyroid tumor,ktph_sg_NA,2,578,870,0,0,NA,0,0,0,0,0,0,1,0,NA,NA,NA,NA
177,DPP4I main_SU main_Thyroid tumor,Klinicki_centar_Crne_Gore_20230101,2,0,0,0,0,0,0,0,0,0,1,0,0,0,NA,NA,NA,NA
177,DPP4I main_SU main_Thyroid tumor,cdm_cds,2,0,0,0,0,0,0,0,0,0,0,1,0,0,NA,NA,NA,NA
177,DPP4I main_SU main_Thyroid tumor,ccpp_v54_20210101,5,0,0,0,0,0,0,0,0,0,1,1,1,1,NA,NA,NA,NA
177,DPP4I main_SU main_Thyroid tumor,HKU-THIN,5,0,-12724481,1,0,NA,0,0,0,0,1,0,1,1,NA,NA,NA,NA
177,DPP4I main_SU main_Thyroid tumor,omop_20190828,NA,NA,900220,NA,0,NA,0,0,NA,0,NA,0,NA,NA,NA,NA,NA,NA
178,GLP1RA main_SGLT2I main_Thyroid tumor,US_OPEN_CLAIMS_20230313,0,2797753,13190780,0,0,0,0,0,0,0,0,0,0,0,NA,NA,NA,NA
178,GLP1RA main_SGLT2I main_Thyroid tumor,US_PharMetrics_Plus_20230330,0,603199,1606870,0,0,0,0,0,0,0,0,0,0,0,NA,NA,NA,NA
178,GLP1RA main_SGLT2I main_Thyroid tumor,optum_extended_ses_2327_20230204,0,433598,953930,0,0,0,0,0,0,0,0,0,0,0,NA,NA,NA,NA
178,GLP1RA main_SGLT2I main_Thyroid tumor,optum_extended_dod_2323_20230201,0,433595,953920,0,0,0,0,0,0,0,0,0,0,0,NA,NA,NA,NA
178,GLP1RA main_SGLT2I main_Thyroid tumor,truven_ccae_2324_20230201,0,397219,936040,0,0,0,0,0,0,0,0,0,0,0,NA,NA,NA,NA
178,GLP1RA main_SGLT2I main_Thyroid tumor,optum_ehr_2247_20221205,0,262584,913790,0,0,0,0,0,0,0,0,0,0,0,NA,NA,NA,NA
178,GLP1RA main_SGLT2I main_Thyroid tumor,truven_mdcr_2322_20230127,0,120964,150100,0,0,0,0,0,0,0,0,0,0,0,NA,NA,NA,NA
178,GLP1RA main_SGLT2I main_Thyroid tumor,pmtx_202203_20220831,0,108591,293530,0,0,0,0,0,0,0,0,0,0,0,NA,NA,NA,NA
178,GLP1RA main_SGLT2I main_Thyroid tumor,VA-OMOP_20230411,0,74531,502090,0,0,0,0,0,0,0,0,0,0,0,NA,NA,NA,NA
178,GLP1RA main_SGLT2I main_Thyroid tumor,truven_mdcd_2359_20230215,0,36976,171320,0,0,0,0,0,0,0,0,0,0,0,NA,NA,NA,NA
178,GLP1RA main_SGLT2I main_Thyroid tumor,UK_IMRD_THIN_20221230,0,32984,61890,0,0,0,0,0,0,0,0,0,0,0,NA,NA,NA,NA
178,GLP1RA main_SGLT2I main_Thyroid tumor,IQVIA_Germany_DA_20230124,0,25687,126110,0,0,0,0,0,0,0,0,0,0,0,NA,NA,NA,NA
178,GLP1RA main_SGLT2I main_Thyroid tumor,jmdc_2325_20230126,0,15225,30460,0,0,0,0,0,0,0,0,0,0,0,NA,NA,NA,NA
178,GLP1RA main_SGLT2I main_Thyroid tumor,UK_IMRD_EMIS_20230215,0,13027,29840,0,0,0,0,0,0,0,0,0,0,0,NA,NA,NA,NA
178,GLP1RA main_SGLT2I main_Thyroid tumor,Japan_Claims_20230215,0,10987,31930,0,0,0,0,0,0,0,0,0,0,0,NA,NA,NA,NA
178,GLP1RA main_SGLT2I main_Thyroid tumor,JHM_OMOP_20230406,0,7898,21260,0,0,0,0,0,0,0,0,0,0,0,NA,NA,NA,NA
178,GLP1RA main_SGLT2I main_Thyroid tumor,LPD_Italy_20221226,0,7179,15830,0,0,0,0,0,0,0,0,0,0,0,NA,NA,NA,NA
178,GLP1RA main_SGLT2I main_Thyroid tumor,France_LPD_20230118,0,5475,21290,0,0,0,0,0,0,0,0,0,0,0,NA,NA,NA,NA
178,GLP1RA main_SGLT2I main_Thyroid tumor,CUIMC_20221214,0,4366,37640,0,0,0,0,0,0,0,0,0,0,0,NA,NA,NA,NA
178,GLP1RA main_SGLT2I main_Thyroid tumor,LPD_Spain_20220704,0,3795,12030,0,0,0,0,0,0,0,0,0,0,0,NA,NA,NA,NA
178,GLP1RA main_SGLT2I main_Thyroid tumor,US_Hospital_20230130,0,2639,14000,0,0,0,0,0,0,0,0,0,0,0,NA,NA,NA,NA
178,GLP1RA main_SGLT2I main_Thyroid tumor,IQVIA_Belgium_LPD_20221006,0,2208,6490,0,0,0,0,0,0,0,0,0,0,0,NA,NA,NA,NA
178,GLP1RA main_SGLT2I main_Thyroid tumor,Australia_EMR_20230317,0,835,6300,0,0,0,0,0,0,0,0,0,0,0,NA,NA,NA,NA
178,GLP1RA main_SGLT2I main_Thyroid tumor,IQVIA_France_DA_20230201,0,728,3130,0,0,0,0,0,0,0,0,0,0,0,NA,NA,NA,NA
178,GLP1RA main_SGLT2I main_Thyroid tumor,AUSOM_20220228,0,699,3190,0,0,0,0,0,0,0,0,0,0,0,NA,NA,NA,NA
178,GLP1RA main_SGLT2I main_Thyroid tumor,TMUCRD_20210406,0,433,3150,0,0,0,0,0,0,0,0,0,0,0,NA,NA,NA,NA
178,GLP1RA main_SGLT2I main_Thyroid tumor,Japan_HIS_20220120,0,108,2830,0,0,0,0,0,0,0,0,0,0,0,NA,NA,NA,NA
178,GLP1RA main_SGLT2I main_Thyroid tumor,RED_CDM_Tufts_20221005,0,83,1360,0,0,0,0,0,0,0,0,0,0,0,NA,NA,NA,NA
178,GLP1RA main_SGLT2I main_Thyroid tumor,Keck_Upgraded_OMOP_v5_NA,1,15,80,0,0,0,0,0,0,0,0,0,0,0,NA,NA,NA,NA
178,GLP1RA main_SGLT2I main_Thyroid tumor,ktph_sg_NA,2,13,20,0,0,NA,0,0,0,0,0,0,1,0,NA,NA,NA,NA
178,GLP1RA main_SGLT2I main_Thyroid tumor,Klinicki_centar_Crne_Gore_20230101,2,0,0,0,0,0,0,0,0,0,0,0,0,1,NA,NA,NA,NA
178,GLP1RA main_SGLT2I main_Thyroid tumor,cdm_cds,2,0,0,0,0,0,0,0,0,0,0,1,0,0,NA,NA,NA,NA
178,GLP1RA main_SGLT2I main_Thyroid tumor,premier_2326_20230125,4,0,0,0,0,0,0,0,1,0,1,0,0,1,NA,NA,NA,NA
178,GLP1RA main_SGLT2I main_Thyroid tumor,ccpp_v54_20210101,5,0,0,0,0,0,0,0,0,0,1,1,1,1,NA,NA,NA,NA
178,GLP1RA main_SGLT2I main_Thyroid tumor,HKU-THIN,5,0,-12724481,1,0,NA,0,0,0,0,1,0,1,1,NA,NA,NA,NA
178,GLP1RA main_SGLT2I main_Thyroid tumor,omop_20190828,NA,NA,48480,NA,0,NA,0,0,NA,0,NA,0,NA,0,NA,NA,NA,NA
179,GLP1RA main_SU main_Thyroid tumor,US_OPEN_CLAIMS_20230313,0,4114327,19398130,0,0,0,0,0,0,0,0,0,0,0,NA,NA,NA,NA
179,GLP1RA main_SU main_Thyroid tumor,US_PharMetrics_Plus_20230330,0,845464,2252240,0,0,0,0,0,0,0,0,0,0,0,NA,NA,NA,NA
179,GLP1RA main_SU main_Thyroid tumor,truven_ccae_2324_20230201,0,772045,1819310,0,0,0,0,0,0,0,0,0,0,0,NA,NA,NA,NA
179,GLP1RA main_SU main_Thyroid tumor,optum_extended_dod_2323_20230201,0,652061,1434550,0,0,0,0,0,0,0,0,0,0,0,NA,NA,NA,NA
179,GLP1RA main_SU main_Thyroid tumor,optum_extended_ses_2327_20230204,0,652050,1434530,0,0,0,0,0,0,0,0,0,0,0,NA,NA,NA,NA
179,GLP1RA main_SU main_Thyroid tumor,optum_ehr_2247_20221205,0,381202,1326580,0,0,0,0,0,0,0,0,0,0,0,NA,NA,NA,NA
179,GLP1RA main_SU main_Thyroid tumor,truven_mdcr_2322_20230127,0,193421,240010,0,0,0,0,0,0,0,0,0,0,0,NA,NA,NA,NA
179,GLP1RA main_SU main_Thyroid tumor,pmtx_202203_20220831,0,145186,392450,0,0,0,0,0,0,0,0,0,0,0,NA,NA,NA,NA
179,GLP1RA main_SU main_Thyroid tumor,VA-OMOP_20230411,0,74531,502090,0,0,0,0,0,0,0,0,0,0,0,NA,NA,NA,NA
179,GLP1RA main_SU main_Thyroid tumor,truven_mdcd_2359_20230215,0,58097,269180,0,0,0,0,0,0,0,0,0,0,0,NA,NA,NA,NA
179,GLP1RA main_SU main_Thyroid tumor,UK_IMRD_THIN_20221230,0,32984,61890,0,0,0,0,0,0,0,0,0,0,0,NA,NA,NA,NA
179,GLP1RA main_SU main_Thyroid tumor,IQVIA_Germany_DA_20230124,0,25687,126110,0,0,0,0,0,0,0,0,0,0,0,NA,NA,NA,NA
179,GLP1RA main_SU main_Thyroid tumor,France_LPD_20230118,0,17967,69870,0,0,0,0,0,0,0,0,0,0,0,NA,NA,NA,NA
179,GLP1RA main_SU main_Thyroid tumor,jmdc_2325_20230126,0,15225,30460,0,0,0,0,0,0,0,0,0,0,0,NA,NA,NA,NA
179,GLP1RA main_SU main_Thyroid tumor,UK_IMRD_EMIS_20230215,0,12232,28020,0,0,0,0,0,0,0,0,0,0,0,NA,NA,NA,NA
179,GLP1RA main_SU main_Thyroid tumor,JHM_OMOP_20230406,0,11569,31140,0,0,0,0,0,0,0,0,0,0,0,NA,NA,NA,NA
179,GLP1RA main_SU main_Thyroid tumor,Japan_Claims_20230215,0,10987,31930,0,0,0,0,0,0,0,0,0,0,0,NA,NA,NA,NA
179,GLP1RA main_SU main_Thyroid tumor,LPD_Italy_20221226,0,8350,18410,0,0,0,0,0,0,0,0,0,0,0,NA,NA,NA,NA
179,GLP1RA main_SU main_Thyroid tumor,CUIMC_20221214,0,6690,57670,0,0,0,0,0,0,0,0,0,0,0,NA,NA,NA,NA
179,GLP1RA main_SU main_Thyroid tumor,IQVIA_France_DA_20230201,0,5799,24940,0,0,0,0,0,0,0,0,0,0,0,NA,NA,NA,NA
179,GLP1RA main_SU main_Thyroid tumor,LPD_Spain_20220704,0,3795,12030,0,0,0,0,0,0,0,0,0,0,0,NA,NA,NA,NA
179,GLP1RA main_SU main_Thyroid tumor,US_Hospital_20230130,0,2639,14000,0,0,0,0,0,0,0,0,0,0,0,NA,NA,NA,NA
179,GLP1RA main_SU main_Thyroid tumor,IQVIA_Belgium_LPD_20221006,0,1773,5210,0,0,0,0,0,0,0,0,0,0,0,NA,NA,NA,NA
179,GLP1RA main_SU main_Thyroid tumor,AUSOM_20220228,0,699,3190,0,0,0,0,0,0,0,0,0,0,0,NA,NA,NA,NA
179,GLP1RA main_SU main_Thyroid tumor,Australia_EMR_20230317,0,586,4420,0,0,0,0,0,0,0,0,0,0,0,NA,NA,NA,NA
179,GLP1RA main_SU main_Thyroid tumor,TMUCRD_20210406,0,433,3150,0,0,0,0,0,0,0,0,0,0,0,NA,NA,NA,NA
179,GLP1RA main_SU main_Thyroid tumor,RED_CDM_Tufts_20221005,0,132,2180,0,0,0,0,0,0,0,0,0,0,0,NA,NA,NA,NA
179,GLP1RA main_SU main_Thyroid tumor,Japan_HIS_20220120,0,108,2830,0,0,0,0,0,0,0,0,0,0,0,NA,NA,NA,NA
179,GLP1RA main_SU main_Thyroid tumor,Keck_Upgraded_OMOP_v5_NA,1,15,80,0,0,0,0,0,0,0,0,0,0,0,NA,NA,NA,NA
179,GLP1RA main_SU main_Thyroid tumor,ktph_sg_NA,2,13,20,0,0,NA,0,0,0,0,0,0,1,0,NA,NA,NA,NA
179,GLP1RA main_SU main_Thyroid tumor,cdm_cds,2,0,0,0,0,0,0,0,0,0,0,1,0,0,NA,NA,NA,NA
179,GLP1RA main_SU main_Thyroid tumor,Klinicki_centar_Crne_Gore_20230101,3,0,0,0,0,0,0,0,0,0,1,0,0,1,NA,NA,NA,NA
179,GLP1RA main_SU main_Thyroid tumor,premier_2326_20230125,3,0,0,0,0,0,0,0,1,0,0,0,0,1,NA,NA,NA,NA
179,GLP1RA main_SU main_Thyroid tumor,ccpp_v54_20210101,5,0,0,0,0,0,0,0,0,0,1,1,1,1,NA,NA,NA,NA
179,GLP1RA main_SU main_Thyroid tumor,HKU-THIN,5,0,-12724481,1,0,NA,0,0,0,0,1,0,1,1,NA,NA,NA,NA
179,GLP1RA main_SU main_Thyroid tumor,omop_20190828,NA,NA,48480,NA,0,NA,0,0,NA,0,NA,0,NA,0,NA,NA,NA,NA
180,SGLT2I main_SU main_Thyroid tumor,US_OPEN_CLAIMS_20230313,0,2797753,13190780,0,0,0,0,0,0,0,0,0,0,0,NA,NA,NA,NA
180,SGLT2I main_SU main_Thyroid tumor,US_PharMetrics_Plus_20230330,0,603199,1606870,0,0,0,0,0,0,0,0,0,0,0,NA,NA,NA,NA
180,SGLT2I main_SU main_Thyroid tumor,optum_extended_ses_2327_20230204,0,433598,953930,0,0,0,0,0,0,0,0,0,0,0,NA,NA,NA,NA
180,SGLT2I main_SU main_Thyroid tumor,optum_extended_dod_2323_20230201,0,433595,953920,0,0,0,0,0,0,0,0,0,0,0,NA,NA,NA,NA
180,SGLT2I main_SU main_Thyroid tumor,truven_ccae_2324_20230201,0,397219,936040,0,0,0,0,0,0,0,0,0,0,0,NA,NA,NA,NA
180,SGLT2I main_SU main_Thyroid tumor,optum_ehr_2247_20221205,0,262584,913790,0,0,0,0,0,0,0,0,0,0,0,NA,NA,NA,NA
180,SGLT2I main_SU main_Thyroid tumor,truven_mdcr_2322_20230127,0,120964,150100,0,0,0,0,0,0,0,0,0,0,0,NA,NA,NA,NA
180,SGLT2I main_SU main_Thyroid tumor,pmtx_202203_20220831,0,108591,293530,0,0,0,0,0,0,0,0,0,0,0,NA,NA,NA,NA
180,SGLT2I main_SU main_Thyroid tumor,jmdc_2325_20230126,0,93462,186980,0,0,0,0,0,0,0,0,0,0,0,NA,NA,NA,NA
180,SGLT2I main_SU main_Thyroid tumor,VA-OMOP_20230411,0,77503,522110,0,0,0,0,0,0,0,0,0,0,0,NA,NA,NA,NA
180,SGLT2I main_SU main_Thyroid tumor,Japan_Claims_20230215,0,44250,128600,0,0,0,0,0,0,0,0,0,0,0,NA,NA,NA,NA
180,SGLT2I main_SU main_Thyroid tumor,UK_IMRD_THIN_20221230,0,40675,76320,0,0,0,0,0,0,0,0,0,0,0,NA,NA,NA,NA
180,SGLT2I main_SU main_Thyroid tumor,truven_mdcd_2359_20230215,0,36976,171320,0,0,0,0,0,0,0,0,0,0,0,NA,NA,NA,NA
180,SGLT2I main_SU main_Thyroid tumor,IQVIA_Germany_DA_20230124,0,34376,168770,0,0,0,0,0,0,0,0,0,0,0,NA,NA,NA,NA
180,SGLT2I main_SU main_Thyroid tumor,UK_IMRD_EMIS_20230215,0,12232,28020,0,0,0,0,0,0,0,0,0,0,0,NA,NA,NA,NA
180,SGLT2I main_SU main_Thyroid tumor,JHM_OMOP_20230406,0,7898,21260,0,0,0,0,0,0,0,0,0,0,0,NA,NA,NA,NA
180,SGLT2I main_SU main_Thyroid tumor,LPD_Italy_20221226,0,7179,15830,0,0,0,0,0,0,0,0,0,0,0,NA,NA,NA,NA
180,SGLT2I main_SU main_Thyroid tumor,LPD_Spain_20220704,0,6161,19530,0,0,0,0,0,0,0,0,0,0,0,NA,NA,NA,NA
180,SGLT2I main_SU main_Thyroid tumor,US_Hospital_20230130,0,5983,31740,0,0,0,0,0,0,0,0,0,0,0,NA,NA,NA,NA
180,SGLT2I main_SU main_Thyroid tumor,France_LPD_20230118,0,5475,21290,0,0,0,0,0,0,0,0,0,0,0,NA,NA,NA,NA
180,SGLT2I main_SU main_Thyroid tumor,CUIMC_20221214,0,4366,37640,0,0,0,0,0,0,0,0,0,0,0,NA,NA,NA,NA
180,SGLT2I main_SU main_Thyroid tumor,IQVIA_Belgium_LPD_20221006,0,1773,5210,0,0,0,0,0,0,0,0,0,0,0,NA,NA,NA,NA
180,SGLT2I main_SU main_Thyroid tumor,AUSOM_20220228,0,1500,6850,0,0,0,0,0,0,0,0,0,0,0,NA,NA,NA,NA
180,SGLT2I main_SU main_Thyroid tumor,TMUCRD_20210406,0,1475,10740,0,0,0,0,0,0,0,0,0,0,0,NA,NA,NA,NA
180,SGLT2I main_SU main_Thyroid tumor,IQVIA_France_DA_20230201,0,728,3130,0,0,0,0,0,0,0,0,0,0,0,NA,NA,NA,NA
180,SGLT2I main_SU main_Thyroid tumor,Australia_EMR_20230317,0,586,4420,0,0,0,0,0,0,0,0,0,0,0,NA,NA,NA,NA
180,SGLT2I main_SU main_Thyroid tumor,Japan_HIS_20220120,0,281,7370,0,0,0,0,0,0,0,0,0,0,0,NA,NA,NA,NA
180,SGLT2I main_SU main_Thyroid tumor,RED_CDM_Tufts_20221005,0,83,1360,0,0,0,0,0,0,0,0,0,0,0,NA,NA,NA,NA
180,SGLT2I main_SU main_Thyroid tumor,Keck_Upgraded_OMOP_v5_NA,1,69,370,0,0,0,0,0,0,0,0,0,0,0,NA,NA,NA,NA
180,SGLT2I main_SU main_Thyroid tumor,ktph_sg_NA,2,93,140,0,0,NA,0,0,0,0,0,0,1,0,NA,NA,NA,NA
180,SGLT2I main_SU main_Thyroid tumor,Klinicki_centar_Crne_Gore_20230101,2,0,0,0,0,0,0,0,0,0,1,0,0,0,NA,NA,NA,NA
180,SGLT2I main_SU main_Thyroid tumor,cdm_cds,2,0,0,0,0,0,0,0,0,0,0,1,0,0,NA,NA,NA,NA
180,SGLT2I main_SU main_Thyroid tumor,premier_2326_20230125,3,0,0,0,0,0,0,0,1,0,0,0,0,1,NA,NA,NA,NA
180,SGLT2I main_SU main_Thyroid tumor,ccpp_v54_20210101,5,0,0,0,0,0,0,0,0,0,1,1,1,1,NA,NA,NA,NA
180,SGLT2I main_SU main_Thyroid tumor,HKU-THIN,5,0,-12724481,1,0,NA,0,0,0,0,1,0,1,1,NA,NA,NA,NA
180,SGLT2I main_SU main_Thyroid tumor,omop_20190828,NA,NA,900220,NA,0,NA,0,0,NA,0,NA,0,NA,NA,NA,NA,NA,NA
181,DPP4I main_GLP1RA main_Venous thromboembolism,US_OPEN_CLAIMS_20230313,0,2984398,14070770,0,0,0,0,0,0,0,0,0,0,0,NA,NA,NA,NA
181,DPP4I main_GLP1RA main_Venous thromboembolism,truven_ccae_2324_20230201,0,626883,1477240,0,0,0,0,0,0,0,0,0,0,0,NA,NA,NA,NA
181,DPP4I main_GLP1RA main_Venous thromboembolism,optum_extended_dod_2323_20230201,0,599920,1319840,0,0,0,0,0,0,0,0,0,0,0,NA,NA,NA,NA
181,DPP4I main_GLP1RA main_Venous thromboembolism,optum_extended_ses_2327_20230204,0,599919,1319840,0,0,0,0,0,0,0,0,0,0,0,NA,NA,NA,NA
181,DPP4I main_GLP1RA main_Venous thromboembolism,US_PharMetrics_Plus_20230330,0,546343,1455410,0,0,0,0,0,0,0,0,0,0,0,NA,NA,NA,NA
181,DPP4I main_GLP1RA main_Venous thromboembolism,optum_ehr_2247_20221205,0,381202,1326580,0,0,0,0,0,0,0,0,0,0,0,NA,NA,NA,NA
181,DPP4I main_GLP1RA main_Venous thromboembolism,truven_mdcr_2322_20230127,0,193421,240010,0,0,0,0,0,0,0,0,0,0,0,NA,NA,NA,NA
181,DPP4I main_GLP1RA main_Venous thromboembolism,pmtx_202203_20220831,0,113907,307900,0,0,0,0,0,0,0,0,0,0,0,NA,NA,NA,NA
181,DPP4I main_GLP1RA main_Venous thromboembolism,VA-OMOP_20230411,0,74531,502090,0,0,0,0,0,0,0,0,0,0,0,NA,NA,NA,NA
181,DPP4I main_GLP1RA main_Venous thromboembolism,truven_mdcd_2359_20230215,0,53891,249690,0,0,0,0,0,0,0,0,0,0,0,NA,NA,NA,NA
181,DPP4I main_GLP1RA main_Venous thromboembolism,UK_IMRD_THIN_20221230,0,32984,61890,0,0,0,0,0,0,0,0,0,0,0,NA,NA,NA,NA
181,DPP4I main_GLP1RA main_Venous thromboembolism,IQVIA_Germany_DA_20230124,0,25687,126110,0,0,0,0,0,0,0,0,0,0,0,NA,NA,NA,NA
181,DPP4I main_GLP1RA main_Venous thromboembolism,France_LPD_20230118,0,19374,75340,0,0,0,0,0,0,0,0,0,0,0,NA,NA,NA,NA
181,DPP4I main_GLP1RA main_Venous thromboembolism,jmdc_2325_20230126,0,15225,30460,0,0,0,0,0,0,0,0,0,0,0,NA,NA,NA,NA
181,DPP4I main_GLP1RA main_Venous thromboembolism,UK_IMRD_EMIS_20230215,0,13027,29840,0,0,0,0,0,0,0,0,0,0,0,NA,NA,NA,NA
181,DPP4I main_GLP1RA main_Venous thromboembolism,Japan_Claims_20230215,0,10987,31930,0,0,0,0,0,0,0,0,0,0,0,NA,NA,NA,NA
181,DPP4I main_GLP1RA main_Venous thromboembolism,LPD_Italy_20221226,0,8350,18410,0,0,0,0,0,0,0,0,0,0,0,NA,NA,NA,NA
181,DPP4I main_GLP1RA main_Venous thromboembolism,JHM_OMOP_20230406,0,7300,19650,0,0,0,0,0,0,0,0,0,0,0,NA,NA,NA,NA
181,DPP4I main_GLP1RA main_Venous thromboembolism,CUIMC_20221214,0,6690,57670,0,0,0,0,0,0,0,0,0,0,0,NA,NA,NA,NA
181,DPP4I main_GLP1RA main_Venous thromboembolism,IQVIA_France_DA_20230201,0,5799,24940,0,0,0,0,0,0,0,0,0,0,0,NA,NA,NA,NA
181,DPP4I main_GLP1RA main_Venous thromboembolism,LPD_Spain_20220704,0,3795,12030,0,0,0,0,0,0,0,0,0,0,0,NA,NA,NA,NA
181,DPP4I main_GLP1RA main_Venous thromboembolism,IQVIA_Belgium_LPD_20221006,0,2933,8620,0,0,0,0,0,0,0,0,0,0,0,NA,NA,NA,NA
181,DPP4I main_GLP1RA main_Venous thromboembolism,US_Hospital_20230130,0,2639,14000,0,0,0,0,0,0,0,0,0,0,0,NA,NA,NA,NA
181,DPP4I main_GLP1RA main_Venous thromboembolism,Australia_EMR_20230317,0,835,6300,0,0,0,0,0,0,0,0,0,0,0,NA,NA,NA,NA
181,DPP4I main_GLP1RA main_Venous thromboembolism,AUSOM_20220228,0,699,3190,0,0,0,0,0,0,0,0,0,0,0,NA,NA,NA,NA
181,DPP4I main_GLP1RA main_Venous thromboembolism,TMUCRD_20210406,0,433,3150,0,0,0,0,0,0,0,0,0,0,0,NA,NA,NA,NA
181,DPP4I main_GLP1RA main_Venous thromboembolism,RED_CDM_Tufts_20221005,0,113,1860,0,0,0,0,0,0,0,0,0,0,0,NA,NA,NA,NA
181,DPP4I main_GLP1RA main_Venous thromboembolism,Japan_HIS_20220120,0,108,2830,0,0,0,0,0,0,0,0,0,0,0,NA,NA,NA,NA
181,DPP4I main_GLP1RA main_Venous thromboembolism,Keck_Upgraded_OMOP_v5_NA,1,15,80,0,0,0,0,0,0,0,0,0,0,0,NA,NA,NA,NA
181,DPP4I main_GLP1RA main_Venous thromboembolism,ktph_sg_NA,1,13,20,0,0,NA,0,0,0,0,0,0,0,0,NA,NA,NA,NA
181,DPP4I main_GLP1RA main_Venous thromboembolism,Klinicki_centar_Crne_Gore_20230101,2,0,0,0,0,0,0,0,0,0,1,0,0,0,NA,NA,NA,NA
181,DPP4I main_GLP1RA main_Venous thromboembolism,cdm_cds,2,0,0,0,0,0,0,0,0,0,0,1,0,0,NA,NA,NA,NA
181,DPP4I main_GLP1RA main_Venous thromboembolism,premier_2326_20230125,3,0,0,0,0,0,0,0,1,0,1,0,0,0,NA,NA,NA,NA
181,DPP4I main_GLP1RA main_Venous thromboembolism,ccpp_v54_20210101,4,0,0,0,0,0,0,0,0,0,1,1,0,1,NA,NA,NA,NA
181,DPP4I main_GLP1RA main_Venous thromboembolism,HKU-THIN,5,0,-12724481,1,0,NA,0,0,0,0,1,0,1,1,NA,NA,NA,NA
181,DPP4I main_GLP1RA main_Venous thromboembolism,omop_20190828,NA,NA,48480,NA,0,NA,0,0,NA,0,0,0,NA,NA,NA,NA,NA,NA
182,DPP4I main_SGLT2I main_Venous thromboembolism,US_OPEN_CLAIMS_20230313,0,2797753,13190780,0,0,0,0,0,0,0,0,0,0,0,NA,NA,NA,NA
182,DPP4I main_SGLT2I main_Venous thromboembolism,US_PharMetrics_Plus_20230330,0,546343,1455410,0,0,0,0,0,0,0,0,0,0,0,NA,NA,NA,NA
182,DPP4I main_SGLT2I main_Venous thromboembolism,optum_extended_ses_2327_20230204,0,433598,953930,0,0,0,0,0,0,0,0,0,0,0,NA,NA,NA,NA
182,DPP4I main_SGLT2I main_Venous thromboembolism,optum_extended_dod_2323_20230201,0,433595,953920,0,0,0,0,0,0,0,0,0,0,0,NA,NA,NA,NA
182,DPP4I main_SGLT2I main_Venous thromboembolism,truven_ccae_2324_20230201,0,397219,936040,0,0,0,0,0,0,0,0,0,0,0,NA,NA,NA,NA
182,DPP4I main_SGLT2I main_Venous thromboembolism,optum_ehr_2247_20221205,0,262584,913790,0,0,0,0,0,0,0,0,0,0,0,NA,NA,NA,NA
182,DPP4I main_SGLT2I main_Venous thromboembolism,truven_mdcr_2322_20230127,0,120964,150100,0,0,0,0,0,0,0,0,0,0,0,NA,NA,NA,NA
182,DPP4I main_SGLT2I main_Venous thromboembolism,pmtx_202203_20220831,0,108591,293530,0,0,0,0,0,0,0,0,0,0,0,NA,NA,NA,NA
182,DPP4I main_SGLT2I main_Venous thromboembolism,jmdc_2325_20230126,0,97761,195580,0,0,0,0,0,0,0,0,0,0,0,NA,NA,NA,NA
182,DPP4I main_SGLT2I main_Venous thromboembolism,VA-OMOP_20230411,0,77503,522110,0,0,0,0,0,0,0,0,0,0,0,NA,NA,NA,NA
182,DPP4I main_SGLT2I main_Venous thromboembolism,Japan_Claims_20230215,0,44250,128600,0,0,0,0,0,0,0,0,0,0,0,NA,NA,NA,NA
182,DPP4I main_SGLT2I main_Venous thromboembolism,UK_IMRD_THIN_20221230,0,40675,76320,0,0,0,0,0,0,0,0,0,0,0,NA,NA,NA,NA
182,DPP4I main_SGLT2I main_Venous thromboembolism,truven_mdcd_2359_20230215,0,36976,171320,0,0,0,0,0,0,0,0,0,0,0,NA,NA,NA,NA
182,DPP4I main_SGLT2I main_Venous thromboembolism,IQVIA_Germany_DA_20230124,0,36211,177780,0,0,0,0,0,0,0,0,0,0,0,NA,NA,NA,NA
182,DPP4I main_SGLT2I main_Venous thromboembolism,UK_IMRD_EMIS_20230215,0,16790,38460,0,0,0,0,0,0,0,0,0,0,0,NA,NA,NA,NA
182,DPP4I main_SGLT2I main_Venous thromboembolism,LPD_Spain_20220704,0,10616,33650,0,0,0,0,0,0,0,0,0,0,0,NA,NA,NA,NA
182,DPP4I main_SGLT2I main_Venous thromboembolism,JHM_OMOP_20230406,0,7300,19650,0,0,0,0,0,0,0,0,0,0,0,NA,NA,NA,NA
182,DPP4I main_SGLT2I main_Venous thromboembolism,LPD_Italy_20221226,0,7179,15830,0,0,0,0,0,0,0,0,0,0,0,NA,NA,NA,NA
182,DPP4I main_SGLT2I main_Venous thromboembolism,US_Hospital_20230130,0,5983,31740,0,0,0,0,0,0,0,0,0,0,0,NA,NA,NA,NA
182,DPP4I main_SGLT2I main_Venous thromboembolism,France_LPD_20230118,0,5475,21290,0,0,0,0,0,0,0,0,0,0,0,NA,NA,NA,NA
182,DPP4I main_SGLT2I main_Venous thromboembolism,CUIMC_20221214,0,4366,37640,0,0,0,0,0,0,0,0,0,0,0,NA,NA,NA,NA
182,DPP4I main_SGLT2I main_Venous thromboembolism,Australia_EMR_20230317,0,2683,20240,0,0,0,0,0,0,0,0,0,0,0,NA,NA,NA,NA
182,DPP4I main_SGLT2I main_Venous thromboembolism,IQVIA_Belgium_LPD_20221006,0,2208,6490,0,0,0,0,0,0,0,0,0,0,0,NA,NA,NA,NA
182,DPP4I main_SGLT2I main_Venous thromboembolism,AUSOM_20220228,0,1500,6850,0,0,0,0,0,0,0,0,0,0,0,NA,NA,NA,NA
182,DPP4I main_SGLT2I main_Venous thromboembolism,TMUCRD_20210406,0,1475,10740,0,0,0,0,0,0,0,0,0,0,0,NA,NA,NA,NA
182,DPP4I main_SGLT2I main_Venous thromboembolism,IQVIA_France_DA_20230201,0,728,3130,0,0,0,0,0,0,0,0,0,0,0,NA,NA,NA,NA
182,DPP4I main_SGLT2I main_Venous thromboembolism,Japan_HIS_20220120,0,281,7370,0,0,0,0,0,0,0,0,0,0,0,NA,NA,NA,NA
182,DPP4I main_SGLT2I main_Venous thromboembolism,RED_CDM_Tufts_20221005,0,83,1360,0,0,0,0,0,0,0,0,0,0,0,NA,NA,NA,NA
182,DPP4I main_SGLT2I main_Venous thromboembolism,ktph_sg_NA,1,93,140,0,0,NA,0,0,0,0,0,0,0,0,NA,NA,NA,NA
182,DPP4I main_SGLT2I main_Venous thromboembolism,Keck_Upgraded_OMOP_v5_NA,1,69,370,0,0,0,0,0,0,0,0,0,0,0,NA,NA,NA,NA
182,DPP4I main_SGLT2I main_Venous thromboembolism,Klinicki_centar_Crne_Gore_20230101,1,10,50,0,0,0,0,0,0,0,0,0,0,0,NA,NA,NA,NA
182,DPP4I main_SGLT2I main_Venous thromboembolism,cdm_cds,2,0,0,0,0,0,0,0,0,0,0,1,0,0,NA,NA,NA,NA
182,DPP4I main_SGLT2I main_Venous thromboembolism,premier_2326_20230125,3,0,0,0,0,0,0,0,1,0,1,0,0,0,NA,NA,NA,NA
182,DPP4I main_SGLT2I main_Venous thromboembolism,ccpp_v54_20210101,4,0,0,0,0,0,0,0,0,0,1,1,0,1,NA,NA,NA,NA
182,DPP4I main_SGLT2I main_Venous thromboembolism,HKU-THIN,5,0,-12724481,1,0,NA,0,0,0,0,1,0,1,1,NA,NA,NA,NA
182,DPP4I main_SGLT2I main_Venous thromboembolism,omop_20190828,NA,NA,900220,NA,0,NA,0,0,NA,0,NA,0,NA,NA,NA,NA,NA,NA
183,DPP4I main_SU main_Venous thromboembolism,US_OPEN_CLAIMS_20230313,0,2984398,14070770,0,0,0,0,0,0,0,0,0,0,0,NA,NA,NA,NA
183,DPP4I main_SU main_Venous thromboembolism,truven_ccae_2324_20230201,0,626883,1477240,0,0,0,0,0,0,0,0,0,0,0,NA,NA,NA,NA
183,DPP4I main_SU main_Venous thromboembolism,optum_extended_dod_2323_20230201,0,599920,1319840,0,0,0,0,0,0,0,0,0,0,0,NA,NA,NA,NA
183,DPP4I main_SU main_Venous thromboembolism,optum_extended_ses_2327_20230204,0,599919,1319840,0,0,0,0,0,0,0,0,0,0,0,NA,NA,NA,NA
183,DPP4I main_SU main_Venous thromboembolism,US_PharMetrics_Plus_20230330,0,546343,1455410,0,0,0,0,0,0,0,0,0,0,0,NA,NA,NA,NA
183,DPP4I main_SU main_Venous thromboembolism,optum_ehr_2247_20221205,0,449949,1565820,0,0,0,0,0,0,0,0,0,0,0,NA,NA,NA,NA
183,DPP4I main_SU main_Venous thromboembolism,truven_mdcr_2322_20230127,0,388236,481750,0,0,0,0,0,0,0,0,0,0,0,NA,NA,NA,NA
183,DPP4I main_SU main_Venous thromboembolism,pmtx_202203_20220831,0,113907,307900,0,0,0,0,0,0,0,0,0,0,0,NA,NA,NA,NA
183,DPP4I main_SU main_Venous thromboembolism,jmdc_2325_20230126,0,93462,186980,0,0,0,0,0,0,0,0,0,0,0,NA,NA,NA,NA
183,DPP4I main_SU main_Venous thromboembolism,VA-OMOP_20230411,0,78282,527360,0,0,0,0,0,0,0,0,0,0,0,NA,NA,NA,NA
183,DPP4I main_SU main_Venous thromboembolism,Japan_Claims_20230215,0,63264,183860,0,0,0,0,0,0,0,0,0,0,0,NA,NA,NA,NA
183,DPP4I main_SU main_Venous thromboembolism,US_Hospital_20230130,0,62779,333060,0,0,0,0,0,0,0,0,0,0,0,NA,NA,NA,NA
183,DPP4I main_SU main_Venous thromboembolism,truven_mdcd_2359_20230215,0,53891,249690,0,0,0,0,0,0,0,0,0,0,0,NA,NA,NA,NA
183,DPP4I main_SU main_Venous thromboembolism,UK_IMRD_THIN_20221230,0,46223,86730,0,0,0,0,0,0,0,0,0,0,0,NA,NA,NA,NA
183,DPP4I main_SU main_Venous thromboembolism,IQVIA_Germany_DA_20230124,0,34376,168770,0,0,0,0,0,0,0,0,0,0,0,NA,NA,NA,NA
183,DPP4I main_SU main_Venous thromboembolism,France_LPD_20230118,0,17967,69870,0,0,0,0,0,0,0,0,0,0,0,NA,NA,NA,NA
183,DPP4I main_SU main_Venous thromboembolism,LPD_Italy_20221226,0,15674,34560,0,0,0,0,0,0,0,0,0,0,0,NA,NA,NA,NA
183,DPP4I main_SU main_Venous thromboembolism,UK_IMRD_EMIS_20230215,0,12232,28020,0,0,0,0,0,0,0,0,0,0,0,NA,NA,NA,NA
183,DPP4I main_SU main_Venous thromboembolism,IQVIA_France_DA_20230201,0,8245,35460,0,0,0,0,0,0,0,0,0,0,0,NA,NA,NA,NA
183,DPP4I main_SU main_Venous thromboembolism,AUSOM_20220228,0,7616,34770,0,0,0,0,0,0,0,0,0,0,0,NA,NA,NA,NA
183,DPP4I main_SU main_Venous thromboembolism,JHM_OMOP_20230406,0,7300,19650,0,0,0,0,0,0,0,0,0,0,0,NA,NA,NA,NA
183,DPP4I main_SU main_Venous thromboembolism,TMUCRD_20210406,0,7245,52740,0,0,0,0,0,0,0,0,0,0,0,NA,NA,NA,NA
183,DPP4I main_SU main_Venous thromboembolism,CUIMC_20221214,0,7067,60920,0,0,0,0,0,0,0,0,0,0,0,NA,NA,NA,NA
183,DPP4I main_SU main_Venous thromboembolism,LPD_Spain_20220704,0,6161,19530,0,0,0,0,0,0,0,0,0,0,0,NA,NA,NA,NA
183,DPP4I main_SU main_Venous thromboembolism,IQVIA_Belgium_LPD_20221006,0,1773,5210,0,0,0,0,0,0,0,0,0,0,0,NA,NA,NA,NA
183,DPP4I main_SU main_Venous thromboembolism,Keck_Upgraded_OMOP_v5_NA,0,1700,9120,0,0,0,0,0,0,0,0,0,0,0,NA,NA,NA,NA
183,DPP4I main_SU main_Venous thromboembolism,Australia_EMR_20230317,0,586,4420,0,0,0,0,0,0,0,0,0,0,0,NA,NA,NA,NA
183,DPP4I main_SU main_Venous thromboembolism,Japan_HIS_20220120,0,449,11790,0,0,0,0,0,0,0,0,0,0,0,NA,NA,NA,NA
183,DPP4I main_SU main_Venous thromboembolism,RED_CDM_Tufts_20221005,0,113,1860,0,0,0,0,0,0,0,0,0,0,0,NA,NA,NA,NA
183,DPP4I main_SU main_Venous thromboembolism,premier_2326_20230125,1,6525,914680,0,0,0,0,0,1,0,0,0,0,0,NA,NA,NA,NA
183,DPP4I main_SU main_Venous thromboembolism,ktph_sg_NA,1,578,870,0,0,NA,0,0,0,0,0,0,0,0,NA,NA,NA,NA
183,DPP4I main_SU main_Venous thromboembolism,Klinicki_centar_Crne_Gore_20230101,2,0,0,0,0,0,0,0,0,0,1,0,0,0,NA,NA,NA,NA
183,DPP4I main_SU main_Venous thromboembolism,cdm_cds,2,0,0,0,0,0,0,0,0,0,0,1,0,0,NA,NA,NA,NA
183,DPP4I main_SU main_Venous thromboembolism,ccpp_v54_20210101,4,0,0,0,0,0,0,0,0,0,1,1,0,1,NA,NA,NA,NA
183,DPP4I main_SU main_Venous thromboembolism,HKU-THIN,5,0,-12724481,1,0,NA,0,0,0,0,1,0,1,1,NA,NA,NA,NA
183,DPP4I main_SU main_Venous thromboembolism,omop_20190828,NA,NA,900220,NA,0,NA,0,0,NA,0,NA,0,NA,NA,NA,NA,NA,NA
184,GLP1RA main_SGLT2I main_Venous thromboembolism,US_OPEN_CLAIMS_20230313,0,2797753,13190780,0,0,0,0,0,0,0,0,0,0,0,NA,NA,NA,NA
184,GLP1RA main_SGLT2I main_Venous thromboembolism,US_PharMetrics_Plus_20230330,0,603199,1606870,0,0,0,0,0,0,0,0,0,0,0,NA,NA,NA,NA
184,GLP1RA main_SGLT2I main_Venous thromboembolism,optum_extended_ses_2327_20230204,0,433598,953930,0,0,0,0,0,0,0,0,0,0,0,NA,NA,NA,NA
184,GLP1RA main_SGLT2I main_Venous thromboembolism,optum_extended_dod_2323_20230201,0,433595,953920,0,0,0,0,0,0,0,0,0,0,0,NA,NA,NA,NA
184,GLP1RA main_SGLT2I main_Venous thromboembolism,truven_ccae_2324_20230201,0,397219,936040,0,0,0,0,0,0,0,0,0,0,0,NA,NA,NA,NA
184,GLP1RA main_SGLT2I main_Venous thromboembolism,optum_ehr_2247_20221205,0,262584,913790,0,0,0,0,0,0,0,0,0,0,0,NA,NA,NA,NA
184,GLP1RA main_SGLT2I main_Venous thromboembolism,truven_mdcr_2322_20230127,0,120964,150100,0,0,0,0,0,0,0,0,0,0,0,NA,NA,NA,NA
184,GLP1RA main_SGLT2I main_Venous thromboembolism,pmtx_202203_20220831,0,108591,293530,0,0,0,0,0,0,0,0,0,0,0,NA,NA,NA,NA
184,GLP1RA main_SGLT2I main_Venous thromboembolism,VA-OMOP_20230411,0,74531,502090,0,0,0,0,0,0,0,0,0,0,0,NA,NA,NA,NA
184,GLP1RA main_SGLT2I main_Venous thromboembolism,truven_mdcd_2359_20230215,0,36976,171320,0,0,0,0,0,0,0,0,0,0,0,NA,NA,NA,NA
184,GLP1RA main_SGLT2I main_Venous thromboembolism,UK_IMRD_THIN_20221230,0,32984,61890,0,0,0,0,0,0,0,0,0,0,0,NA,NA,NA,NA
184,GLP1RA main_SGLT2I main_Venous thromboembolism,IQVIA_Germany_DA_20230124,0,25687,126110,0,0,0,0,0,0,0,0,0,0,0,NA,NA,NA,NA
184,GLP1RA main_SGLT2I main_Venous thromboembolism,jmdc_2325_20230126,0,15225,30460,0,0,0,0,0,0,0,0,0,0,0,NA,NA,NA,NA
184,GLP1RA main_SGLT2I main_Venous thromboembolism,UK_IMRD_EMIS_20230215,0,13027,29840,0,0,0,0,0,0,0,0,0,0,0,NA,NA,NA,NA
184,GLP1RA main_SGLT2I main_Venous thromboembolism,Japan_Claims_20230215,0,10987,31930,0,0,0,0,0,0,0,0,0,0,0,NA,NA,NA,NA
184,GLP1RA main_SGLT2I main_Venous thromboembolism,JHM_OMOP_20230406,0,7898,21260,0,0,0,0,0,0,0,0,0,0,0,NA,NA,NA,NA
184,GLP1RA main_SGLT2I main_Venous thromboembolism,LPD_Italy_20221226,0,7179,15830,0,0,0,0,0,0,0,0,0,0,0,NA,NA,NA,NA
184,GLP1RA main_SGLT2I main_Venous thromboembolism,France_LPD_20230118,0,5475,21290,0,0,0,0,0,0,0,0,0,0,0,NA,NA,NA,NA
184,GLP1RA main_SGLT2I main_Venous thromboembolism,CUIMC_20221214,0,4366,37640,0,0,0,0,0,0,0,0,0,0,0,NA,NA,NA,NA
184,GLP1RA main_SGLT2I main_Venous thromboembolism,LPD_Spain_20220704,0,3795,12030,0,0,0,0,0,0,0,0,0,0,0,NA,NA,NA,NA
184,GLP1RA main_SGLT2I main_Venous thromboembolism,US_Hospital_20230130,0,2639,14000,0,0,0,0,0,0,0,0,0,0,0,NA,NA,NA,NA
184,GLP1RA main_SGLT2I main_Venous thromboembolism,IQVIA_Belgium_LPD_20221006,0,2208,6490,0,0,0,0,0,0,0,0,0,0,0,NA,NA,NA,NA
184,GLP1RA main_SGLT2I main_Venous thromboembolism,Australia_EMR_20230317,0,835,6300,0,0,0,0,0,0,0,0,0,0,0,NA,NA,NA,NA
184,GLP1RA main_SGLT2I main_Venous thromboembolism,IQVIA_France_DA_20230201,0,728,3130,0,0,0,0,0,0,0,0,0,0,0,NA,NA,NA,NA
184,GLP1RA main_SGLT2I main_Venous thromboembolism,AUSOM_20220228,0,699,3190,0,0,0,0,0,0,0,0,0,0,0,NA,NA,NA,NA
184,GLP1RA main_SGLT2I main_Venous thromboembolism,TMUCRD_20210406,0,433,3150,0,0,0,0,0,0,0,0,0,0,0,NA,NA,NA,NA
184,GLP1RA main_SGLT2I main_Venous thromboembolism,Japan_HIS_20220120,0,108,2830,0,0,0,0,0,0,0,0,0,0,0,NA,NA,NA,NA
184,GLP1RA main_SGLT2I main_Venous thromboembolism,RED_CDM_Tufts_20221005,0,83,1360,0,0,0,0,0,0,0,0,0,0,0,NA,NA,NA,NA
184,GLP1RA main_SGLT2I main_Venous thromboembolism,Keck_Upgraded_OMOP_v5_NA,1,15,80,0,0,0,0,0,0,0,0,0,0,0,NA,NA,NA,NA
184,GLP1RA main_SGLT2I main_Venous thromboembolism,ktph_sg_NA,1,13,20,0,0,NA,0,0,0,0,0,0,0,0,NA,NA,NA,NA
184,GLP1RA main_SGLT2I main_Venous thromboembolism,Klinicki_centar_Crne_Gore_20230101,2,0,0,0,0,0,0,0,0,0,0,0,0,1,NA,NA,NA,NA
184,GLP1RA main_SGLT2I main_Venous thromboembolism,cdm_cds,2,0,0,0,0,0,0,0,0,0,0,1,0,0,NA,NA,NA,NA
184,GLP1RA main_SGLT2I main_Venous thromboembolism,ccpp_v54_20210101,4,0,0,0,0,0,0,0,0,0,1,1,0,1,NA,NA,NA,NA
184,GLP1RA main_SGLT2I main_Venous thromboembolism,premier_2326_20230125,4,0,0,0,0,0,0,0,1,0,1,0,0,1,NA,NA,NA,NA
184,GLP1RA main_SGLT2I main_Venous thromboembolism,HKU-THIN,5,0,-12724481,1,0,NA,0,0,0,0,1,0,1,1,NA,NA,NA,NA
184,GLP1RA main_SGLT2I main_Venous thromboembolism,omop_20190828,NA,NA,48480,NA,0,NA,0,0,NA,0,NA,0,NA,0,NA,NA,NA,NA
185,GLP1RA main_SU main_Venous thromboembolism,US_OPEN_CLAIMS_20230313,0,4114327,19398130,0,0,0,0,0,0,0,0,0,0,0,NA,NA,NA,NA
185,GLP1RA main_SU main_Venous thromboembolism,US_PharMetrics_Plus_20230330,0,845464,2252240,0,0,0,0,0,0,0,0,0,0,0,NA,NA,NA,NA
185,GLP1RA main_SU main_Venous thromboembolism,truven_ccae_2324_20230201,0,772045,1819310,0,0,0,0,0,0,0,0,0,0,0,NA,NA,NA,NA
185,GLP1RA main_SU main_Venous thromboembolism,optum_extended_dod_2323_20230201,0,652061,1434550,0,0,0,0,0,0,0,0,0,0,0,NA,NA,NA,NA
185,GLP1RA main_SU main_Venous thromboembolism,optum_extended_ses_2327_20230204,0,652050,1434530,0,0,0,0,0,0,0,0,0,0,0,NA,NA,NA,NA
185,GLP1RA main_SU main_Venous thromboembolism,optum_ehr_2247_20221205,0,381202,1326580,0,0,0,0,0,0,0,0,0,0,0,NA,NA,NA,NA
185,GLP1RA main_SU main_Venous thromboembolism,truven_mdcr_2322_20230127,0,193421,240010,0,0,0,0,0,0,0,0,0,0,0,NA,NA,NA,NA
185,GLP1RA main_SU main_Venous thromboembolism,pmtx_202203_20220831,0,145186,392450,0,0,0,0,0,0,0,0,0,0,0,NA,NA,NA,NA
185,GLP1RA main_SU main_Venous thromboembolism,VA-OMOP_20230411,0,74531,502090,0,0,0,0,0,0,0,0,0,0,0,NA,NA,NA,NA
185,GLP1RA main_SU main_Venous thromboembolism,truven_mdcd_2359_20230215,0,58097,269180,0,0,0,0,0,0,0,0,0,0,0,NA,NA,NA,NA
185,GLP1RA main_SU main_Venous thromboembolism,UK_IMRD_THIN_20221230,0,32984,61890,0,0,0,0,0,0,0,0,0,0,0,NA,NA,NA,NA
185,GLP1RA main_SU main_Venous thromboembolism,IQVIA_Germany_DA_20230124,0,25687,126110,0,0,0,0,0,0,0,0,0,0,0,NA,NA,NA,NA
185,GLP1RA main_SU main_Venous thromboembolism,France_LPD_20230118,0,17967,69870,0,0,0,0,0,0,0,0,0,0,0,NA,NA,NA,NA
185,GLP1RA main_SU main_Venous thromboembolism,jmdc_2325_20230126,0,15225,30460,0,0,0,0,0,0,0,0,0,0,0,NA,NA,NA,NA
185,GLP1RA main_SU main_Venous thromboembolism,UK_IMRD_EMIS_20230215,0,12232,28020,0,0,0,0,0,0,0,0,0,0,0,NA,NA,NA,NA
185,GLP1RA main_SU main_Venous thromboembolism,JHM_OMOP_20230406,0,11569,31140,0,0,0,0,0,0,0,0,0,0,0,NA,NA,NA,NA
185,GLP1RA main_SU main_Venous thromboembolism,Japan_Claims_20230215,0,10987,31930,0,0,0,0,0,0,0,0,0,0,0,NA,NA,NA,NA
185,GLP1RA main_SU main_Venous thromboembolism,LPD_Italy_20221226,0,8350,18410,0,0,0,0,0,0,0,0,0,0,0,NA,NA,NA,NA
185,GLP1RA main_SU main_Venous thromboembolism,CUIMC_20221214,0,6690,57670,0,0,0,0,0,0,0,0,0,0,0,NA,NA,NA,NA
185,GLP1RA main_SU main_Venous thromboembolism,IQVIA_France_DA_20230201,0,5799,24940,0,0,0,0,0,0,0,0,0,0,0,NA,NA,NA,NA
185,GLP1RA main_SU main_Venous thromboembolism,LPD_Spain_20220704,0,3795,12030,0,0,0,0,0,0,0,0,0,0,0,NA,NA,NA,NA
185,GLP1RA main_SU main_Venous thromboembolism,US_Hospital_20230130,0,2639,14000,0,0,0,0,0,0,0,0,0,0,0,NA,NA,NA,NA
185,GLP1RA main_SU main_Venous thromboembolism,IQVIA_Belgium_LPD_20221006,0,1773,5210,0,0,0,0,0,0,0,0,0,0,0,NA,NA,NA,NA
185,GLP1RA main_SU main_Venous thromboembolism,AUSOM_20220228,0,699,3190,0,0,0,0,0,0,0,0,0,0,0,NA,NA,NA,NA
185,GLP1RA main_SU main_Venous thromboembolism,Australia_EMR_20230317,0,586,4420,0,0,0,0,0,0,0,0,0,0,0,NA,NA,NA,NA
185,GLP1RA main_SU main_Venous thromboembolism,TMUCRD_20210406,0,433,3150,0,0,0,0,0,0,0,0,0,0,0,NA,NA,NA,NA
185,GLP1RA main_SU main_Venous thromboembolism,RED_CDM_Tufts_20221005,0,132,2180,0,0,0,0,0,0,0,0,0,0,0,NA,NA,NA,NA
185,GLP1RA main_SU main_Venous thromboembolism,Japan_HIS_20220120,0,108,2830,0,0,0,0,0,0,0,0,0,0,0,NA,NA,NA,NA
185,GLP1RA main_SU main_Venous thromboembolism,Keck_Upgraded_OMOP_v5_NA,1,15,80,0,0,0,0,0,0,0,0,0,0,0,NA,NA,NA,NA
185,GLP1RA main_SU main_Venous thromboembolism,ktph_sg_NA,1,13,20,0,0,NA,0,0,0,0,0,0,0,0,NA,NA,NA,NA
185,GLP1RA main_SU main_Venous thromboembolism,cdm_cds,2,0,0,0,0,0,0,0,0,0,0,1,0,0,NA,NA,NA,NA
185,GLP1RA main_SU main_Venous thromboembolism,Klinicki_centar_Crne_Gore_20230101,3,0,0,0,0,0,0,0,0,0,1,0,0,1,NA,NA,NA,NA
185,GLP1RA main_SU main_Venous thromboembolism,premier_2326_20230125,3,0,0,0,0,0,0,0,1,0,0,0,0,1,NA,NA,NA,NA
185,GLP1RA main_SU main_Venous thromboembolism,ccpp_v54_20210101,4,0,0,0,0,0,0,0,0,0,1,1,0,1,NA,NA,NA,NA
185,GLP1RA main_SU main_Venous thromboembolism,HKU-THIN,5,0,-12724481,1,0,NA,0,0,0,0,1,0,1,1,NA,NA,NA,NA
185,GLP1RA main_SU main_Venous thromboembolism,omop_20190828,NA,NA,48480,NA,0,NA,0,0,NA,0,NA,0,NA,0,NA,NA,NA,NA
186,SGLT2I main_SU main_Venous thromboembolism,US_OPEN_CLAIMS_20230313,0,2797753,13190780,0,0,0,0,0,0,0,0,0,0,0,NA,NA,NA,NA
186,SGLT2I main_SU main_Venous thromboembolism,US_PharMetrics_Plus_20230330,0,603199,1606870,0,0,0,0,0,0,0,0,0,0,0,NA,NA,NA,NA
186,SGLT2I main_SU main_Venous thromboembolism,optum_extended_ses_2327_20230204,0,433598,953930,0,0,0,0,0,0,0,0,0,0,0,NA,NA,NA,NA
186,SGLT2I main_SU main_Venous thromboembolism,optum_extended_dod_2323_20230201,0,433595,953920,0,0,0,0,0,0,0,0,0,0,0,NA,NA,NA,NA
186,SGLT2I main_SU main_Venous thromboembolism,truven_ccae_2324_20230201,0,397219,936040,0,0,0,0,0,0,0,0,0,0,0,NA,NA,NA,NA
186,SGLT2I main_SU main_Venous thromboembolism,optum_ehr_2247_20221205,0,262584,913790,0,0,0,0,0,0,0,0,0,0,0,NA,NA,NA,NA
186,SGLT2I main_SU main_Venous thromboembolism,truven_mdcr_2322_20230127,0,120964,150100,0,0,0,0,0,0,0,0,0,0,0,NA,NA,NA,NA
186,SGLT2I main_SU main_Venous thromboembolism,pmtx_202203_20220831,0,108591,293530,0,0,0,0,0,0,0,0,0,0,0,NA,NA,NA,NA
186,SGLT2I main_SU main_Venous thromboembolism,jmdc_2325_20230126,0,93462,186980,0,0,0,0,0,0,0,0,0,0,0,NA,NA,NA,NA
186,SGLT2I main_SU main_Venous thromboembolism,VA-OMOP_20230411,0,77503,522110,0,0,0,0,0,0,0,0,0,0,0,NA,NA,NA,NA
186,SGLT2I main_SU main_Venous thromboembolism,Japan_Claims_20230215,0,44250,128600,0,0,0,0,0,0,0,0,0,0,0,NA,NA,NA,NA
186,SGLT2I main_SU main_Venous thromboembolism,UK_IMRD_THIN_20221230,0,40675,76320,0,0,0,0,0,0,0,0,0,0,0,NA,NA,NA,NA
186,SGLT2I main_SU main_Venous thromboembolism,truven_mdcd_2359_20230215,0,36976,171320,0,0,0,0,0,0,0,0,0,0,0,NA,NA,NA,NA
186,SGLT2I main_SU main_Venous thromboembolism,IQVIA_Germany_DA_20230124,0,34376,168770,0,0,0,0,0,0,0,0,0,0,0,NA,NA,NA,NA
186,SGLT2I main_SU main_Venous thromboembolism,UK_IMRD_EMIS_20230215,0,12232,28020,0,0,0,0,0,0,0,0,0,0,0,NA,NA,NA,NA
186,SGLT2I main_SU main_Venous thromboembolism,JHM_OMOP_20230406,0,7898,21260,0,0,0,0,0,0,0,0,0,0,0,NA,NA,NA,NA
186,SGLT2I main_SU main_Venous thromboembolism,LPD_Italy_20221226,0,7179,15830,0,0,0,0,0,0,0,0,0,0,0,NA,NA,NA,NA
186,SGLT2I main_SU main_Venous thromboembolism,LPD_Spain_20220704,0,6161,19530,0,0,0,0,0,0,0,0,0,0,0,NA,NA,NA,NA
186,SGLT2I main_SU main_Venous thromboembolism,US_Hospital_20230130,0,5983,31740,0,0,0,0,0,0,0,0,0,0,0,NA,NA,NA,NA
186,SGLT2I main_SU main_Venous thromboembolism,France_LPD_20230118,0,5475,21290,0,0,0,0,0,0,0,0,0,0,0,NA,NA,NA,NA
186,SGLT2I main_SU main_Venous thromboembolism,CUIMC_20221214,0,4366,37640,0,0,0,0,0,0,0,0,0,0,0,NA,NA,NA,NA
186,SGLT2I main_SU main_Venous thromboembolism,IQVIA_Belgium_LPD_20221006,0,1773,5210,0,0,0,0,0,0,0,0,0,0,0,NA,NA,NA,NA
186,SGLT2I main_SU main_Venous thromboembolism,AUSOM_20220228,0,1500,6850,0,0,0,0,0,0,0,0,0,0,0,NA,NA,NA,NA
186,SGLT2I main_SU main_Venous thromboembolism,TMUCRD_20210406,0,1475,10740,0,0,0,0,0,0,0,0,0,0,0,NA,NA,NA,NA
186,SGLT2I main_SU main_Venous thromboembolism,IQVIA_France_DA_20230201,0,728,3130,0,0,0,0,0,0,0,0,0,0,0,NA,NA,NA,NA
186,SGLT2I main_SU main_Venous thromboembolism,Australia_EMR_20230317,0,586,4420,0,0,0,0,0,0,0,0,0,0,0,NA,NA,NA,NA
186,SGLT2I main_SU main_Venous thromboembolism,Japan_HIS_20220120,0,281,7370,0,0,0,0,0,0,0,0,0,0,0,NA,NA,NA,NA
186,SGLT2I main_SU main_Venous thromboembolism,RED_CDM_Tufts_20221005,0,83,1360,0,0,0,0,0,0,0,0,0,0,0,NA,NA,NA,NA
186,SGLT2I main_SU main_Venous thromboembolism,ktph_sg_NA,1,93,140,0,0,NA,0,0,0,0,0,0,0,0,NA,NA,NA,NA
186,SGLT2I main_SU main_Venous thromboembolism,Keck_Upgraded_OMOP_v5_NA,1,69,370,0,0,0,0,0,0,0,0,0,0,0,NA,NA,NA,NA
186,SGLT2I main_SU main_Venous thromboembolism,Klinicki_centar_Crne_Gore_20230101,2,0,0,0,0,0,0,0,0,0,1,0,0,0,NA,NA,NA,NA
186,SGLT2I main_SU main_Venous thromboembolism,cdm_cds,2,0,0,0,0,0,0,0,0,0,0,1,0,0,NA,NA,NA,NA
186,SGLT2I main_SU main_Venous thromboembolism,premier_2326_20230125,3,0,0,0,0,0,0,0,1,0,0,0,0,1,NA,NA,NA,NA
186,SGLT2I main_SU main_Venous thromboembolism,ccpp_v54_20210101,4,0,0,0,0,0,0,0,0,0,1,1,0,1,NA,NA,NA,NA
186,SGLT2I main_SU main_Venous thromboembolism,HKU-THIN,5,0,-12724481,1,0,NA,0,0,0,0,1,0,1,1,NA,NA,NA,NA
186,SGLT2I main_SU main_Venous thromboembolism,omop_20190828,NA,NA,900220,NA,0,NA,0,0,NA,0,NA,0,NA,NA,NA,NA,NA,NA
187,DPP4I main_GLP1RA main_Vomiting,US_OPEN_CLAIMS_20230313,0,2984398,14070770,0,0,0,0,0,0,0,0,0,0,0,NA,NA,NA,NA
187,DPP4I main_GLP1RA main_Vomiting,truven_ccae_2324_20230201,0,626883,1477240,0,0,0,0,0,0,0,0,0,0,0,NA,NA,NA,NA
187,DPP4I main_GLP1RA main_Vomiting,optum_extended_dod_2323_20230201,0,599920,1319840,0,0,0,0,0,0,0,0,0,0,0,NA,NA,NA,NA
187,DPP4I main_GLP1RA main_Vomiting,optum_extended_ses_2327_20230204,0,599919,1319840,0,0,0,0,0,0,0,0,0,0,0,NA,NA,NA,NA
187,DPP4I main_GLP1RA main_Vomiting,US_PharMetrics_Plus_20230330,0,546343,1455410,0,0,0,0,0,0,0,0,0,0,0,NA,NA,NA,NA
187,DPP4I main_GLP1RA main_Vomiting,optum_ehr_2247_20221205,0,381202,1326580,0,0,0,0,0,0,0,0,0,0,0,NA,NA,NA,NA
187,DPP4I main_GLP1RA main_Vomiting,truven_mdcr_2322_20230127,0,193421,240010,0,0,0,0,0,0,0,0,0,0,0,NA,NA,NA,NA
187,DPP4I main_GLP1RA main_Vomiting,pmtx_202203_20220831,0,113907,307900,0,0,0,0,0,0,0,0,0,0,0,NA,NA,NA,NA
187,DPP4I main_GLP1RA main_Vomiting,VA-OMOP_20230411,0,74531,502090,0,0,0,0,0,0,0,0,0,0,0,NA,NA,NA,NA
187,DPP4I main_GLP1RA main_Vomiting,truven_mdcd_2359_20230215,0,53891,249690,0,0,0,0,0,0,0,0,0,0,0,NA,NA,NA,NA
187,DPP4I main_GLP1RA main_Vomiting,UK_IMRD_THIN_20221230,0,32984,61890,0,0,0,0,0,0,0,0,0,0,0,NA,NA,NA,NA
187,DPP4I main_GLP1RA main_Vomiting,IQVIA_Germany_DA_20230124,0,25687,126110,0,0,0,0,0,0,0,0,0,0,0,NA,NA,NA,NA
187,DPP4I main_GLP1RA main_Vomiting,France_LPD_20230118,0,19374,75340,0,0,0,0,0,0,0,0,0,0,0,NA,NA,NA,NA
187,DPP4I main_GLP1RA main_Vomiting,jmdc_2325_20230126,0,15225,30460,0,0,0,0,0,0,0,0,0,0,0,NA,NA,NA,NA
187,DPP4I main_GLP1RA main_Vomiting,UK_IMRD_EMIS_20230215,0,13027,29840,0,0,0,0,0,0,0,0,0,0,0,NA,NA,NA,NA
187,DPP4I main_GLP1RA main_Vomiting,Japan_Claims_20230215,0,10987,31930,0,0,0,0,0,0,0,0,0,0,0,NA,NA,NA,NA
187,DPP4I main_GLP1RA main_Vomiting,LPD_Italy_20221226,0,8350,18410,0,0,0,0,0,0,0,0,0,0,0,NA,NA,NA,NA
187,DPP4I main_GLP1RA main_Vomiting,JHM_OMOP_20230406,0,7300,19650,0,0,0,0,0,0,0,0,0,0,0,NA,NA,NA,NA
187,DPP4I main_GLP1RA main_Vomiting,CUIMC_20221214,0,6690,57670,0,0,0,0,0,0,0,0,0,0,0,NA,NA,NA,NA
187,DPP4I main_GLP1RA main_Vomiting,IQVIA_France_DA_20230201,0,5799,24940,0,0,0,0,0,0,0,0,0,0,0,NA,NA,NA,NA
187,DPP4I main_GLP1RA main_Vomiting,LPD_Spain_20220704,0,3795,12030,0,0,0,0,0,0,0,0,0,0,0,NA,NA,NA,NA
187,DPP4I main_GLP1RA main_Vomiting,IQVIA_Belgium_LPD_20221006,0,2933,8620,0,0,0,0,0,0,0,0,0,0,0,NA,NA,NA,NA
187,DPP4I main_GLP1RA main_Vomiting,US_Hospital_20230130,0,2639,14000,0,0,0,0,0,0,0,0,0,0,0,NA,NA,NA,NA
187,DPP4I main_GLP1RA main_Vomiting,Australia_EMR_20230317,0,835,6300,0,0,0,0,0,0,0,0,0,0,0,NA,NA,NA,NA
187,DPP4I main_GLP1RA main_Vomiting,AUSOM_20220228,0,699,3190,0,0,0,0,0,0,0,0,0,0,0,NA,NA,NA,NA
187,DPP4I main_GLP1RA main_Vomiting,TMUCRD_20210406,0,433,3150,0,0,0,0,0,0,0,0,0,0,0,NA,NA,NA,NA
187,DPP4I main_GLP1RA main_Vomiting,RED_CDM_Tufts_20221005,0,113,1860,0,0,0,0,0,0,0,0,0,0,0,NA,NA,NA,NA
187,DPP4I main_GLP1RA main_Vomiting,Japan_HIS_20220120,0,108,2830,0,0,0,0,0,0,0,0,0,0,0,NA,NA,NA,NA
187,DPP4I main_GLP1RA main_Vomiting,Keck_Upgraded_OMOP_v5_NA,1,15,80,0,0,0,0,0,0,0,0,0,0,0,NA,NA,NA,NA
187,DPP4I main_GLP1RA main_Vomiting,ktph_sg_NA,1,13,20,0,0,NA,0,0,0,0,0,0,0,0,NA,NA,NA,NA
187,DPP4I main_GLP1RA main_Vomiting,Klinicki_centar_Crne_Gore_20230101,2,0,0,0,0,0,0,0,0,0,1,0,0,0,NA,NA,NA,NA
187,DPP4I main_GLP1RA main_Vomiting,cdm_cds,2,0,0,0,0,0,0,0,0,0,0,1,0,0,NA,NA,NA,NA
187,DPP4I main_GLP1RA main_Vomiting,premier_2326_20230125,3,0,0,0,0,0,0,0,1,0,1,0,0,0,NA,NA,NA,NA
187,DPP4I main_GLP1RA main_Vomiting,ccpp_v54_20210101,5,0,0,0,0,0,0,0,0,0,1,1,1,1,NA,NA,NA,NA
187,DPP4I main_GLP1RA main_Vomiting,HKU-THIN,5,0,-12724481,1,0,NA,0,0,0,0,1,0,1,1,NA,NA,NA,NA
187,DPP4I main_GLP1RA main_Vomiting,omop_20190828,NA,NA,48480,NA,0,NA,0,0,NA,0,0,0,NA,NA,NA,NA,NA,NA
188,DPP4I main_SGLT2I main_Vomiting,US_OPEN_CLAIMS_20230313,0,2797753,13190780,0,0,0,0,0,0,0,0,0,0,0,NA,NA,NA,NA
188,DPP4I main_SGLT2I main_Vomiting,US_PharMetrics_Plus_20230330,0,546343,1455410,0,0,0,0,0,0,0,0,0,0,0,NA,NA,NA,NA
188,DPP4I main_SGLT2I main_Vomiting,optum_extended_ses_2327_20230204,0,433598,953930,0,0,0,0,0,0,0,0,0,0,0,NA,NA,NA,NA
188,DPP4I main_SGLT2I main_Vomiting,optum_extended_dod_2323_20230201,0,433595,953920,0,0,0,0,0,0,0,0,0,0,0,NA,NA,NA,NA
188,DPP4I main_SGLT2I main_Vomiting,truven_ccae_2324_20230201,0,397219,936040,0,0,0,0,0,0,0,0,0,0,0,NA,NA,NA,NA
188,DPP4I main_SGLT2I main_Vomiting,optum_ehr_2247_20221205,0,262584,913790,0,0,0,0,0,0,0,0,0,0,0,NA,NA,NA,NA
188,DPP4I main_SGLT2I main_Vomiting,truven_mdcr_2322_20230127,0,120964,150100,0,0,0,0,0,0,0,0,0,0,0,NA,NA,NA,NA
188,DPP4I main_SGLT2I main_Vomiting,pmtx_202203_20220831,0,108591,293530,0,0,0,0,0,0,0,0,0,0,0,NA,NA,NA,NA
188,DPP4I main_SGLT2I main_Vomiting,jmdc_2325_20230126,0,97761,195580,0,0,0,0,0,0,0,0,0,0,0,NA,NA,NA,NA
188,DPP4I main_SGLT2I main_Vomiting,VA-OMOP_20230411,0,77503,522110,0,0,0,0,0,0,0,0,0,0,0,NA,NA,NA,NA
188,DPP4I main_SGLT2I main_Vomiting,Japan_Claims_20230215,0,44250,128600,0,0,0,0,0,0,0,0,0,0,0,NA,NA,NA,NA
188,DPP4I main_SGLT2I main_Vomiting,UK_IMRD_THIN_20221230,0,40675,76320,0,0,0,0,0,0,0,0,0,0,0,NA,NA,NA,NA
188,DPP4I main_SGLT2I main_Vomiting,truven_mdcd_2359_20230215,0,36976,171320,0,0,0,0,0,0,0,0,0,0,0,NA,NA,NA,NA
188,DPP4I main_SGLT2I main_Vomiting,IQVIA_Germany_DA_20230124,0,36211,177780,0,0,0,0,0,0,0,0,0,0,0,NA,NA,NA,NA
188,DPP4I main_SGLT2I main_Vomiting,UK_IMRD_EMIS_20230215,0,16790,38460,0,0,0,0,0,0,0,0,0,0,0,NA,NA,NA,NA
188,DPP4I main_SGLT2I main_Vomiting,LPD_Spain_20220704,0,10616,33650,0,0,0,0,0,0,0,0,0,0,0,NA,NA,NA,NA
188,DPP4I main_SGLT2I main_Vomiting,JHM_OMOP_20230406,0,7300,19650,0,0,0,0,0,0,0,0,0,0,0,NA,NA,NA,NA
188,DPP4I main_SGLT2I main_Vomiting,LPD_Italy_20221226,0,7179,15830,0,0,0,0,0,0,0,0,0,0,0,NA,NA,NA,NA
188,DPP4I main_SGLT2I main_Vomiting,US_Hospital_20230130,0,5983,31740,0,0,0,0,0,0,0,0,0,0,0,NA,NA,NA,NA
188,DPP4I main_SGLT2I main_Vomiting,France_LPD_20230118,0,5475,21290,0,0,0,0,0,0,0,0,0,0,0,NA,NA,NA,NA
188,DPP4I main_SGLT2I main_Vomiting,CUIMC_20221214,0,4366,37640,0,0,0,0,0,0,0,0,0,0,0,NA,NA,NA,NA
188,DPP4I main_SGLT2I main_Vomiting,Australia_EMR_20230317,0,2683,20240,0,0,0,0,0,0,0,0,0,0,0,NA,NA,NA,NA
188,DPP4I main_SGLT2I main_Vomiting,IQVIA_Belgium_LPD_20221006,0,2208,6490,0,0,0,0,0,0,0,0,0,0,0,NA,NA,NA,NA
188,DPP4I main_SGLT2I main_Vomiting,AUSOM_20220228,0,1500,6850,0,0,0,0,0,0,0,0,0,0,0,NA,NA,NA,NA
188,DPP4I main_SGLT2I main_Vomiting,TMUCRD_20210406,0,1475,10740,0,0,0,0,0,0,0,0,0,0,0,NA,NA,NA,NA
188,DPP4I main_SGLT2I main_Vomiting,IQVIA_France_DA_20230201,0,728,3130,0,0,0,0,0,0,0,0,0,0,0,NA,NA,NA,NA
188,DPP4I main_SGLT2I main_Vomiting,Japan_HIS_20220120,0,281,7370,0,0,0,0,0,0,0,0,0,0,0,NA,NA,NA,NA
188,DPP4I main_SGLT2I main_Vomiting,RED_CDM_Tufts_20221005,0,83,1360,0,0,0,0,0,0,0,0,0,0,0,NA,NA,NA,NA
188,DPP4I main_SGLT2I main_Vomiting,ktph_sg_NA,1,93,140,0,0,NA,0,0,0,0,0,0,0,0,NA,NA,NA,NA
188,DPP4I main_SGLT2I main_Vomiting,Keck_Upgraded_OMOP_v5_NA,1,69,370,0,0,0,0,0,0,0,0,0,0,0,NA,NA,NA,NA
188,DPP4I main_SGLT2I main_Vomiting,Klinicki_centar_Crne_Gore_20230101,1,10,50,0,0,0,0,0,0,0,0,0,0,0,NA,NA,NA,NA
188,DPP4I main_SGLT2I main_Vomiting,cdm_cds,2,0,0,0,0,0,0,0,0,0,0,1,0,0,NA,NA,NA,NA
188,DPP4I main_SGLT2I main_Vomiting,premier_2326_20230125,3,0,0,0,0,0,0,0,1,0,1,0,0,0,NA,NA,NA,NA
188,DPP4I main_SGLT2I main_Vomiting,ccpp_v54_20210101,5,0,0,0,0,0,0,0,0,0,1,1,1,1,NA,NA,NA,NA
188,DPP4I main_SGLT2I main_Vomiting,HKU-THIN,5,0,-12724481,1,0,NA,0,0,0,0,1,0,1,1,NA,NA,NA,NA
188,DPP4I main_SGLT2I main_Vomiting,omop_20190828,NA,NA,900220,NA,0,NA,0,0,NA,0,NA,0,NA,NA,NA,NA,NA,NA
189,DPP4I main_SU main_Vomiting,US_OPEN_CLAIMS_20230313,0,2984398,14070770,0,0,0,0,0,0,0,0,0,0,0,NA,NA,NA,NA
189,DPP4I main_SU main_Vomiting,truven_ccae_2324_20230201,0,626883,1477240,0,0,0,0,0,0,0,0,0,0,0,NA,NA,NA,NA
189,DPP4I main_SU main_Vomiting,optum_extended_dod_2323_20230201,0,599920,1319840,0,0,0,0,0,0,0,0,0,0,0,NA,NA,NA,NA
189,DPP4I main_SU main_Vomiting,optum_extended_ses_2327_20230204,0,599919,1319840,0,0,0,0,0,0,0,0,0,0,0,NA,NA,NA,NA
189,DPP4I main_SU main_Vomiting,US_PharMetrics_Plus_20230330,0,546343,1455410,0,0,0,0,0,0,0,0,0,0,0,NA,NA,NA,NA
189,DPP4I main_SU main_Vomiting,optum_ehr_2247_20221205,0,449949,1565820,0,0,0,0,0,0,0,0,0,0,0,NA,NA,NA,NA
189,DPP4I main_SU main_Vomiting,truven_mdcr_2322_20230127,0,388236,481750,0,0,0,0,0,0,0,0,0,0,0,NA,NA,NA,NA
189,DPP4I main_SU main_Vomiting,pmtx_202203_20220831,0,113907,307900,0,0,0,0,0,0,0,0,0,0,0,NA,NA,NA,NA
189,DPP4I main_SU main_Vomiting,jmdc_2325_20230126,0,93462,186980,0,0,0,0,0,0,0,0,0,0,0,NA,NA,NA,NA
189,DPP4I main_SU main_Vomiting,VA-OMOP_20230411,0,78282,527360,0,0,0,0,0,0,0,0,0,0,0,NA,NA,NA,NA
189,DPP4I main_SU main_Vomiting,Japan_Claims_20230215,0,63264,183860,0,0,0,0,0,0,0,0,0,0,0,NA,NA,NA,NA
189,DPP4I main_SU main_Vomiting,US_Hospital_20230130,0,62779,333060,0,0,0,0,0,0,0,0,0,0,0,NA,NA,NA,NA
189,DPP4I main_SU main_Vomiting,truven_mdcd_2359_20230215,0,53891,249690,0,0,0,0,0,0,0,0,0,0,0,NA,NA,NA,NA
189,DPP4I main_SU main_Vomiting,UK_IMRD_THIN_20221230,0,46223,86730,0,0,0,0,0,0,0,0,0,0,0,NA,NA,NA,NA
189,DPP4I main_SU main_Vomiting,IQVIA_Germany_DA_20230124,0,34376,168770,0,0,0,0,0,0,0,0,0,0,0,NA,NA,NA,NA
189,DPP4I main_SU main_Vomiting,France_LPD_20230118,0,17967,69870,0,0,0,0,0,0,0,0,0,0,0,NA,NA,NA,NA
189,DPP4I main_SU main_Vomiting,LPD_Italy_20221226,0,15674,34560,0,0,0,0,0,0,0,0,0,0,0,NA,NA,NA,NA
189,DPP4I main_SU main_Vomiting,UK_IMRD_EMIS_20230215,0,12232,28020,0,0,0,0,0,0,0,0,0,0,0,NA,NA,NA,NA
189,DPP4I main_SU main_Vomiting,IQVIA_France_DA_20230201,0,8245,35460,0,0,0,0,0,0,0,0,0,0,0,NA,NA,NA,NA
189,DPP4I main_SU main_Vomiting,AUSOM_20220228,0,7616,34770,0,0,0,0,0,0,0,0,0,0,0,NA,NA,NA,NA
189,DPP4I main_SU main_Vomiting,JHM_OMOP_20230406,0,7300,19650,0,0,0,0,0,0,0,0,0,0,0,NA,NA,NA,NA
189,DPP4I main_SU main_Vomiting,TMUCRD_20210406,0,7245,52740,0,0,0,0,0,0,0,0,0,0,0,NA,NA,NA,NA
189,DPP4I main_SU main_Vomiting,CUIMC_20221214,0,7067,60920,0,0,0,0,0,0,0,0,0,0,0,NA,NA,NA,NA
189,DPP4I main_SU main_Vomiting,LPD_Spain_20220704,0,6161,19530,0,0,0,0,0,0,0,0,0,0,0,NA,NA,NA,NA
189,DPP4I main_SU main_Vomiting,IQVIA_Belgium_LPD_20221006,0,1773,5210,0,0,0,0,0,0,0,0,0,0,0,NA,NA,NA,NA
189,DPP4I main_SU main_Vomiting,Keck_Upgraded_OMOP_v5_NA,0,1700,9120,0,0,0,0,0,0,0,0,0,0,0,NA,NA,NA,NA
189,DPP4I main_SU main_Vomiting,Australia_EMR_20230317,0,586,4420,0,0,0,0,0,0,0,0,0,0,0,NA,NA,NA,NA
189,DPP4I main_SU main_Vomiting,Japan_HIS_20220120,0,449,11790,0,0,0,0,0,0,0,0,0,0,0,NA,NA,NA,NA
189,DPP4I main_SU main_Vomiting,RED_CDM_Tufts_20221005,0,113,1860,0,0,0,0,0,0,0,0,0,0,0,NA,NA,NA,NA
189,DPP4I main_SU main_Vomiting,premier_2326_20230125,1,6525,914680,0,0,0,0,0,1,0,0,0,0,0,NA,NA,NA,NA
189,DPP4I main_SU main_Vomiting,ktph_sg_NA,1,578,870,0,0,NA,0,0,0,0,0,0,0,0,NA,NA,NA,NA
189,DPP4I main_SU main_Vomiting,Klinicki_centar_Crne_Gore_20230101,2,0,0,0,0,0,0,0,0,0,1,0,0,0,NA,NA,NA,NA
189,DPP4I main_SU main_Vomiting,cdm_cds,2,0,0,0,0,0,0,0,0,0,0,1,0,0,NA,NA,NA,NA
189,DPP4I main_SU main_Vomiting,ccpp_v54_20210101,5,0,0,0,0,0,0,0,0,0,1,1,1,1,NA,NA,NA,NA
189,DPP4I main_SU main_Vomiting,HKU-THIN,5,0,-12724481,1,0,NA,0,0,0,0,1,0,1,1,NA,NA,NA,NA
189,DPP4I main_SU main_Vomiting,omop_20190828,NA,NA,900220,NA,0,NA,0,0,NA,0,NA,0,NA,NA,NA,NA,NA,NA
190,GLP1RA main_SGLT2I main_Vomiting,US_OPEN_CLAIMS_20230313,0,2797753,13190780,0,0,0,0,0,0,0,0,0,0,0,NA,NA,NA,NA
190,GLP1RA main_SGLT2I main_Vomiting,US_PharMetrics_Plus_20230330,0,603199,1606870,0,0,0,0,0,0,0,0,0,0,0,NA,NA,NA,NA
190,GLP1RA main_SGLT2I main_Vomiting,optum_extended_ses_2327_20230204,0,433598,953930,0,0,0,0,0,0,0,0,0,0,0,NA,NA,NA,NA
190,GLP1RA main_SGLT2I main_Vomiting,optum_extended_dod_2323_20230201,0,433595,953920,0,0,0,0,0,0,0,0,0,0,0,NA,NA,NA,NA
190,GLP1RA main_SGLT2I main_Vomiting,truven_ccae_2324_20230201,0,397219,936040,0,0,0,0,0,0,0,0,0,0,0,NA,NA,NA,NA
190,GLP1RA main_SGLT2I main_Vomiting,optum_ehr_2247_20221205,0,262584,913790,0,0,0,0,0,0,0,0,0,0,0,NA,NA,NA,NA
190,GLP1RA main_SGLT2I main_Vomiting,truven_mdcr_2322_20230127,0,120964,150100,0,0,0,0,0,0,0,0,0,0,0,NA,NA,NA,NA
190,GLP1RA main_SGLT2I main_Vomiting,pmtx_202203_20220831,0,108591,293530,0,0,0,0,0,0,0,0,0,0,0,NA,NA,NA,NA
190,GLP1RA main_SGLT2I main_Vomiting,VA-OMOP_20230411,0,74531,502090,0,0,0,0,0,0,0,0,0,0,0,NA,NA,NA,NA
190,GLP1RA main_SGLT2I main_Vomiting,truven_mdcd_2359_20230215,0,36976,171320,0,0,0,0,0,0,0,0,0,0,0,NA,NA,NA,NA
190,GLP1RA main_SGLT2I main_Vomiting,UK_IMRD_THIN_20221230,0,32984,61890,0,0,0,0,0,0,0,0,0,0,0,NA,NA,NA,NA
190,GLP1RA main_SGLT2I main_Vomiting,IQVIA_Germany_DA_20230124,0,25687,126110,0,0,0,0,0,0,0,0,0,0,0,NA,NA,NA,NA
190,GLP1RA main_SGLT2I main_Vomiting,jmdc_2325_20230126,0,15225,30460,0,0,0,0,0,0,0,0,0,0,0,NA,NA,NA,NA
190,GLP1RA main_SGLT2I main_Vomiting,UK_IMRD_EMIS_20230215,0,13027,29840,0,0,0,0,0,0,0,0,0,0,0,NA,NA,NA,NA
190,GLP1RA main_SGLT2I main_Vomiting,Japan_Claims_20230215,0,10987,31930,0,0,0,0,0,0,0,0,0,0,0,NA,NA,NA,NA
190,GLP1RA main_SGLT2I main_Vomiting,JHM_OMOP_20230406,0,7898,21260,0,0,0,0,0,0,0,0,0,0,0,NA,NA,NA,NA
190,GLP1RA main_SGLT2I main_Vomiting,LPD_Italy_20221226,0,7179,15830,0,0,0,0,0,0,0,0,0,0,0,NA,NA,NA,NA
190,GLP1RA main_SGLT2I main_Vomiting,France_LPD_20230118,0,5475,21290,0,0,0,0,0,0,0,0,0,0,0,NA,NA,NA,NA
190,GLP1RA main_SGLT2I main_Vomiting,CUIMC_20221214,0,4366,37640,0,0,0,0,0,0,0,0,0,0,0,NA,NA,NA,NA
190,GLP1RA main_SGLT2I main_Vomiting,LPD_Spain_20220704,0,3795,12030,0,0,0,0,0,0,0,0,0,0,0,NA,NA,NA,NA
190,GLP1RA main_SGLT2I main_Vomiting,US_Hospital_20230130,0,2639,14000,0,0,0,0,0,0,0,0,0,0,0,NA,NA,NA,NA
190,GLP1RA main_SGLT2I main_Vomiting,IQVIA_Belgium_LPD_20221006,0,2208,6490,0,0,0,0,0,0,0,0,0,0,0,NA,NA,NA,NA
190,GLP1RA main_SGLT2I main_Vomiting,Australia_EMR_20230317,0,835,6300,0,0,0,0,0,0,0,0,0,0,0,NA,NA,NA,NA
190,GLP1RA main_SGLT2I main_Vomiting,IQVIA_France_DA_20230201,0,728,3130,0,0,0,0,0,0,0,0,0,0,0,NA,NA,NA,NA
190,GLP1RA main_SGLT2I main_Vomiting,AUSOM_20220228,0,699,3190,0,0,0,0,0,0,0,0,0,0,0,NA,NA,NA,NA
190,GLP1RA main_SGLT2I main_Vomiting,TMUCRD_20210406,0,433,3150,0,0,0,0,0,0,0,0,0,0,0,NA,NA,NA,NA
190,GLP1RA main_SGLT2I main_Vomiting,Japan_HIS_20220120,0,108,2830,0,0,0,0,0,0,0,0,0,0,0,NA,NA,NA,NA
190,GLP1RA main_SGLT2I main_Vomiting,RED_CDM_Tufts_20221005,0,83,1360,0,0,0,0,0,0,0,0,0,0,0,NA,NA,NA,NA
190,GLP1RA main_SGLT2I main_Vomiting,Keck_Upgraded_OMOP_v5_NA,1,15,80,0,0,0,0,0,0,0,0,0,0,0,NA,NA,NA,NA
190,GLP1RA main_SGLT2I main_Vomiting,ktph_sg_NA,1,13,20,0,0,NA,0,0,0,0,0,0,0,0,NA,NA,NA,NA
190,GLP1RA main_SGLT2I main_Vomiting,Klinicki_centar_Crne_Gore_20230101,2,0,0,0,0,0,0,0,0,0,0,0,0,1,NA,NA,NA,NA
190,GLP1RA main_SGLT2I main_Vomiting,cdm_cds,2,0,0,0,0,0,0,0,0,0,0,1,0,0,NA,NA,NA,NA
190,GLP1RA main_SGLT2I main_Vomiting,premier_2326_20230125,4,0,0,0,0,0,0,0,1,0,1,0,0,1,NA,NA,NA,NA
190,GLP1RA main_SGLT2I main_Vomiting,ccpp_v54_20210101,5,0,0,0,0,0,0,0,0,0,1,1,1,1,NA,NA,NA,NA
190,GLP1RA main_SGLT2I main_Vomiting,HKU-THIN,5,0,-12724481,1,0,NA,0,0,0,0,1,0,1,1,NA,NA,NA,NA
190,GLP1RA main_SGLT2I main_Vomiting,omop_20190828,NA,NA,48480,NA,0,NA,0,0,NA,0,NA,0,NA,0,NA,NA,NA,NA
191,GLP1RA main_SU main_Vomiting,US_OPEN_CLAIMS_20230313,0,4114327,19398130,0,0,0,0,0,0,0,0,0,0,0,NA,NA,NA,NA
191,GLP1RA main_SU main_Vomiting,US_PharMetrics_Plus_20230330,0,845464,2252240,0,0,0,0,0,0,0,0,0,0,0,NA,NA,NA,NA
191,GLP1RA main_SU main_Vomiting,truven_ccae_2324_20230201,0,772045,1819310,0,0,0,0,0,0,0,0,0,0,0,NA,NA,NA,NA
191,GLP1RA main_SU main_Vomiting,optum_extended_dod_2323_20230201,0,652061,1434550,0,0,0,0,0,0,0,0,0,0,0,NA,NA,NA,NA
191,GLP1RA main_SU main_Vomiting,optum_extended_ses_2327_20230204,0,652050,1434530,0,0,0,0,0,0,0,0,0,0,0,NA,NA,NA,NA
191,GLP1RA main_SU main_Vomiting,optum_ehr_2247_20221205,0,381202,1326580,0,0,0,0,0,0,0,0,0,0,0,NA,NA,NA,NA
191,GLP1RA main_SU main_Vomiting,truven_mdcr_2322_20230127,0,193421,240010,0,0,0,0,0,0,0,0,0,0,0,NA,NA,NA,NA
191,GLP1RA main_SU main_Vomiting,pmtx_202203_20220831,0,145186,392450,0,0,0,0,0,0,0,0,0,0,0,NA,NA,NA,NA
191,GLP1RA main_SU main_Vomiting,VA-OMOP_20230411,0,74531,502090,0,0,0,0,0,0,0,0,0,0,0,NA,NA,NA,NA
191,GLP1RA main_SU main_Vomiting,truven_mdcd_2359_20230215,0,58097,269180,0,0,0,0,0,0,0,0,0,0,0,NA,NA,NA,NA
191,GLP1RA main_SU main_Vomiting,UK_IMRD_THIN_20221230,0,32984,61890,0,0,0,0,0,0,0,0,0,0,0,NA,NA,NA,NA
191,GLP1RA main_SU main_Vomiting,IQVIA_Germany_DA_20230124,0,25687,126110,0,0,0,0,0,0,0,0,0,0,0,NA,NA,NA,NA
191,GLP1RA main_SU main_Vomiting,France_LPD_20230118,0,17967,69870,0,0,0,0,0,0,0,0,0,0,0,NA,NA,NA,NA
191,GLP1RA main_SU main_Vomiting,jmdc_2325_20230126,0,15225,30460,0,0,0,0,0,0,0,0,0,0,0,NA,NA,NA,NA
191,GLP1RA main_SU main_Vomiting,UK_IMRD_EMIS_20230215,0,12232,28020,0,0,0,0,0,0,0,0,0,0,0,NA,NA,NA,NA
191,GLP1RA main_SU main_Vomiting,JHM_OMOP_20230406,0,11569,31140,0,0,0,0,0,0,0,0,0,0,0,NA,NA,NA,NA
191,GLP1RA main_SU main_Vomiting,Japan_Claims_20230215,0,10987,31930,0,0,0,0,0,0,0,0,0,0,0,NA,NA,NA,NA
191,GLP1RA main_SU main_Vomiting,LPD_Italy_20221226,0,8350,18410,0,0,0,0,0,0,0,0,0,0,0,NA,NA,NA,NA
191,GLP1RA main_SU main_Vomiting,CUIMC_20221214,0,6690,57670,0,0,0,0,0,0,0,0,0,0,0,NA,NA,NA,NA
191,GLP1RA main_SU main_Vomiting,IQVIA_France_DA_20230201,0,5799,24940,0,0,0,0,0,0,0,0,0,0,0,NA,NA,NA,NA
191,GLP1RA main_SU main_Vomiting,LPD_Spain_20220704,0,3795,12030,0,0,0,0,0,0,0,0,0,0,0,NA,NA,NA,NA
191,GLP1RA main_SU main_Vomiting,US_Hospital_20230130,0,2639,14000,0,0,0,0,0,0,0,0,0,0,0,NA,NA,NA,NA
191,GLP1RA main_SU main_Vomiting,IQVIA_Belgium_LPD_20221006,0,1773,5210,0,0,0,0,0,0,0,0,0,0,0,NA,NA,NA,NA
191,GLP1RA main_SU main_Vomiting,AUSOM_20220228,0,699,3190,0,0,0,0,0,0,0,0,0,0,0,NA,NA,NA,NA
191,GLP1RA main_SU main_Vomiting,Australia_EMR_20230317,0,586,4420,0,0,0,0,0,0,0,0,0,0,0,NA,NA,NA,NA
191,GLP1RA main_SU main_Vomiting,TMUCRD_20210406,0,433,3150,0,0,0,0,0,0,0,0,0,0,0,NA,NA,NA,NA
191,GLP1RA main_SU main_Vomiting,RED_CDM_Tufts_20221005,0,132,2180,0,0,0,0,0,0,0,0,0,0,0,NA,NA,NA,NA
191,GLP1RA main_SU main_Vomiting,Japan_HIS_20220120,0,108,2830,0,0,0,0,0,0,0,0,0,0,0,NA,NA,NA,NA
191,GLP1RA main_SU main_Vomiting,Keck_Upgraded_OMOP_v5_NA,1,15,80,0,0,0,0,0,0,0,0,0,0,0,NA,NA,NA,NA
191,GLP1RA main_SU main_Vomiting,ktph_sg_NA,1,13,20,0,0,NA,0,0,0,0,0,0,0,0,NA,NA,NA,NA
191,GLP1RA main_SU main_Vomiting,cdm_cds,2,0,0,0,0,0,0,0,0,0,0,1,0,0,NA,NA,NA,NA
191,GLP1RA main_SU main_Vomiting,Klinicki_centar_Crne_Gore_20230101,3,0,0,0,0,0,0,0,0,0,1,0,0,1,NA,NA,NA,NA
191,GLP1RA main_SU main_Vomiting,premier_2326_20230125,3,0,0,0,0,0,0,0,1,0,0,0,0,1,NA,NA,NA,NA
191,GLP1RA main_SU main_Vomiting,ccpp_v54_20210101,5,0,0,0,0,0,0,0,0,0,1,1,1,1,NA,NA,NA,NA
191,GLP1RA main_SU main_Vomiting,HKU-THIN,5,0,-12724481,1,0,NA,0,0,0,0,1,0,1,1,NA,NA,NA,NA
191,GLP1RA main_SU main_Vomiting,omop_20190828,NA,NA,48480,NA,0,NA,0,0,NA,0,NA,0,NA,0,NA,NA,NA,NA
192,SGLT2I main_SU main_Vomiting,US_OPEN_CLAIMS_20230313,0,2797753,13190780,0,0,0,0,0,0,0,0,0,0,0,NA,NA,NA,NA
192,SGLT2I main_SU main_Vomiting,US_PharMetrics_Plus_20230330,0,603199,1606870,0,0,0,0,0,0,0,0,0,0,0,NA,NA,NA,NA
192,SGLT2I main_SU main_Vomiting,optum_extended_ses_2327_20230204,0,433598,953930,0,0,0,0,0,0,0,0,0,0,0,NA,NA,NA,NA
192,SGLT2I main_SU main_Vomiting,optum_extended_dod_2323_20230201,0,433595,953920,0,0,0,0,0,0,0,0,0,0,0,NA,NA,NA,NA
192,SGLT2I main_SU main_Vomiting,truven_ccae_2324_20230201,0,397219,936040,0,0,0,0,0,0,0,0,0,0,0,NA,NA,NA,NA
192,SGLT2I main_SU main_Vomiting,optum_ehr_2247_20221205,0,262584,913790,0,0,0,0,0,0,0,0,0,0,0,NA,NA,NA,NA
192,SGLT2I main_SU main_Vomiting,truven_mdcr_2322_20230127,0,120964,150100,0,0,0,0,0,0,0,0,0,0,0,NA,NA,NA,NA
192,SGLT2I main_SU main_Vomiting,pmtx_202203_20220831,0,108591,293530,0,0,0,0,0,0,0,0,0,0,0,NA,NA,NA,NA
192,SGLT2I main_SU main_Vomiting,jmdc_2325_20230126,0,93462,186980,0,0,0,0,0,0,0,0,0,0,0,NA,NA,NA,NA
192,SGLT2I main_SU main_Vomiting,VA-OMOP_20230411,0,77503,522110,0,0,0,0,0,0,0,0,0,0,0,NA,NA,NA,NA
192,SGLT2I main_SU main_Vomiting,Japan_Claims_20230215,0,44250,128600,0,0,0,0,0,0,0,0,0,0,0,NA,NA,NA,NA
192,SGLT2I main_SU main_Vomiting,UK_IMRD_THIN_20221230,0,40675,76320,0,0,0,0,0,0,0,0,0,0,0,NA,NA,NA,NA
192,SGLT2I main_SU main_Vomiting,truven_mdcd_2359_20230215,0,36976,171320,0,0,0,0,0,0,0,0,0,0,0,NA,NA,NA,NA
192,SGLT2I main_SU main_Vomiting,IQVIA_Germany_DA_20230124,0,34376,168770,0,0,0,0,0,0,0,0,0,0,0,NA,NA,NA,NA
192,SGLT2I main_SU main_Vomiting,UK_IMRD_EMIS_20230215,0,12232,28020,0,0,0,0,0,0,0,0,0,0,0,NA,NA,NA,NA
192,SGLT2I main_SU main_Vomiting,JHM_OMOP_20230406,0,7898,21260,0,0,0,0,0,0,0,0,0,0,0,NA,NA,NA,NA
192,SGLT2I main_SU main_Vomiting,LPD_Italy_20221226,0,7179,15830,0,0,0,0,0,0,0,0,0,0,0,NA,NA,NA,NA
192,SGLT2I main_SU main_Vomiting,LPD_Spain_20220704,0,6161,19530,0,0,0,0,0,0,0,0,0,0,0,NA,NA,NA,NA
192,SGLT2I main_SU main_Vomiting,US_Hospital_20230130,0,5983,31740,0,0,0,0,0,0,0,0,0,0,0,NA,NA,NA,NA
192,SGLT2I main_SU main_Vomiting,France_LPD_20230118,0,5475,21290,0,0,0,0,0,0,0,0,0,0,0,NA,NA,NA,NA
192,SGLT2I main_SU main_Vomiting,CUIMC_20221214,0,4366,37640,0,0,0,0,0,0,0,0,0,0,0,NA,NA,NA,NA
192,SGLT2I main_SU main_Vomiting,IQVIA_Belgium_LPD_20221006,0,1773,5210,0,0,0,0,0,0,0,0,0,0,0,NA,NA,NA,NA
192,SGLT2I main_SU main_Vomiting,AUSOM_20220228,0,1500,6850,0,0,0,0,0,0,0,0,0,0,0,NA,NA,NA,NA
192,SGLT2I main_SU main_Vomiting,TMUCRD_20210406,0,1475,10740,0,0,0,0,0,0,0,0,0,0,0,NA,NA,NA,NA
192,SGLT2I main_SU main_Vomiting,IQVIA_France_DA_20230201,0,728,3130,0,0,0,0,0,0,0,0,0,0,0,NA,NA,NA,NA
192,SGLT2I main_SU main_Vomiting,Australia_EMR_20230317,0,586,4420,0,0,0,0,0,0,0,0,0,0,0,NA,NA,NA,NA
192,SGLT2I main_SU main_Vomiting,Japan_HIS_20220120,0,281,7370,0,0,0,0,0,0,0,0,0,0,0,NA,NA,NA,NA
192,SGLT2I main_SU main_Vomiting,RED_CDM_Tufts_20221005,0,83,1360,0,0,0,0,0,0,0,0,0,0,0,NA,NA,NA,NA
192,SGLT2I main_SU main_Vomiting,ktph_sg_NA,1,93,140,0,0,NA,0,0,0,0,0,0,0,0,NA,NA,NA,NA
192,SGLT2I main_SU main_Vomiting,Keck_Upgraded_OMOP_v5_NA,1,69,370,0,0,0,0,0,0,0,0,0,0,0,NA,NA,NA,NA
192,SGLT2I main_SU main_Vomiting,Klinicki_centar_Crne_Gore_20230101,2,0,0,0,0,0,0,0,0,0,1,0,0,0,NA,NA,NA,NA
192,SGLT2I main_SU main_Vomiting,cdm_cds,2,0,0,0,0,0,0,0,0,0,0,1,0,0,NA,NA,NA,NA
192,SGLT2I main_SU main_Vomiting,premier_2326_20230125,3,0,0,0,0,0,0,0,1,0,0,0,0,1,NA,NA,NA,NA
192,SGLT2I main_SU main_Vomiting,ccpp_v54_20210101,5,0,0,0,0,0,0,0,0,0,1,1,1,1,NA,NA,NA,NA
192,SGLT2I main_SU main_Vomiting,HKU-THIN,5,0,-12724481,1,0,NA,0,0,0,0,1,0,1,1,NA,NA,NA,NA
192,SGLT2I main_SU main_Vomiting,omop_20190828,NA,NA,900220,NA,0,NA,0,0,NA,0,NA,0,NA,NA,NA,NA,NA,NA
193,DPP4I main_GLP1RA main_Malignant thyroid tumor,US_OPEN_CLAIMS_20230313,0,2984398,14070770,0,0,0,0,0,0,0,0,0,0,0,NA,NA,NA,NA
193,DPP4I main_GLP1RA main_Malignant thyroid tumor,truven_ccae_2324_20230201,0,626883,1477240,0,0,0,0,0,0,0,0,0,0,0,NA,NA,NA,NA
193,DPP4I main_GLP1RA main_Malignant thyroid tumor,optum_extended_dod_2323_20230201,0,599920,1319840,0,0,0,0,0,0,0,0,0,0,0,NA,NA,NA,NA
193,DPP4I main_GLP1RA main_Malignant thyroid tumor,optum_extended_ses_2327_20230204,0,599919,1319840,0,0,0,0,0,0,0,0,0,0,0,NA,NA,NA,NA
193,DPP4I main_GLP1RA main_Malignant thyroid tumor,US_PharMetrics_Plus_20230330,0,546343,1455410,0,0,0,0,0,0,0,0,0,0,0,NA,NA,NA,NA
193,DPP4I main_GLP1RA main_Malignant thyroid tumor,optum_ehr_2247_20221205,0,381202,1326580,0,0,0,0,0,0,0,0,0,0,0,NA,NA,NA,NA
193,DPP4I main_GLP1RA main_Malignant thyroid tumor,truven_mdcr_2322_20230127,0,193421,240010,0,0,0,0,0,0,0,0,0,0,0,NA,NA,NA,NA
193,DPP4I main_GLP1RA main_Malignant thyroid tumor,pmtx_202203_20220831,0,113907,307900,0,0,0,0,0,0,0,0,0,0,0,NA,NA,NA,NA
193,DPP4I main_GLP1RA main_Malignant thyroid tumor,VA-OMOP_20230411,0,74531,502090,0,0,0,0,0,0,0,0,0,0,0,NA,NA,NA,NA
193,DPP4I main_GLP1RA main_Malignant thyroid tumor,truven_mdcd_2359_20230215,0,53891,249690,0,0,0,0,0,0,0,0,0,0,0,NA,NA,NA,NA
193,DPP4I main_GLP1RA main_Malignant thyroid tumor,UK_IMRD_THIN_20221230,0,32984,61890,0,0,0,0,0,0,0,0,0,0,0,NA,NA,NA,NA
193,DPP4I main_GLP1RA main_Malignant thyroid tumor,IQVIA_Germany_DA_20230124,0,25687,126110,0,0,0,0,0,0,0,0,0,0,0,NA,NA,NA,NA
193,DPP4I main_GLP1RA main_Malignant thyroid tumor,France_LPD_20230118,0,19374,75340,0,0,0,0,0,0,0,0,0,0,0,NA,NA,NA,NA
193,DPP4I main_GLP1RA main_Malignant thyroid tumor,jmdc_2325_20230126,0,15225,30460,0,0,0,0,0,0,0,0,0,0,0,NA,NA,NA,NA
193,DPP4I main_GLP1RA main_Malignant thyroid tumor,UK_IMRD_EMIS_20230215,0,13027,29840,0,0,0,0,0,0,0,0,0,0,0,NA,NA,NA,NA
193,DPP4I main_GLP1RA main_Malignant thyroid tumor,Japan_Claims_20230215,0,10987,31930,0,0,0,0,0,0,0,0,0,0,0,NA,NA,NA,NA
193,DPP4I main_GLP1RA main_Malignant thyroid tumor,LPD_Italy_20221226,0,8350,18410,0,0,0,0,0,0,0,0,0,0,0,NA,NA,NA,NA
193,DPP4I main_GLP1RA main_Malignant thyroid tumor,JHM_OMOP_20230406,0,7300,19650,0,0,0,0,0,0,0,0,0,0,0,NA,NA,NA,NA
193,DPP4I main_GLP1RA main_Malignant thyroid tumor,CUIMC_20221214,0,6690,57670,0,0,0,0,0,0,0,0,0,0,0,NA,NA,NA,NA
193,DPP4I main_GLP1RA main_Malignant thyroid tumor,IQVIA_France_DA_20230201,0,5799,24940,0,0,0,0,0,0,0,0,0,0,0,NA,NA,NA,NA
193,DPP4I main_GLP1RA main_Malignant thyroid tumor,LPD_Spain_20220704,0,3795,12030,0,0,0,0,0,0,0,0,0,0,0,NA,NA,NA,NA
193,DPP4I main_GLP1RA main_Malignant thyroid tumor,IQVIA_Belgium_LPD_20221006,0,2933,8620,0,0,0,0,0,0,0,0,0,0,0,NA,NA,NA,NA
193,DPP4I main_GLP1RA main_Malignant thyroid tumor,US_Hospital_20230130,0,2639,14000,0,0,0,0,0,0,0,0,0,0,0,NA,NA,NA,NA
193,DPP4I main_GLP1RA main_Malignant thyroid tumor,Australia_EMR_20230317,0,835,6300,0,0,0,0,0,0,0,0,0,0,0,NA,NA,NA,NA
193,DPP4I main_GLP1RA main_Malignant thyroid tumor,AUSOM_20220228,0,699,3190,0,0,0,0,0,0,0,0,0,0,0,NA,NA,NA,NA
193,DPP4I main_GLP1RA main_Malignant thyroid tumor,TMUCRD_20210406,0,433,3150,0,0,0,0,0,0,0,0,0,0,0,NA,NA,NA,NA
193,DPP4I main_GLP1RA main_Malignant thyroid tumor,RED_CDM_Tufts_20221005,0,113,1860,0,0,0,0,0,0,0,0,0,0,0,NA,NA,NA,NA
193,DPP4I main_GLP1RA main_Malignant thyroid tumor,Japan_HIS_20220120,0,108,2830,0,0,0,0,0,0,0,0,0,0,0,NA,NA,NA,NA
193,DPP4I main_GLP1RA main_Malignant thyroid tumor,Keck_Upgraded_OMOP_v5_NA,1,15,80,0,0,0,0,0,0,0,0,0,0,0,NA,NA,NA,NA
193,DPP4I main_GLP1RA main_Malignant thyroid tumor,ktph_sg_NA,2,13,20,0,0,NA,0,0,0,0,0,0,1,0,NA,NA,NA,NA
193,DPP4I main_GLP1RA main_Malignant thyroid tumor,Klinicki_centar_Crne_Gore_20230101,2,0,0,0,0,0,0,0,0,0,1,0,0,0,NA,NA,NA,NA
193,DPP4I main_GLP1RA main_Malignant thyroid tumor,cdm_cds,2,0,0,0,0,0,0,0,0,0,0,1,0,0,NA,NA,NA,NA
193,DPP4I main_GLP1RA main_Malignant thyroid tumor,premier_2326_20230125,3,0,0,0,0,0,0,0,1,0,1,0,0,0,NA,NA,NA,NA
193,DPP4I main_GLP1RA main_Malignant thyroid tumor,ccpp_v54_20210101,5,0,0,0,0,0,0,0,0,0,1,1,1,1,NA,NA,NA,NA
193,DPP4I main_GLP1RA main_Malignant thyroid tumor,HKU-THIN,5,0,-12724481,1,0,NA,0,0,0,0,1,0,1,1,NA,NA,NA,NA
193,DPP4I main_GLP1RA main_Malignant thyroid tumor,omop_20190828,NA,NA,48480,NA,0,NA,0,0,NA,0,0,0,NA,NA,NA,NA,NA,NA
194,DPP4I main_SGLT2I main_Malignant thyroid tumor,US_OPEN_CLAIMS_20230313,0,2797753,13190780,0,0,0,0,0,0,0,0,0,0,0,NA,NA,NA,NA
194,DPP4I main_SGLT2I main_Malignant thyroid tumor,US_PharMetrics_Plus_20230330,0,546343,1455410,0,0,0,0,0,0,0,0,0,0,0,NA,NA,NA,NA
194,DPP4I main_SGLT2I main_Malignant thyroid tumor,optum_extended_ses_2327_20230204,0,433598,953930,0,0,0,0,0,0,0,0,0,0,0,NA,NA,NA,NA
194,DPP4I main_SGLT2I main_Malignant thyroid tumor,optum_extended_dod_2323_20230201,0,433595,953920,0,0,0,0,0,0,0,0,0,0,0,NA,NA,NA,NA
194,DPP4I main_SGLT2I main_Malignant thyroid tumor,truven_ccae_2324_20230201,0,397219,936040,0,0,0,0,0,0,0,0,0,0,0,NA,NA,NA,NA
194,DPP4I main_SGLT2I main_Malignant thyroid tumor,optum_ehr_2247_20221205,0,262584,913790,0,0,0,0,0,0,0,0,0,0,0,NA,NA,NA,NA
194,DPP4I main_SGLT2I main_Malignant thyroid tumor,truven_mdcr_2322_20230127,0,120964,150100,0,0,0,0,0,0,0,0,0,0,0,NA,NA,NA,NA
194,DPP4I main_SGLT2I main_Malignant thyroid tumor,pmtx_202203_20220831,0,108591,293530,0,0,0,0,0,0,0,0,0,0,0,NA,NA,NA,NA
194,DPP4I main_SGLT2I main_Malignant thyroid tumor,jmdc_2325_20230126,0,97761,195580,0,0,0,0,0,0,0,0,0,0,0,NA,NA,NA,NA
194,DPP4I main_SGLT2I main_Malignant thyroid tumor,VA-OMOP_20230411,0,77503,522110,0,0,0,0,0,0,0,0,0,0,0,NA,NA,NA,NA
194,DPP4I main_SGLT2I main_Malignant thyroid tumor,Japan_Claims_20230215,0,44250,128600,0,0,0,0,0,0,0,0,0,0,0,NA,NA,NA,NA
194,DPP4I main_SGLT2I main_Malignant thyroid tumor,UK_IMRD_THIN_20221230,0,40675,76320,0,0,0,0,0,0,0,0,0,0,0,NA,NA,NA,NA
194,DPP4I main_SGLT2I main_Malignant thyroid tumor,truven_mdcd_2359_20230215,0,36976,171320,0,0,0,0,0,0,0,0,0,0,0,NA,NA,NA,NA
194,DPP4I main_SGLT2I main_Malignant thyroid tumor,IQVIA_Germany_DA_20230124,0,36211,177780,0,0,0,0,0,0,0,0,0,0,0,NA,NA,NA,NA
194,DPP4I main_SGLT2I main_Malignant thyroid tumor,UK_IMRD_EMIS_20230215,0,16790,38460,0,0,0,0,0,0,0,0,0,0,0,NA,NA,NA,NA
194,DPP4I main_SGLT2I main_Malignant thyroid tumor,LPD_Spain_20220704,0,10616,33650,0,0,0,0,0,0,0,0,0,0,0,NA,NA,NA,NA
194,DPP4I main_SGLT2I main_Malignant thyroid tumor,JHM_OMOP_20230406,0,7300,19650,0,0,0,0,0,0,0,0,0,0,0,NA,NA,NA,NA
194,DPP4I main_SGLT2I main_Malignant thyroid tumor,LPD_Italy_20221226,0,7179,15830,0,0,0,0,0,0,0,0,0,0,0,NA,NA,NA,NA
194,DPP4I main_SGLT2I main_Malignant thyroid tumor,US_Hospital_20230130,0,5983,31740,0,0,0,0,0,0,0,0,0,0,0,NA,NA,NA,NA
194,DPP4I main_SGLT2I main_Malignant thyroid tumor,France_LPD_20230118,0,5475,21290,0,0,0,0,0,0,0,0,0,0,0,NA,NA,NA,NA
194,DPP4I main_SGLT2I main_Malignant thyroid tumor,CUIMC_20221214,0,4366,37640,0,0,0,0,0,0,0,0,0,0,0,NA,NA,NA,NA
194,DPP4I main_SGLT2I main_Malignant thyroid tumor,Australia_EMR_20230317,0,2683,20240,0,0,0,0,0,0,0,0,0,0,0,NA,NA,NA,NA
194,DPP4I main_SGLT2I main_Malignant thyroid tumor,IQVIA_Belgium_LPD_20221006,0,2208,6490,0,0,0,0,0,0,0,0,0,0,0,NA,NA,NA,NA
194,DPP4I main_SGLT2I main_Malignant thyroid tumor,AUSOM_20220228,0,1500,6850,0,0,0,0,0,0,0,0,0,0,0,NA,NA,NA,NA
194,DPP4I main_SGLT2I main_Malignant thyroid tumor,TMUCRD_20210406,0,1475,10740,0,0,0,0,0,0,0,0,0,0,0,NA,NA,NA,NA
194,DPP4I main_SGLT2I main_Malignant thyroid tumor,IQVIA_France_DA_20230201,0,728,3130,0,0,0,0,0,0,0,0,0,0,0,NA,NA,NA,NA
194,DPP4I main_SGLT2I main_Malignant thyroid tumor,Japan_HIS_20220120,0,281,7370,0,0,0,0,0,0,0,0,0,0,0,NA,NA,NA,NA
194,DPP4I main_SGLT2I main_Malignant thyroid tumor,RED_CDM_Tufts_20221005,0,83,1360,0,0,0,0,0,0,0,0,0,0,0,NA,NA,NA,NA
194,DPP4I main_SGLT2I main_Malignant thyroid tumor,Keck_Upgraded_OMOP_v5_NA,1,69,370,0,0,0,0,0,0,0,0,0,0,0,NA,NA,NA,NA
194,DPP4I main_SGLT2I main_Malignant thyroid tumor,Klinicki_centar_Crne_Gore_20230101,1,10,50,0,0,0,0,0,0,0,0,0,0,0,NA,NA,NA,NA
194,DPP4I main_SGLT2I main_Malignant thyroid tumor,ktph_sg_NA,2,93,140,0,0,NA,0,0,0,0,0,0,1,0,NA,NA,NA,NA
194,DPP4I main_SGLT2I main_Malignant thyroid tumor,cdm_cds,2,0,0,0,0,0,0,0,0,0,0,1,0,0,NA,NA,NA,NA
194,DPP4I main_SGLT2I main_Malignant thyroid tumor,premier_2326_20230125,3,0,0,0,0,0,0,0,1,0,1,0,0,0,NA,NA,NA,NA
194,DPP4I main_SGLT2I main_Malignant thyroid tumor,ccpp_v54_20210101,5,0,0,0,0,0,0,0,0,0,1,1,1,1,NA,NA,NA,NA
194,DPP4I main_SGLT2I main_Malignant thyroid tumor,HKU-THIN,5,0,-12724481,1,0,NA,0,0,0,0,1,0,1,1,NA,NA,NA,NA
194,DPP4I main_SGLT2I main_Malignant thyroid tumor,omop_20190828,NA,NA,900220,NA,0,NA,0,0,NA,0,NA,0,NA,NA,NA,NA,NA,NA
195,DPP4I main_SU main_Malignant thyroid tumor,US_OPEN_CLAIMS_20230313,0,2984398,14070770,0,0,0,0,0,0,0,0,0,0,0,NA,NA,NA,NA
195,DPP4I main_SU main_Malignant thyroid tumor,truven_ccae_2324_20230201,0,626883,1477240,0,0,0,0,0,0,0,0,0,0,0,NA,NA,NA,NA
195,DPP4I main_SU main_Malignant thyroid tumor,optum_extended_dod_2323_20230201,0,599920,1319840,0,0,0,0,0,0,0,0,0,0,0,NA,NA,NA,NA
195,DPP4I main_SU main_Malignant thyroid tumor,optum_extended_ses_2327_20230204,0,599919,1319840,0,0,0,0,0,0,0,0,0,0,0,NA,NA,NA,NA
195,DPP4I main_SU main_Malignant thyroid tumor,US_PharMetrics_Plus_20230330,0,546343,1455410,0,0,0,0,0,0,0,0,0,0,0,NA,NA,NA,NA
195,DPP4I main_SU main_Malignant thyroid tumor,optum_ehr_2247_20221205,0,449949,1565820,0,0,0,0,0,0,0,0,0,0,0,NA,NA,NA,NA
195,DPP4I main_SU main_Malignant thyroid tumor,truven_mdcr_2322_20230127,0,388236,481750,0,0,0,0,0,0,0,0,0,0,0,NA,NA,NA,NA
195,DPP4I main_SU main_Malignant thyroid tumor,pmtx_202203_20220831,0,113907,307900,0,0,0,0,0,0,0,0,0,0,0,NA,NA,NA,NA
195,DPP4I main_SU main_Malignant thyroid tumor,jmdc_2325_20230126,0,93462,186980,0,0,0,0,0,0,0,0,0,0,0,NA,NA,NA,NA
195,DPP4I main_SU main_Malignant thyroid tumor,VA-OMOP_20230411,0,78282,527360,0,0,0,0,0,0,0,0,0,0,0,NA,NA,NA,NA
195,DPP4I main_SU main_Malignant thyroid tumor,Japan_Claims_20230215,0,63264,183860,0,0,0,0,0,0,0,0,0,0,0,NA,NA,NA,NA
195,DPP4I main_SU main_Malignant thyroid tumor,US_Hospital_20230130,0,62779,333060,0,0,0,0,0,0,0,0,0,0,0,NA,NA,NA,NA
195,DPP4I main_SU main_Malignant thyroid tumor,truven_mdcd_2359_20230215,0,53891,249690,0,0,0,0,0,0,0,0,0,0,0,NA,NA,NA,NA
195,DPP4I main_SU main_Malignant thyroid tumor,UK_IMRD_THIN_20221230,0,46223,86730,0,0,0,0,0,0,0,0,0,0,0,NA,NA,NA,NA
195,DPP4I main_SU main_Malignant thyroid tumor,IQVIA_Germany_DA_20230124,0,34376,168770,0,0,0,0,0,0,0,0,0,0,0,NA,NA,NA,NA
195,DPP4I main_SU main_Malignant thyroid tumor,France_LPD_20230118,0,17967,69870,0,0,0,0,0,0,0,0,0,0,0,NA,NA,NA,NA
195,DPP4I main_SU main_Malignant thyroid tumor,LPD_Italy_20221226,0,15674,34560,0,0,0,0,0,0,0,0,0,0,0,NA,NA,NA,NA
195,DPP4I main_SU main_Malignant thyroid tumor,UK_IMRD_EMIS_20230215,0,12232,28020,0,0,0,0,0,0,0,0,0,0,0,NA,NA,NA,NA
195,DPP4I main_SU main_Malignant thyroid tumor,IQVIA_France_DA_20230201,0,8245,35460,0,0,0,0,0,0,0,0,0,0,0,NA,NA,NA,NA
195,DPP4I main_SU main_Malignant thyroid tumor,AUSOM_20220228,0,7616,34770,0,0,0,0,0,0,0,0,0,0,0,NA,NA,NA,NA
195,DPP4I main_SU main_Malignant thyroid tumor,JHM_OMOP_20230406,0,7300,19650,0,0,0,0,0,0,0,0,0,0,0,NA,NA,NA,NA
195,DPP4I main_SU main_Malignant thyroid tumor,TMUCRD_20210406,0,7245,52740,0,0,0,0,0,0,0,0,0,0,0,NA,NA,NA,NA
195,DPP4I main_SU main_Malignant thyroid tumor,CUIMC_20221214,0,7067,60920,0,0,0,0,0,0,0,0,0,0,0,NA,NA,NA,NA
195,DPP4I main_SU main_Malignant thyroid tumor,LPD_Spain_20220704,0,6161,19530,0,0,0,0,0,0,0,0,0,0,0,NA,NA,NA,NA
195,DPP4I main_SU main_Malignant thyroid tumor,IQVIA_Belgium_LPD_20221006,0,1773,5210,0,0,0,0,0,0,0,0,0,0,0,NA,NA,NA,NA
195,DPP4I main_SU main_Malignant thyroid tumor,Keck_Upgraded_OMOP_v5_NA,0,1700,9120,0,0,0,0,0,0,0,0,0,0,0,NA,NA,NA,NA
195,DPP4I main_SU main_Malignant thyroid tumor,Australia_EMR_20230317,0,586,4420,0,0,0,0,0,0,0,0,0,0,0,NA,NA,NA,NA
195,DPP4I main_SU main_Malignant thyroid tumor,Japan_HIS_20220120,0,449,11790,0,0,0,0,0,0,0,0,0,0,0,NA,NA,NA,NA
195,DPP4I main_SU main_Malignant thyroid tumor,RED_CDM_Tufts_20221005,0,113,1860,0,0,0,0,0,0,0,0,0,0,0,NA,NA,NA,NA
195,DPP4I main_SU main_Malignant thyroid tumor,premier_2326_20230125,1,6525,914680,0,0,0,0,0,1,0,0,0,0,0,NA,NA,NA,NA
195,DPP4I main_SU main_Malignant thyroid tumor,ktph_sg_NA,2,578,870,0,0,NA,0,0,0,0,0,0,1,0,NA,NA,NA,NA
195,DPP4I main_SU main_Malignant thyroid tumor,Klinicki_centar_Crne_Gore_20230101,2,0,0,0,0,0,0,0,0,0,1,0,0,0,NA,NA,NA,NA
195,DPP4I main_SU main_Malignant thyroid tumor,cdm_cds,2,0,0,0,0,0,0,0,0,0,0,1,0,0,NA,NA,NA,NA
195,DPP4I main_SU main_Malignant thyroid tumor,ccpp_v54_20210101,5,0,0,0,0,0,0,0,0,0,1,1,1,1,NA,NA,NA,NA
195,DPP4I main_SU main_Malignant thyroid tumor,HKU-THIN,5,0,-12724481,1,0,NA,0,0,0,0,1,0,1,1,NA,NA,NA,NA
195,DPP4I main_SU main_Malignant thyroid tumor,omop_20190828,NA,NA,900220,NA,0,NA,0,0,NA,0,NA,0,NA,NA,NA,NA,NA,NA
196,GLP1RA main_SGLT2I main_Malignant thyroid tumor,US_OPEN_CLAIMS_20230313,0,2797753,13190780,0,0,0,0,0,0,0,0,0,0,0,NA,NA,NA,NA
196,GLP1RA main_SGLT2I main_Malignant thyroid tumor,US_PharMetrics_Plus_20230330,0,603199,1606870,0,0,0,0,0,0,0,0,0,0,0,NA,NA,NA,NA
196,GLP1RA main_SGLT2I main_Malignant thyroid tumor,optum_extended_ses_2327_20230204,0,433598,953930,0,0,0,0,0,0,0,0,0,0,0,NA,NA,NA,NA
196,GLP1RA main_SGLT2I main_Malignant thyroid tumor,optum_extended_dod_2323_20230201,0,433595,953920,0,0,0,0,0,0,0,0,0,0,0,NA,NA,NA,NA
196,GLP1RA main_SGLT2I main_Malignant thyroid tumor,truven_ccae_2324_20230201,0,397219,936040,0,0,0,0,0,0,0,0,0,0,0,NA,NA,NA,NA
196,GLP1RA main_SGLT2I main_Malignant thyroid tumor,optum_ehr_2247_20221205,0,262584,913790,0,0,0,0,0,0,0,0,0,0,0,NA,NA,NA,NA
196,GLP1RA main_SGLT2I main_Malignant thyroid tumor,truven_mdcr_2322_20230127,0,120964,150100,0,0,0,0,0,0,0,0,0,0,0,NA,NA,NA,NA
196,GLP1RA main_SGLT2I main_Malignant thyroid tumor,pmtx_202203_20220831,0,108591,293530,0,0,0,0,0,0,0,0,0,0,0,NA,NA,NA,NA
196,GLP1RA main_SGLT2I main_Malignant thyroid tumor,VA-OMOP_20230411,0,74531,502090,0,0,0,0,0,0,0,0,0,0,0,NA,NA,NA,NA
196,GLP1RA main_SGLT2I main_Malignant thyroid tumor,truven_mdcd_2359_20230215,0,36976,171320,0,0,0,0,0,0,0,0,0,0,0,NA,NA,NA,NA
196,GLP1RA main_SGLT2I main_Malignant thyroid tumor,UK_IMRD_THIN_20221230,0,32984,61890,0,0,0,0,0,0,0,0,0,0,0,NA,NA,NA,NA
196,GLP1RA main_SGLT2I main_Malignant thyroid tumor,IQVIA_Germany_DA_20230124,0,25687,126110,0,0,0,0,0,0,0,0,0,0,0,NA,NA,NA,NA
196,GLP1RA main_SGLT2I main_Malignant thyroid tumor,jmdc_2325_20230126,0,15225,30460,0,0,0,0,0,0,0,0,0,0,0,NA,NA,NA,NA
196,GLP1RA main_SGLT2I main_Malignant thyroid tumor,UK_IMRD_EMIS_20230215,0,13027,29840,0,0,0,0,0,0,0,0,0,0,0,NA,NA,NA,NA
196,GLP1RA main_SGLT2I main_Malignant thyroid tumor,Japan_Claims_20230215,0,10987,31930,0,0,0,0,0,0,0,0,0,0,0,NA,NA,NA,NA
196,GLP1RA main_SGLT2I main_Malignant thyroid tumor,JHM_OMOP_20230406,0,7898,21260,0,0,0,0,0,0,0,0,0,0,0,NA,NA,NA,NA
196,GLP1RA main_SGLT2I main_Malignant thyroid tumor,LPD_Italy_20221226,0,7179,15830,0,0,0,0,0,0,0,0,0,0,0,NA,NA,NA,NA
196,GLP1RA main_SGLT2I main_Malignant thyroid tumor,France_LPD_20230118,0,5475,21290,0,0,0,0,0,0,0,0,0,0,0,NA,NA,NA,NA
196,GLP1RA main_SGLT2I main_Malignant thyroid tumor,CUIMC_20221214,0,4366,37640,0,0,0,0,0,0,0,0,0,0,0,NA,NA,NA,NA
196,GLP1RA main_SGLT2I main_Malignant thyroid tumor,LPD_Spain_20220704,0,3795,12030,0,0,0,0,0,0,0,0,0,0,0,NA,NA,NA,NA
196,GLP1RA main_SGLT2I main_Malignant thyroid tumor,US_Hospital_20230130,0,2639,14000,0,0,0,0,0,0,0,0,0,0,0,NA,NA,NA,NA
196,GLP1RA main_SGLT2I main_Malignant thyroid tumor,IQVIA_Belgium_LPD_20221006,0,2208,6490,0,0,0,0,0,0,0,0,0,0,0,NA,NA,NA,NA
196,GLP1RA main_SGLT2I main_Malignant thyroid tumor,Australia_EMR_20230317,0,835,6300,0,0,0,0,0,0,0,0,0,0,0,NA,NA,NA,NA
196,GLP1RA main_SGLT2I main_Malignant thyroid tumor,IQVIA_France_DA_20230201,0,728,3130,0,0,0,0,0,0,0,0,0,0,0,NA,NA,NA,NA
196,GLP1RA main_SGLT2I main_Malignant thyroid tumor,AUSOM_20220228,0,699,3190,0,0,0,0,0,0,0,0,0,0,0,NA,NA,NA,NA
196,GLP1RA main_SGLT2I main_Malignant thyroid tumor,TMUCRD_20210406,0,433,3150,0,0,0,0,0,0,0,0,0,0,0,NA,NA,NA,NA
196,GLP1RA main_SGLT2I main_Malignant thyroid tumor,Japan_HIS_20220120,0,108,2830,0,0,0,0,0,0,0,0,0,0,0,NA,NA,NA,NA
196,GLP1RA main_SGLT2I main_Malignant thyroid tumor,RED_CDM_Tufts_20221005,0,83,1360,0,0,0,0,0,0,0,0,0,0,0,NA,NA,NA,NA
196,GLP1RA main_SGLT2I main_Malignant thyroid tumor,Keck_Upgraded_OMOP_v5_NA,1,15,80,0,0,0,0,0,0,0,0,0,0,0,NA,NA,NA,NA
196,GLP1RA main_SGLT2I main_Malignant thyroid tumor,ktph_sg_NA,2,13,20,0,0,NA,0,0,0,0,0,0,1,0,NA,NA,NA,NA
196,GLP1RA main_SGLT2I main_Malignant thyroid tumor,Klinicki_centar_Crne_Gore_20230101,2,0,0,0,0,0,0,0,0,0,0,0,0,1,NA,NA,NA,NA
196,GLP1RA main_SGLT2I main_Malignant thyroid tumor,cdm_cds,2,0,0,0,0,0,0,0,0,0,0,1,0,0,NA,NA,NA,NA
196,GLP1RA main_SGLT2I main_Malignant thyroid tumor,premier_2326_20230125,4,0,0,0,0,0,0,0,1,0,1,0,0,1,NA,NA,NA,NA
196,GLP1RA main_SGLT2I main_Malignant thyroid tumor,ccpp_v54_20210101,5,0,0,0,0,0,0,0,0,0,1,1,1,1,NA,NA,NA,NA
196,GLP1RA main_SGLT2I main_Malignant thyroid tumor,HKU-THIN,5,0,-12724481,1,0,NA,0,0,0,0,1,0,1,1,NA,NA,NA,NA
196,GLP1RA main_SGLT2I main_Malignant thyroid tumor,omop_20190828,NA,NA,48480,NA,0,NA,0,0,NA,0,NA,0,NA,0,NA,NA,NA,NA
197,GLP1RA main_SU main_Malignant thyroid tumor,US_OPEN_CLAIMS_20230313,0,4114327,19398130,0,0,0,0,0,0,0,0,0,0,0,NA,NA,NA,NA
197,GLP1RA main_SU main_Malignant thyroid tumor,US_PharMetrics_Plus_20230330,0,845464,2252240,0,0,0,0,0,0,0,0,0,0,0,NA,NA,NA,NA
197,GLP1RA main_SU main_Malignant thyroid tumor,truven_ccae_2324_20230201,0,772045,1819310,0,0,0,0,0,0,0,0,0,0,0,NA,NA,NA,NA
197,GLP1RA main_SU main_Malignant thyroid tumor,optum_extended_dod_2323_20230201,0,652061,1434550,0,0,0,0,0,0,0,0,0,0,0,NA,NA,NA,NA
197,GLP1RA main_SU main_Malignant thyroid tumor,optum_extended_ses_2327_20230204,0,652050,1434530,0,0,0,0,0,0,0,0,0,0,0,NA,NA,NA,NA
197,GLP1RA main_SU main_Malignant thyroid tumor,optum_ehr_2247_20221205,0,381202,1326580,0,0,0,0,0,0,0,0,0,0,0,NA,NA,NA,NA
197,GLP1RA main_SU main_Malignant thyroid tumor,truven_mdcr_2322_20230127,0,193421,240010,0,0,0,0,0,0,0,0,0,0,0,NA,NA,NA,NA
197,GLP1RA main_SU main_Malignant thyroid tumor,pmtx_202203_20220831,0,145186,392450,0,0,0,0,0,0,0,0,0,0,0,NA,NA,NA,NA
197,GLP1RA main_SU main_Malignant thyroid tumor,VA-OMOP_20230411,0,74531,502090,0,0,0,0,0,0,0,0,0,0,0,NA,NA,NA,NA
197,GLP1RA main_SU main_Malignant thyroid tumor,truven_mdcd_2359_20230215,0,58097,269180,0,0,0,0,0,0,0,0,0,0,0,NA,NA,NA,NA
197,GLP1RA main_SU main_Malignant thyroid tumor,UK_IMRD_THIN_20221230,0,32984,61890,0,0,0,0,0,0,0,0,0,0,0,NA,NA,NA,NA
197,GLP1RA main_SU main_Malignant thyroid tumor,IQVIA_Germany_DA_20230124,0,25687,126110,0,0,0,0,0,0,0,0,0,0,0,NA,NA,NA,NA
197,GLP1RA main_SU main_Malignant thyroid tumor,France_LPD_20230118,0,17967,69870,0,0,0,0,0,0,0,0,0,0,0,NA,NA,NA,NA
197,GLP1RA main_SU main_Malignant thyroid tumor,jmdc_2325_20230126,0,15225,30460,0,0,0,0,0,0,0,0,0,0,0,NA,NA,NA,NA
197,GLP1RA main_SU main_Malignant thyroid tumor,UK_IMRD_EMIS_20230215,0,12232,28020,0,0,0,0,0,0,0,0,0,0,0,NA,NA,NA,NA
197,GLP1RA main_SU main_Malignant thyroid tumor,JHM_OMOP_20230406,0,11569,31140,0,0,0,0,0,0,0,0,0,0,0,NA,NA,NA,NA
197,GLP1RA main_SU main_Malignant thyroid tumor,Japan_Claims_20230215,0,10987,31930,0,0,0,0,0,0,0,0,0,0,0,NA,NA,NA,NA
197,GLP1RA main_SU main_Malignant thyroid tumor,LPD_Italy_20221226,0,8350,18410,0,0,0,0,0,0,0,0,0,0,0,NA,NA,NA,NA
197,GLP1RA main_SU main_Malignant thyroid tumor,CUIMC_20221214,0,6690,57670,0,0,0,0,0,0,0,0,0,0,0,NA,NA,NA,NA
197,GLP1RA main_SU main_Malignant thyroid tumor,IQVIA_France_DA_20230201,0,5799,24940,0,0,0,0,0,0,0,0,0,0,0,NA,NA,NA,NA
197,GLP1RA main_SU main_Malignant thyroid tumor,LPD_Spain_20220704,0,3795,12030,0,0,0,0,0,0,0,0,0,0,0,NA,NA,NA,NA
197,GLP1RA main_SU main_Malignant thyroid tumor,US_Hospital_20230130,0,2639,14000,0,0,0,0,0,0,0,0,0,0,0,NA,NA,NA,NA
197,GLP1RA main_SU main_Malignant thyroid tumor,IQVIA_Belgium_LPD_20221006,0,1773,5210,0,0,0,0,0,0,0,0,0,0,0,NA,NA,NA,NA
197,GLP1RA main_SU main_Malignant thyroid tumor,AUSOM_20220228,0,699,3190,0,0,0,0,0,0,0,0,0,0,0,NA,NA,NA,NA
197,GLP1RA main_SU main_Malignant thyroid tumor,Australia_EMR_20230317,0,586,4420,0,0,0,0,0,0,0,0,0,0,0,NA,NA,NA,NA
197,GLP1RA main_SU main_Malignant thyroid tumor,TMUCRD_20210406,0,433,3150,0,0,0,0,0,0,0,0,0,0,0,NA,NA,NA,NA
197,GLP1RA main_SU main_Malignant thyroid tumor,RED_CDM_Tufts_20221005,0,132,2180,0,0,0,0,0,0,0,0,0,0,0,NA,NA,NA,NA
197,GLP1RA main_SU main_Malignant thyroid tumor,Japan_HIS_20220120,0,108,2830,0,0,0,0,0,0,0,0,0,0,0,NA,NA,NA,NA
197,GLP1RA main_SU main_Malignant thyroid tumor,Keck_Upgraded_OMOP_v5_NA,1,15,80,0,0,0,0,0,0,0,0,0,0,0,NA,NA,NA,NA
197,GLP1RA main_SU main_Malignant thyroid tumor,ktph_sg_NA,2,13,20,0,0,NA,0,0,0,0,0,0,1,0,NA,NA,NA,NA
197,GLP1RA main_SU main_Malignant thyroid tumor,cdm_cds,2,0,0,0,0,0,0,0,0,0,0,1,0,0,NA,NA,NA,NA
197,GLP1RA main_SU main_Malignant thyroid tumor,Klinicki_centar_Crne_Gore_20230101,3,0,0,0,0,0,0,0,0,0,1,0,0,1,NA,NA,NA,NA
197,GLP1RA main_SU main_Malignant thyroid tumor,premier_2326_20230125,3,0,0,0,0,0,0,0,1,0,0,0,0,1,NA,NA,NA,NA
197,GLP1RA main_SU main_Malignant thyroid tumor,ccpp_v54_20210101,5,0,0,0,0,0,0,0,0,0,1,1,1,1,NA,NA,NA,NA
197,GLP1RA main_SU main_Malignant thyroid tumor,HKU-THIN,5,0,-12724481,1,0,NA,0,0,0,0,1,0,1,1,NA,NA,NA,NA
197,GLP1RA main_SU main_Malignant thyroid tumor,omop_20190828,NA,NA,48480,NA,0,NA,0,0,NA,0,NA,0,NA,0,NA,NA,NA,NA
198,SGLT2I main_SU main_Malignant thyroid tumor,US_OPEN_CLAIMS_20230313,0,2797753,13190780,0,0,0,0,0,0,0,0,0,0,0,NA,NA,NA,NA
198,SGLT2I main_SU main_Malignant thyroid tumor,US_PharMetrics_Plus_20230330,0,603199,1606870,0,0,0,0,0,0,0,0,0,0,0,NA,NA,NA,NA
198,SGLT2I main_SU main_Malignant thyroid tumor,optum_extended_ses_2327_20230204,0,433598,953930,0,0,0,0,0,0,0,0,0,0,0,NA,NA,NA,NA
198,SGLT2I main_SU main_Malignant thyroid tumor,optum_extended_dod_2323_20230201,0,433595,953920,0,0,0,0,0,0,0,0,0,0,0,NA,NA,NA,NA
198,SGLT2I main_SU main_Malignant thyroid tumor,truven_ccae_2324_20230201,0,397219,936040,0,0,0,0,0,0,0,0,0,0,0,NA,NA,NA,NA
198,SGLT2I main_SU main_Malignant thyroid tumor,optum_ehr_2247_20221205,0,262584,913790,0,0,0,0,0,0,0,0,0,0,0,NA,NA,NA,NA
198,SGLT2I main_SU main_Malignant thyroid tumor,truven_mdcr_2322_20230127,0,120964,150100,0,0,0,0,0,0,0,0,0,0,0,NA,NA,NA,NA
198,SGLT2I main_SU main_Malignant thyroid tumor,pmtx_202203_20220831,0,108591,293530,0,0,0,0,0,0,0,0,0,0,0,NA,NA,NA,NA
198,SGLT2I main_SU main_Malignant thyroid tumor,jmdc_2325_20230126,0,93462,186980,0,0,0,0,0,0,0,0,0,0,0,NA,NA,NA,NA
198,SGLT2I main_SU main_Malignant thyroid tumor,VA-OMOP_20230411,0,77503,522110,0,0,0,0,0,0,0,0,0,0,0,NA,NA,NA,NA
198,SGLT2I main_SU main_Malignant thyroid tumor,Japan_Claims_20230215,0,44250,128600,0,0,0,0,0,0,0,0,0,0,0,NA,NA,NA,NA
198,SGLT2I main_SU main_Malignant thyroid tumor,UK_IMRD_THIN_20221230,0,40675,76320,0,0,0,0,0,0,0,0,0,0,0,NA,NA,NA,NA
198,SGLT2I main_SU main_Malignant thyroid tumor,truven_mdcd_2359_20230215,0,36976,171320,0,0,0,0,0,0,0,0,0,0,0,NA,NA,NA,NA
198,SGLT2I main_SU main_Malignant thyroid tumor,IQVIA_Germany_DA_20230124,0,34376,168770,0,0,0,0,0,0,0,0,0,0,0,NA,NA,NA,NA
198,SGLT2I main_SU main_Malignant thyroid tumor,UK_IMRD_EMIS_20230215,0,12232,28020,0,0,0,0,0,0,0,0,0,0,0,NA,NA,NA,NA
198,SGLT2I main_SU main_Malignant thyroid tumor,JHM_OMOP_20230406,0,7898,21260,0,0,0,0,0,0,0,0,0,0,0,NA,NA,NA,NA
198,SGLT2I main_SU main_Malignant thyroid tumor,LPD_Italy_20221226,0,7179,15830,0,0,0,0,0,0,0,0,0,0,0,NA,NA,NA,NA
198,SGLT2I main_SU main_Malignant thyroid tumor,LPD_Spain_20220704,0,6161,19530,0,0,0,0,0,0,0,0,0,0,0,NA,NA,NA,NA
198,SGLT2I main_SU main_Malignant thyroid tumor,US_Hospital_20230130,0,5983,31740,0,0,0,0,0,0,0,0,0,0,0,NA,NA,NA,NA
198,SGLT2I main_SU main_Malignant thyroid tumor,France_LPD_20230118,0,5475,21290,0,0,0,0,0,0,0,0,0,0,0,NA,NA,NA,NA
198,SGLT2I main_SU main_Malignant thyroid tumor,CUIMC_20221214,0,4366,37640,0,0,0,0,0,0,0,0,0,0,0,NA,NA,NA,NA
198,SGLT2I main_SU main_Malignant thyroid tumor,IQVIA_Belgium_LPD_20221006,0,1773,5210,0,0,0,0,0,0,0,0,0,0,0,NA,NA,NA,NA
198,SGLT2I main_SU main_Malignant thyroid tumor,AUSOM_20220228,0,1500,6850,0,0,0,0,0,0,0,0,0,0,0,NA,NA,NA,NA
198,SGLT2I main_SU main_Malignant thyroid tumor,TMUCRD_20210406,0,1475,10740,0,0,0,0,0,0,0,0,0,0,0,NA,NA,NA,NA
198,SGLT2I main_SU main_Malignant thyroid tumor,IQVIA_France_DA_20230201,0,728,3130,0,0,0,0,0,0,0,0,0,0,0,NA,NA,NA,NA
198,SGLT2I main_SU main_Malignant thyroid tumor,Australia_EMR_20230317,0,586,4420,0,0,0,0,0,0,0,0,0,0,0,NA,NA,NA,NA
198,SGLT2I main_SU main_Malignant thyroid tumor,Japan_HIS_20220120,0,281,7370,0,0,0,0,0,0,0,0,0,0,0,NA,NA,NA,NA
198,SGLT2I main_SU main_Malignant thyroid tumor,RED_CDM_Tufts_20221005,0,83,1360,0,0,0,0,0,0,0,0,0,0,0,NA,NA,NA,NA
198,SGLT2I main_SU main_Malignant thyroid tumor,Keck_Upgraded_OMOP_v5_NA,1,69,370,0,0,0,0,0,0,0,0,0,0,0,NA,NA,NA,NA
198,SGLT2I main_SU main_Malignant thyroid tumor,ktph_sg_NA,2,93,140,0,0,NA,0,0,0,0,0,0,1,0,NA,NA,NA,NA
198,SGLT2I main_SU main_Malignant thyroid tumor,Klinicki_centar_Crne_Gore_20230101,2,0,0,0,0,0,0,0,0,0,1,0,0,0,NA,NA,NA,NA
198,SGLT2I main_SU main_Malignant thyroid tumor,cdm_cds,2,0,0,0,0,0,0,0,0,0,0,1,0,0,NA,NA,NA,NA
198,SGLT2I main_SU main_Malignant thyroid tumor,premier_2326_20230125,3,0,0,0,0,0,0,0,1,0,0,0,0,1,NA,NA,NA,NA
198,SGLT2I main_SU main_Malignant thyroid tumor,ccpp_v54_20210101,5,0,0,0,0,0,0,0,0,0,1,1,1,1,NA,NA,NA,NA
198,SGLT2I main_SU main_Malignant thyroid tumor,HKU-THIN,5,0,-12724481,1,0,NA,0,0,0,0,1,0,1,1,NA,NA,NA,NA
198,SGLT2I main_SU main_Malignant thyroid tumor,omop_20190828,NA,NA,900220,NA,0,NA,0,0,NA,0,NA,0,NA,NA,NA,NA,NA,NA
